{
"type": "FeatureCollection",
"name": "data_tracts",
"crs": { "type": "name", "properties": { "name": "urn:ogc:def:crs:OGC:1.3:CRS84" } },
"features": [
{ "type": "Feature", "properties": { "GEOID": "41051000802", "NAMELSAD": "Census Tract 8.02", "area_sqmi": 0.51395660112730834, "total_bike_miles": 2.675, "num_segments": 60, "bike_density": 5.21, "total_pop": 4772, "pop_white": 3812, "pop_black": 95, "pop_asian": 159, "pop_hispanic": 0, "pct_white": 79.9, "pct_nonwhite": 20.1, "pct_black": 2.0, "pct_asian": 3.3, "pct_hispanic": 0.0, "median_income": 93116.0 }, "geometry": { "type": "Polygon", "coordinates": [ [ [ -122.622743, 45.490555 ], [ -122.622678, 45.490709 ], [ -122.622654, 45.490993 ], [ -122.622642, 45.491678 ], [ -122.62264, 45.492364 ], [ -122.622637, 45.493331 ], [ -122.622636, 45.494058 ], [ -122.622636, 45.494758 ], [ -122.622633, 45.496069 ], [ -122.622597, 45.497185 ], [ -122.622602, 45.497335 ], [ -122.62076, 45.497444 ], [ -122.61989, 45.497491 ], [ -122.618877, 45.497547 ], [ -122.618523, 45.497547 ], [ -122.61808, 45.497542 ], [ -122.616352, 45.497539 ], [ -122.614547, 45.497536 ], [ -122.613641, 45.497534 ], [ -122.613511, 45.497534 ], [ -122.612603, 45.497526 ], [ -122.611352, 45.497508 ], [ -122.610109, 45.497488 ], [ -122.60905, 45.497487 ], [ -122.608044, 45.497476 ], [ -122.607105, 45.497482 ], [ -122.606053, 45.497476 ], [ -122.605045, 45.497478 ], [ -122.60449, 45.497473 ], [ -122.604074, 45.497467 ], [ -122.603074, 45.497473 ], [ -122.601841, 45.497468 ], [ -122.601779, 45.497386 ], [ -122.601769, 45.496802 ], [ -122.601769, 45.496539 ], [ -122.601769, 45.496086 ], [ -122.601768, 45.495852 ], [ -122.601771, 45.495424 ], [ -122.601768, 45.49517 ], [ -122.601769, 45.494534 ], [ -122.601768, 45.493849 ], [ -122.601768, 45.493163 ], [ -122.601788, 45.492346 ], [ -122.601957, 45.492189 ], [ -122.60113, 45.491754 ], [ -122.601074, 45.491725 ], [ -122.600615, 45.491446 ], [ -122.600362, 45.491306 ], [ -122.599469, 45.490793 ], [ -122.598934, 45.490536 ], [ -122.598688, 45.490434 ], [ -122.598388, 45.490325 ], [ -122.59864, 45.490271 ], [ -122.598981, 45.490263 ], [ -122.599963, 45.490272 ], [ -122.600827, 45.490274 ], [ -122.601306, 45.490275 ], [ -122.602569, 45.490278 ], [ -122.603658, 45.490279 ], [ -122.603934, 45.490275 ], [ -122.604713, 45.490283 ], [ -122.605683, 45.490286 ], [ -122.606776, 45.490288 ], [ -122.607862, 45.490291 ], [ -122.608994, 45.490297 ], [ -122.609991, 45.4903 ], [ -122.610169, 45.490307 ], [ -122.610965, 45.4903 ], [ -122.61194, 45.4903 ], [ -122.612915, 45.4903 ], [ -122.61389, 45.490299 ], [ -122.614866, 45.490292 ], [ -122.61584, 45.490292 ], [ -122.616815, 45.490292 ], [ -122.617804, 45.490294 ], [ -122.618977, 45.490296 ], [ -122.619484, 45.490296 ], [ -122.62176, 45.490293 ], [ -122.622763, 45.490295 ], [ -122.622743, 45.490555 ] ] ] } },
{ "type": "Feature", "properties": { "GEOID": "41051010200", "NAMELSAD": "Census Tract 102", "area_sqmi": 16.382761290937591, "total_bike_miles": 8.082, "num_segments": 17, "bike_density": 0.49, "total_pop": 7534, "pop_white": 2937, "pop_black": 971, "pop_asian": 217, "pop_hispanic": 0, "pct_white": 39.0, "pct_nonwhite": 61.0, "pct_black": 12.9, "pct_asian": 2.9, "pct_hispanic": 0.0, "median_income": 81019.0 }, "geometry": { "type": "Polygon", "coordinates": [ [ [ -122.586609, 45.598658 ], [ -122.586596, 45.598793 ], [ -122.586551, 45.599243 ], [ -122.586006, 45.60474 ], [ -122.583126, 45.604239 ], [ -122.582326, 45.6041 ], [ -122.582251, 45.604087 ], [ -122.581406, 45.60394 ], [ -122.561005, 45.59944 ], [ -122.553317, 45.597904 ], [ -122.551279, 45.597443 ], [ -122.550325, 45.597269 ], [ -122.550222, 45.597245 ], [ -122.550183, 45.597236 ], [ -122.54995, 45.597182 ], [ -122.54972, 45.597128 ], [ -122.549448, 45.597064 ], [ -122.549077, 45.596978 ], [ -122.547841, 45.59669 ], [ -122.545959, 45.596213 ], [ -122.545876, 45.596192 ], [ -122.545786, 45.596165 ], [ -122.54434, 45.595738 ], [ -122.539859, 45.594415 ], [ -122.523668, 45.589632 ], [ -122.505332, 45.586033 ], [ -122.504337, 45.585823 ], [ -122.504212, 45.585797 ], [ -122.503092, 45.585561 ], [ -122.499552, 45.584816 ], [ -122.496013, 45.584071 ], [ -122.495111, 45.583881 ], [ -122.494208, 45.583691 ], [ -122.492259, 45.58328 ], [ -122.491903, 45.583184 ], [ -122.48993, 45.58265 ], [ -122.486883, 45.581825 ], [ -122.483478, 45.580882 ], [ -122.481395, 45.580305 ], [ -122.479315, 45.579761 ], [ -122.47577, 45.578681 ], [ -122.475059, 45.578465 ], [ -122.474977, 45.578432 ], [ -122.474659, 45.578305 ], [ -122.473491, 45.577713 ], [ -122.472339, 45.577153 ], [ -122.471852, 45.576895 ], [ -122.470952, 45.576419 ], [ -122.470868, 45.576375 ], [ -122.467923, 45.574817 ], [ -122.463939, 45.572737 ], [ -122.459555, 45.570417 ], [ -122.455994, 45.568485 ], [ -122.455545, 45.568241 ], [ -122.455427, 45.568176 ], [ -122.455243, 45.568074 ], [ -122.455166, 45.568032 ], [ -122.454824, 45.567844 ], [ -122.454602, 45.567721 ], [ -122.454035, 45.567408 ], [ -122.453891, 45.567312 ], [ -122.442377, 45.564492 ], [ -122.441318, 45.564232 ], [ -122.441062, 45.564169 ], [ -122.439409, 45.563765 ], [ -122.438949, 45.563652 ], [ -122.438674, 45.563585 ], [ -122.438596, 45.563597 ], [ -122.438563, 45.563602 ], [ -122.434684, 45.564188 ], [ -122.418354, 45.566657 ], [ -122.418162, 45.566513 ], [ -122.417734, 45.566577 ], [ -122.416929, 45.566697 ], [ -122.410706, 45.567633 ], [ -122.408789, 45.568321 ], [ -122.404996, 45.569681 ], [ -122.401202, 45.571041 ], [ -122.398025, 45.566967 ], [ -122.397184, 45.565892 ], [ -122.396872, 45.565489 ], [ -122.396475, 45.565047 ], [ -122.395125, 45.564366 ], [ -122.394378, 45.563573 ], [ -122.393895, 45.562972 ], [ -122.392504, 45.561391 ], [ -122.391685, 45.561076 ], [ -122.388686, 45.559921 ], [ -122.388454, 45.559832 ], [ -122.387341, 45.559551 ], [ -122.383392, 45.557418 ], [ -122.383204, 45.557316 ], [ -122.383073, 45.557201 ], [ -122.381897, 45.556169 ], [ -122.381663, 45.555864 ], [ -122.381444, 45.554983 ], [ -122.382322, 45.553911 ], [ -122.382597, 45.553606 ], [ -122.383148, 45.553157 ], [ -122.385048, 45.551886 ], [ -122.385791, 45.55086 ], [ -122.386576, 45.54904 ], [ -122.386609, 45.548752 ], [ -122.386647, 45.548426 ], [ -122.386676, 45.54817 ], [ -122.386686, 45.548091 ], [ -122.386695, 45.548018 ], [ -122.386717, 45.547835 ], [ -122.386736, 45.547681 ], [ -122.385986, 45.546309 ], [ -122.385542, 45.544884 ], [ -122.385523, 45.544604 ], [ -122.385728, 45.544618 ], [ -122.385824, 45.544624 ], [ -122.385836, 45.544736 ], [ -122.385837, 45.544752 ], [ -122.385865, 45.544805 ], [ -122.385869, 45.544862 ], [ -122.385882, 45.544905 ], [ -122.385995, 45.544912 ], [ -122.386509, 45.544942 ], [ -122.387878, 45.545014 ], [ -122.390943, 45.545175 ], [ -122.393184, 45.54517 ], [ -122.395312, 45.54508 ], [ -122.400492, 45.5448 ], [ -122.40078, 45.544788 ], [ -122.402266, 45.544719 ], [ -122.404942, 45.544423 ], [ -122.405221, 45.544371 ], [ -122.406023, 45.544195 ], [ -122.40617, 45.544161 ], [ -122.40639, 45.544099 ], [ -122.406532, 45.54405 ], [ -122.407597, 45.543615 ], [ -122.40777, 45.543555 ], [ -122.408644, 45.543233 ], [ -122.408777, 45.543185 ], [ -122.410559, 45.542536 ], [ -122.410787, 45.542451 ], [ -122.411608, 45.54211 ], [ -122.411713, 45.542071 ], [ -122.412761, 45.541677 ], [ -122.414337, 45.541116 ], [ -122.414893, 45.540847 ], [ -122.415543, 45.540623 ], [ -122.416324, 45.540379 ], [ -122.417226, 45.540184 ], [ -122.41827, 45.539974 ], [ -122.419637, 45.539877 ], [ -122.421373, 45.539857 ], [ -122.422257, 45.539956 ], [ -122.422747, 45.540027 ], [ -122.423437, 45.540143 ], [ -122.423767, 45.540223 ], [ -122.423848, 45.540243 ], [ -122.423968, 45.540255 ], [ -122.424056, 45.540263 ], [ -122.424146, 45.540269 ], [ -122.424661, 45.540366 ], [ -122.425074, 45.540453 ], [ -122.425688, 45.540629 ], [ -122.42612, 45.540752 ], [ -122.42741, 45.541091 ], [ -122.42766, 45.541145 ], [ -122.428733, 45.541431 ], [ -122.429362, 45.541567 ], [ -122.430497, 45.541759 ], [ -122.431927, 45.541969 ], [ -122.432196, 45.541993 ], [ -122.432712, 45.542015 ], [ -122.433417, 45.54201 ], [ -122.433856, 45.541975 ], [ -122.434653, 45.541893 ], [ -122.435155, 45.541798 ], [ -122.435751, 45.541693 ], [ -122.439298, 45.540752 ], [ -122.440364, 45.54043 ], [ -122.441243, 45.540233 ], [ -122.442014, 45.540082 ], [ -122.442772, 45.539948 ], [ -122.44286, 45.539936 ], [ -122.443446, 45.539857 ], [ -122.444279, 45.539728 ], [ -122.445591, 45.539585 ], [ -122.446437, 45.539524 ], [ -122.446831, 45.539495 ], [ -122.447715, 45.539436 ], [ -122.447896, 45.539439 ], [ -122.448314, 45.539446 ], [ -122.44894, 45.539457 ], [ -122.449132, 45.53946 ], [ -122.450351, 45.539452 ], [ -122.451689, 45.539444 ], [ -122.452931, 45.539494 ], [ -122.453349, 45.539511 ], [ -122.453372, 45.539512 ], [ -122.453418, 45.539514 ], [ -122.454695, 45.539653 ], [ -122.456651, 45.539865 ], [ -122.462214, 45.540557 ], [ -122.464287, 45.540815 ], [ -122.465066, 45.540912 ], [ -122.466139, 45.540952 ], [ -122.46614, 45.540776 ], [ -122.466142, 45.540243 ], [ -122.466319, 45.540243 ], [ -122.467062, 45.540311 ], [ -122.467502, 45.540356 ], [ -122.467936, 45.540426 ], [ -122.468362, 45.540521 ], [ -122.468784, 45.540625 ], [ -122.46931, 45.540839 ], [ -122.469651, 45.54097 ], [ -122.470107, 45.541101 ], [ -122.473238, 45.54213 ], [ -122.474005, 45.542439 ], [ -122.474705, 45.54263 ], [ -122.475574, 45.542789 ], [ -122.476276, 45.542837 ], [ -122.477312, 45.542854 ], [ -122.47734, 45.542853 ], [ -122.480873, 45.54271 ], [ -122.481513, 45.542695 ], [ -122.482094, 45.542687 ], [ -122.482149, 45.542702 ], [ -122.482577, 45.542714 ], [ -122.48588, 45.542726 ], [ -122.490709, 45.542726 ], [ -122.491921, 45.542725 ], [ -122.492351, 45.542725 ], [ -122.492935, 45.542725 ], [ -122.495732, 45.542725 ], [ -122.495826, 45.542795 ], [ -122.495825, 45.543104 ], [ -122.495825, 45.543209 ], [ -122.495824, 45.543342 ], [ -122.495822, 45.543841 ], [ -122.49582, 45.544356 ], [ -122.495772, 45.544913 ], [ -122.495882, 45.545595 ], [ -122.495937, 45.546106 ], [ -122.496015, 45.546818 ], [ -122.496014, 45.547241 ], [ -122.496012, 45.548163 ], [ -122.49591, 45.548258 ], [ -122.495972, 45.549517 ], [ -122.496219, 45.549568 ], [ -122.497092, 45.54973 ], [ -122.497592, 45.549816 ], [ -122.49807, 45.549909 ], [ -122.498575, 45.550025 ], [ -122.49912, 45.550172 ], [ -122.50003, 45.550446 ], [ -122.500219, 45.550499 ], [ -122.500359, 45.550526 ], [ -122.50077, 45.550605 ], [ -122.502362, 45.550911 ], [ -122.503616, 45.551168 ], [ -122.504776, 45.551396 ], [ -122.506103, 45.551657 ], [ -122.508323, 45.552052 ], [ -122.50952, 45.552274 ], [ -122.510305, 45.552411 ], [ -122.510307, 45.552621 ], [ -122.510307, 45.552666 ], [ -122.510306, 45.552834 ], [ -122.51031, 45.553631 ], [ -122.510299, 45.55459 ], [ -122.510304, 45.555345 ], [ -122.510299, 45.556577 ], [ -122.510296, 45.557571 ], [ -122.510295, 45.557631 ], [ -122.510295, 45.557658 ], [ -122.510294, 45.558218 ], [ -122.510274, 45.559154 ], [ -122.510265, 45.559555 ], [ -122.51026, 45.560835 ], [ -122.51025, 45.563203 ], [ -122.510328, 45.563692 ], [ -122.510079, 45.566122 ], [ -122.51003, 45.566604 ], [ -122.510016, 45.566722 ], [ -122.510003, 45.566841 ], [ -122.515914, 45.567808 ], [ -122.518804, 45.568155 ], [ -122.520715, 45.568386 ], [ -122.525688, 45.569012 ], [ -122.525896, 45.569039 ], [ -122.527982, 45.56985 ], [ -122.542743, 45.575868 ], [ -122.543354, 45.576085 ], [ -122.54417, 45.57645 ], [ -122.544668, 45.576673 ], [ -122.544739, 45.576704 ], [ -122.544811, 45.576734 ], [ -122.544886, 45.576756 ], [ -122.545473, 45.576927 ], [ -122.554315, 45.580684 ], [ -122.573306, 45.590222 ], [ -122.579482, 45.593402 ], [ -122.583508, 45.595673 ], [ -122.585069, 45.596553 ], [ -122.586204, 45.597193 ], [ -122.586726, 45.597488 ], [ -122.586609, 45.598658 ] ] ] } },
{ "type": "Feature", "properties": { "GEOID": "41051002401", "NAMELSAD": "Census Tract 24.01", "area_sqmi": 0.32513213099903793, "total_bike_miles": 0.602, "num_segments": 12, "bike_density": 1.85, "total_pop": 3175, "pop_white": 2347, "pop_black": 103, "pop_asian": 91, "pop_hispanic": 0, "pct_white": 73.9, "pct_nonwhite": 26.1, "pct_black": 3.2, "pct_asian": 2.9, "pct_hispanic": 0.0, "median_income": 196173.0 }, "geometry": { "type": "Polygon", "coordinates": [ [ [ -122.65859, 45.548267 ], [ -122.657665, 45.548258 ], [ -122.656689, 45.548256 ], [ -122.655713, 45.548253 ], [ -122.65497, 45.548251 ], [ -122.654737, 45.548251 ], [ -122.654455, 45.54825 ], [ -122.653761, 45.548248 ], [ -122.65344, 45.548247 ], [ -122.652785, 45.548246 ], [ -122.652425, 45.548245 ], [ -122.651809, 45.548243 ], [ -122.651411, 45.548242 ], [ -122.650397, 45.548241 ], [ -122.649382, 45.54824 ], [ -122.648328, 45.548238 ], [ -122.647273, 45.548237 ], [ -122.647284, 45.546712 ], [ -122.647294, 45.545171 ], [ -122.647304, 45.543635 ], [ -122.647315, 45.542072 ], [ -122.647325, 45.540508 ], [ -122.647335, 45.538972 ], [ -122.648389, 45.538976 ], [ -122.649444, 45.538982 ], [ -122.650458, 45.538987 ], [ -122.651473, 45.53899 ], [ -122.652488, 45.538992 ], [ -122.653502, 45.538995 ], [ -122.654517, 45.538999 ], [ -122.655532, 45.539002 ], [ -122.656547, 45.539005 ], [ -122.657562, 45.539009 ], [ -122.657552, 45.540545 ], [ -122.657542, 45.542109 ], [ -122.657532, 45.543672 ], [ -122.657522, 45.545209 ], [ -122.657517, 45.545994 ], [ -122.658567, 45.545998 ], [ -122.658565, 45.546369 ], [ -122.65856, 45.547161 ], [ -122.658556, 45.547893 ], [ -122.658554, 45.548192 ], [ -122.65859, 45.548267 ] ] ] } },
{ "type": "Feature", "properties": { "GEOID": "41051002402", "NAMELSAD": "Census Tract 24.02", "area_sqmi": 0.34805233318649609, "total_bike_miles": 3.129, "num_segments": 56, "bike_density": 8.99, "total_pop": 3443, "pop_white": 2642, "pop_black": 197, "pop_asian": 45, "pop_hispanic": 0, "pct_white": 76.7, "pct_nonwhite": 23.3, "pct_black": 5.7, "pct_asian": 1.3, "pct_hispanic": 0.0, "median_income": 63308.0 }, "geometry": { "type": "Polygon", "coordinates": [ [ [ -122.65759, 45.534349 ], [ -122.657585, 45.535061 ], [ -122.657581, 45.535774 ], [ -122.657578, 45.536487 ], [ -122.657572, 45.537474 ], [ -122.657562, 45.539009 ], [ -122.656547, 45.539005 ], [ -122.655532, 45.539002 ], [ -122.654517, 45.538999 ], [ -122.653502, 45.538995 ], [ -122.652488, 45.538992 ], [ -122.651473, 45.53899 ], [ -122.650458, 45.538987 ], [ -122.649444, 45.538982 ], [ -122.648389, 45.538976 ], [ -122.647335, 45.538972 ], [ -122.647346, 45.537441 ], [ -122.646643, 45.537438 ], [ -122.646649, 45.536451 ], [ -122.646654, 45.535738 ], [ -122.646659, 45.535027 ], [ -122.646663, 45.534316 ], [ -122.646671, 45.533599 ], [ -122.646676, 45.532886 ], [ -122.64668, 45.532173 ], [ -122.646685, 45.531459 ], [ -122.644851, 45.531456 ], [ -122.644844, 45.530787 ], [ -122.644846, 45.53028 ], [ -122.644846, 45.530179 ], [ -122.644847, 45.530129 ], [ -122.644849, 45.530057 ], [ -122.645412, 45.53003 ], [ -122.646463, 45.529979 ], [ -122.646923, 45.529957 ], [ -122.648137, 45.529858 ], [ -122.649382, 45.529613 ], [ -122.65356, 45.528521 ], [ -122.653568, 45.528757 ], [ -122.653574, 45.528918 ], [ -122.653583, 45.529015 ], [ -122.653623, 45.529077 ], [ -122.653923, 45.529193 ], [ -122.656529, 45.528479 ], [ -122.656558, 45.528638 ], [ -122.656564, 45.529396 ], [ -122.656574, 45.53004 ], [ -122.656574, 45.530059 ], [ -122.656595, 45.531383 ], [ -122.656587, 45.531493 ], [ -122.656567, 45.532479 ], [ -122.656588, 45.533626 ], [ -122.657595, 45.533627 ], [ -122.65759, 45.534349 ] ] ] } },
{ "type": "Feature", "properties": { "GEOID": "41051002501", "NAMELSAD": "Census Tract 25.01", "area_sqmi": 0.51668482848378039, "total_bike_miles": 1.445, "num_segments": 24, "bike_density": 2.8, "total_pop": 4645, "pop_white": 3871, "pop_black": 76, "pop_asian": 212, "pop_hispanic": 0, "pct_white": 83.3, "pct_nonwhite": 16.7, "pct_black": 1.6, "pct_asian": 4.6, "pct_hispanic": 0.0, "median_income": 207639.0 }, "geometry": { "type": "Polygon", "coordinates": [ [ [ -122.647325, 45.540508 ], [ -122.647315, 45.542072 ], [ -122.647304, 45.543635 ], [ -122.647294, 45.545171 ], [ -122.647284, 45.546712 ], [ -122.647273, 45.548237 ], [ -122.646256, 45.548236 ], [ -122.645244, 45.548234 ], [ -122.64419, 45.548233 ], [ -122.643136, 45.548232 ], [ -122.642121, 45.548231 ], [ -122.641107, 45.548229 ], [ -122.640092, 45.548231 ], [ -122.639077, 45.548234 ], [ -122.638062, 45.548237 ], [ -122.637048, 45.548239 ], [ -122.635918, 45.548242 ], [ -122.63476, 45.548246 ], [ -122.634492, 45.548246 ], [ -122.633736, 45.548248 ], [ -122.633012, 45.548249 ], [ -122.632723, 45.54825 ], [ -122.631708, 45.548252 ], [ -122.630693, 45.548255 ], [ -122.63069, 45.546736 ], [ -122.630689, 45.546015 ], [ -122.630688, 45.545282 ], [ -122.630686, 45.544639 ], [ -122.630683, 45.543638 ], [ -122.630679, 45.542062 ], [ -122.630677, 45.541116 ], [ -122.630677, 45.541034 ], [ -122.630675, 45.540118 ], [ -122.630669, 45.538973 ], [ -122.631531, 45.538973 ], [ -122.63239, 45.538972 ], [ -122.633249, 45.538966 ], [ -122.633367, 45.538961 ], [ -122.634479, 45.53896 ], [ -122.635455, 45.53896 ], [ -122.636701, 45.538958 ], [ -122.638138, 45.538957 ], [ -122.639114, 45.538957 ], [ -122.640109, 45.538957 ], [ -122.641145, 45.538955 ], [ -122.642182, 45.538955 ], [ -122.643197, 45.538959 ], [ -122.644251, 45.538962 ], [ -122.645305, 45.538966 ], [ -122.64632, 45.538969 ], [ -122.647335, 45.538972 ], [ -122.647325, 45.540508 ] ] ] } },
{ "type": "Feature", "properties": { "GEOID": "41051002502", "NAMELSAD": "Census Tract 25.02", "area_sqmi": 0.42962268541833598, "total_bike_miles": 3.012, "num_segments": 55, "bike_density": 7.01, "total_pop": 4368, "pop_white": 3222, "pop_black": 136, "pop_asian": 59, "pop_hispanic": 0, "pct_white": 73.8, "pct_nonwhite": 26.2, "pct_black": 3.1, "pct_asian": 1.4, "pct_hispanic": 0.0, "median_income": 91577.0 }, "geometry": { "type": "Polygon", "coordinates": [ [ [ -122.647335, 45.538972 ], [ -122.64632, 45.538969 ], [ -122.645305, 45.538966 ], [ -122.644251, 45.538962 ], [ -122.643197, 45.538959 ], [ -122.642182, 45.538955 ], [ -122.641145, 45.538955 ], [ -122.640109, 45.538957 ], [ -122.639114, 45.538957 ], [ -122.638138, 45.538957 ], [ -122.636701, 45.538958 ], [ -122.635455, 45.53896 ], [ -122.634479, 45.53896 ], [ -122.633367, 45.538961 ], [ -122.633249, 45.538966 ], [ -122.63239, 45.538972 ], [ -122.631531, 45.538973 ], [ -122.630669, 45.538973 ], [ -122.630671, 45.537782 ], [ -122.630667, 45.537093 ], [ -122.630665, 45.536449 ], [ -122.630664, 45.535777 ], [ -122.630666, 45.535159 ], [ -122.630642, 45.534581 ], [ -122.630642, 45.53453 ], [ -122.630641, 45.534343 ], [ -122.63064, 45.534208 ], [ -122.63064, 45.534137 ], [ -122.631097, 45.533931 ], [ -122.63138, 45.533774 ], [ -122.631892, 45.533393 ], [ -122.632739, 45.532602 ], [ -122.63281, 45.532517 ], [ -122.633102, 45.532171 ], [ -122.633231, 45.53203 ], [ -122.633685, 45.531532 ], [ -122.634004, 45.531262 ], [ -122.634418, 45.53101 ], [ -122.634921, 45.530777 ], [ -122.635107, 45.530714 ], [ -122.63536, 45.530645 ], [ -122.635514, 45.53061 ], [ -122.635682, 45.530573 ], [ -122.635861, 45.530536 ], [ -122.636181, 45.530487 ], [ -122.63624, 45.530478 ], [ -122.636531, 45.530455 ], [ -122.637102, 45.530431 ], [ -122.642458, 45.530167 ], [ -122.643502, 45.530119 ], [ -122.644441, 45.530076 ], [ -122.644849, 45.530057 ], [ -122.644847, 45.530129 ], [ -122.644846, 45.530179 ], [ -122.644846, 45.53028 ], [ -122.644844, 45.530787 ], [ -122.644851, 45.531456 ], [ -122.646685, 45.531459 ], [ -122.64668, 45.532173 ], [ -122.646676, 45.532886 ], [ -122.646671, 45.533599 ], [ -122.646663, 45.534316 ], [ -122.646659, 45.535027 ], [ -122.646654, 45.535738 ], [ -122.646649, 45.536451 ], [ -122.646643, 45.537438 ], [ -122.647346, 45.537441 ], [ -122.647335, 45.538972 ] ] ] } },
{ "type": "Feature", "properties": { "GEOID": "41051006502", "NAMELSAD": "Census Tract 65.02", "area_sqmi": 0.74362376282230647, "total_bike_miles": 2.728, "num_segments": 56, "bike_density": 3.67, "total_pop": 4619, "pop_white": 3979, "pop_black": 7, "pop_asian": 217, "pop_hispanic": 0, "pct_white": 86.1, "pct_nonwhite": 13.9, "pct_black": 0.2, "pct_asian": 4.7, "pct_hispanic": 0.0, "median_income": 93750.0 }, "geometry": { "type": "Polygon", "coordinates": [ [ [ -122.725331, 45.460527 ], [ -122.724962, 45.460737 ], [ -122.724893, 45.460783 ], [ -122.724811, 45.460837 ], [ -122.724731, 45.460903 ], [ -122.72463, 45.461008 ], [ -122.724527, 45.46113 ], [ -122.724341, 45.461425 ], [ -122.724216, 45.461685 ], [ -122.724128, 45.461834 ], [ -122.723964, 45.462018 ], [ -122.723895, 45.462085 ], [ -122.723757, 45.462196 ], [ -122.723645, 45.462254 ], [ -122.723531, 45.462313 ], [ -122.723421, 45.462389 ], [ -122.723319, 45.462486 ], [ -122.723253, 45.462578 ], [ -122.723206, 45.462677 ], [ -122.723178, 45.46276 ], [ -122.723155, 45.462903 ], [ -122.723148, 45.464148 ], [ -122.723171, 45.464482 ], [ -122.723151, 45.465476 ], [ -122.723177, 45.466643 ], [ -122.723169, 45.467459 ], [ -122.721121, 45.467451 ], [ -122.717983, 45.467439 ], [ -122.715588, 45.467429 ], [ -122.715351, 45.467416 ], [ -122.715195, 45.467409 ], [ -122.714696, 45.467393 ], [ -122.714085, 45.467326 ], [ -122.712848, 45.467139 ], [ -122.711594, 45.466942 ], [ -122.708954, 45.466566 ], [ -122.708296, 45.466447 ], [ -122.707644, 45.466329 ], [ -122.707205, 45.466264 ], [ -122.705939, 45.466073 ], [ -122.702509, 45.465547 ], [ -122.702141, 45.465475 ], [ -122.701215, 45.465344 ], [ -122.700252, 45.465184 ], [ -122.69935, 45.465051 ], [ -122.699018, 45.465014 ], [ -122.698855, 45.465006 ], [ -122.698321, 45.464966 ], [ -122.697338, 45.465035 ], [ -122.696569, 45.46527 ], [ -122.696185, 45.465402 ], [ -122.695731, 45.465569 ], [ -122.695147, 45.465861 ], [ -122.694319, 45.466292 ], [ -122.693258, 45.466871 ], [ -122.694318, 45.466147 ], [ -122.696062, 45.465203 ], [ -122.696609, 45.464915 ], [ -122.69735, 45.464526 ], [ -122.699372, 45.463504 ], [ -122.699593, 45.463372 ], [ -122.701738, 45.462125 ], [ -122.702341, 45.461775 ], [ -122.703806, 45.460923 ], [ -122.704067, 45.460761 ], [ -122.704341, 45.460594 ], [ -122.704609, 45.460443 ], [ -122.705356, 45.460024 ], [ -122.705832, 45.459757 ], [ -122.707495, 45.458824 ], [ -122.707725, 45.458695 ], [ -122.708261, 45.458395 ], [ -122.71013, 45.457347 ], [ -122.710967, 45.456883 ], [ -122.711897, 45.456369 ], [ -122.712532, 45.456021 ], [ -122.714776, 45.454794 ], [ -122.715143, 45.45458 ], [ -122.715788, 45.454263 ], [ -122.71581, 45.454252 ], [ -122.716276, 45.454063 ], [ -122.716794, 45.453854 ], [ -122.717436, 45.453667 ], [ -122.717525, 45.453652 ], [ -122.717795, 45.453608 ], [ -122.718428, 45.453551 ], [ -122.719146, 45.453526 ], [ -122.719607, 45.453534 ], [ -122.72003, 45.453561 ], [ -122.721079, 45.453616 ], [ -122.720973, 45.453724 ], [ -122.720937, 45.453801 ], [ -122.72041, 45.454647 ], [ -122.721024, 45.454688 ], [ -122.721027, 45.455399 ], [ -122.721165, 45.455423 ], [ -122.721254, 45.45544 ], [ -122.721166, 45.455552 ], [ -122.720834, 45.455973 ], [ -122.720857, 45.456103 ], [ -122.720295, 45.45674 ], [ -122.720907, 45.45674 ], [ -122.721089, 45.457196 ], [ -122.721384, 45.457288 ], [ -122.721888, 45.457445 ], [ -122.722291, 45.458241 ], [ -122.723252, 45.458244 ], [ -122.723261, 45.459524 ], [ -122.723267, 45.459634 ], [ -122.723264, 45.459948 ], [ -122.724362, 45.459947 ], [ -122.724376, 45.4603 ], [ -122.725695, 45.460305 ], [ -122.725331, 45.460527 ] ] ] } },
{ "type": "Feature", "properties": { "GEOID": "41051006601", "NAMELSAD": "Census Tract 66.01", "area_sqmi": 0.60814458834428764, "total_bike_miles": 3.554, "num_segments": 45, "bike_density": 5.84, "total_pop": 2607, "pop_white": 2218, "pop_black": 16, "pop_asian": 105, "pop_hispanic": 0, "pct_white": 85.1, "pct_nonwhite": 14.9, "pct_black": 0.6, "pct_asian": 4.0, "pct_hispanic": 0.0, "median_income": 117059.0 }, "geometry": { "type": "Polygon", "coordinates": [ [ [ -122.743668, 45.474507 ], [ -122.743643, 45.474656 ], [ -122.743623, 45.474658 ], [ -122.743624, 45.474741 ], [ -122.74363, 45.475397 ], [ -122.743628, 45.475949 ], [ -122.743626, 45.476439 ], [ -122.743129, 45.476434 ], [ -122.741567, 45.47642 ], [ -122.740485, 45.476409 ], [ -122.738592, 45.476392 ], [ -122.735912, 45.476364 ], [ -122.733471, 45.476341 ], [ -122.732492, 45.476333 ], [ -122.731712, 45.476327 ], [ -122.73097, 45.476321 ], [ -122.730649, 45.476318 ], [ -122.728287, 45.476287 ], [ -122.727246, 45.476277 ], [ -122.726652, 45.476269 ], [ -122.72627, 45.476263 ], [ -122.726181, 45.476262 ], [ -122.725087, 45.476252 ], [ -122.724343, 45.476245 ], [ -122.72314, 45.476236 ], [ -122.723139, 45.475572 ], [ -122.723154, 45.474918 ], [ -122.723149, 45.473611 ], [ -122.723149, 45.473292 ], [ -122.723149, 45.472963 ], [ -122.723145, 45.472653 ], [ -122.723153, 45.472307 ], [ -122.723134, 45.471717 ], [ -122.723134, 45.470269 ], [ -122.723135, 45.467529 ], [ -122.723169, 45.467459 ], [ -122.724149, 45.467464 ], [ -122.725042, 45.467469 ], [ -122.725218, 45.46747 ], [ -122.726024, 45.467474 ], [ -122.728521, 45.467487 ], [ -122.728815, 45.467481 ], [ -122.729978, 45.467486 ], [ -122.730824, 45.467489 ], [ -122.732202, 45.467495 ], [ -122.733375, 45.4675 ], [ -122.733584, 45.467502 ], [ -122.734349, 45.467503 ], [ -122.735234, 45.467508 ], [ -122.736005, 45.467513 ], [ -122.73688, 45.467518 ], [ -122.739508, 45.467536 ], [ -122.741136, 45.467537 ], [ -122.742815, 45.467532 ], [ -122.743394, 45.46753 ], [ -122.743441, 45.46753 ], [ -122.74364, 45.467532 ], [ -122.743663, 45.467532 ], [ -122.743654, 45.469268 ], [ -122.743654, 45.469466 ], [ -122.743658, 45.470674 ], [ -122.743659, 45.471099 ], [ -122.743665, 45.472561 ], [ -122.743665, 45.473365 ], [ -122.743667, 45.474255 ], [ -122.743668, 45.474507 ] ] ] } },
{ "type": "Feature", "properties": { "GEOID": "41051006602", "NAMELSAD": "Census Tract 66.02", "area_sqmi": 0.97271431525097929, "total_bike_miles": 2.959, "num_segments": 59, "bike_density": 3.04, "total_pop": 5489, "pop_white": 3887, "pop_black": 219, "pop_asian": 52, "pop_hispanic": 0, "pct_white": 70.8, "pct_nonwhite": 29.2, "pct_black": 4.0, "pct_asian": 0.9, "pct_hispanic": 0.0, "median_income": 91792.0 }, "geometry": { "type": "Polygon", "coordinates": [ [ [ -122.723135, 45.467529 ], [ -122.723134, 45.470269 ], [ -122.723134, 45.471717 ], [ -122.723153, 45.472307 ], [ -122.723145, 45.472653 ], [ -122.723149, 45.472963 ], [ -122.723149, 45.473292 ], [ -122.723149, 45.473611 ], [ -122.723154, 45.474918 ], [ -122.723139, 45.475572 ], [ -122.72314, 45.476236 ], [ -122.721016, 45.476214 ], [ -122.719688, 45.476201 ], [ -122.716338, 45.476164 ], [ -122.715998, 45.476161 ], [ -122.715423, 45.476149 ], [ -122.714891, 45.476136 ], [ -122.714216, 45.47614 ], [ -122.712879, 45.476133 ], [ -122.712202, 45.476136 ], [ -122.712031, 45.476137 ], [ -122.711597, 45.476139 ], [ -122.710926, 45.4761 ], [ -122.710294, 45.476094 ], [ -122.709783, 45.47608 ], [ -122.709461, 45.476086 ], [ -122.709201, 45.476084 ], [ -122.707734, 45.476073 ], [ -122.706433, 45.476074 ], [ -122.705421, 45.476074 ], [ -122.703881, 45.476074 ], [ -122.70285, 45.476067 ], [ -122.702719, 45.476079 ], [ -122.702679, 45.476085 ], [ -122.70258, 45.476099 ], [ -122.702411, 45.476143 ], [ -122.702308, 45.47609 ], [ -122.702247, 45.476065 ], [ -122.70218, 45.476048 ], [ -122.702125, 45.476039 ], [ -122.701322, 45.476039 ], [ -122.700609, 45.476039 ], [ -122.699162, 45.476038 ], [ -122.698527, 45.476037 ], [ -122.697852, 45.476037 ], [ -122.697516, 45.476039 ], [ -122.696563, 45.476046 ], [ -122.696031, 45.475111 ], [ -122.694604, 45.472503 ], [ -122.693961, 45.47135 ], [ -122.693847, 45.471238 ], [ -122.693718, 45.471135 ], [ -122.693574, 45.471042 ], [ -122.693495, 45.471 ], [ -122.693333, 45.470924 ], [ -122.693159, 45.470861 ], [ -122.692976, 45.470811 ], [ -122.692881, 45.470792 ], [ -122.69269, 45.470763 ], [ -122.692493, 45.470748 ], [ -122.692395, 45.470747 ], [ -122.69218, 45.470756 ], [ -122.691963, 45.470768 ], [ -122.691713, 45.470788 ], [ -122.691591, 45.470805 ], [ -122.69135, 45.470851 ], [ -122.691234, 45.47088 ], [ -122.691089, 45.470922 ], [ -122.690801, 45.470995 ], [ -122.690507, 45.471055 ], [ -122.690208, 45.471102 ], [ -122.690057, 45.47113 ], [ -122.689552, 45.471144 ], [ -122.688882, 45.471146 ], [ -122.688688, 45.471122 ], [ -122.688598, 45.471084 ], [ -122.688528, 45.471033 ], [ -122.688476, 45.470979 ], [ -122.688379, 45.470821 ], [ -122.688089, 45.470265 ], [ -122.688452, 45.470207 ], [ -122.688946, 45.470086 ], [ -122.689481, 45.4699 ], [ -122.68992, 45.469689 ], [ -122.690117, 45.469594 ], [ -122.690337, 45.469433 ], [ -122.690601, 45.469156 ], [ -122.691432, 45.468288 ], [ -122.691616, 45.468107 ], [ -122.691691, 45.468031 ], [ -122.691874, 45.46786 ], [ -122.692284, 45.467535 ], [ -122.692784, 45.467167 ], [ -122.693258, 45.466871 ], [ -122.694319, 45.466292 ], [ -122.695147, 45.465861 ], [ -122.695731, 45.465569 ], [ -122.696185, 45.465402 ], [ -122.696569, 45.46527 ], [ -122.697338, 45.465035 ], [ -122.698321, 45.464966 ], [ -122.698855, 45.465006 ], [ -122.699018, 45.465014 ], [ -122.69935, 45.465051 ], [ -122.700252, 45.465184 ], [ -122.701215, 45.465344 ], [ -122.702141, 45.465475 ], [ -122.702509, 45.465547 ], [ -122.705939, 45.466073 ], [ -122.707205, 45.466264 ], [ -122.707644, 45.466329 ], [ -122.708296, 45.466447 ], [ -122.708954, 45.466566 ], [ -122.711594, 45.466942 ], [ -122.712848, 45.467139 ], [ -122.714085, 45.467326 ], [ -122.714696, 45.467393 ], [ -122.715195, 45.467409 ], [ -122.715351, 45.467416 ], [ -122.715588, 45.467429 ], [ -122.717983, 45.467439 ], [ -122.721121, 45.467451 ], [ -122.723169, 45.467459 ], [ -122.723135, 45.467529 ] ] ] } },
{ "type": "Feature", "properties": { "GEOID": "41051006701", "NAMELSAD": "Census Tract 67.01", "area_sqmi": 0.71539637530578071, "total_bike_miles": 1.952, "num_segments": 27, "bike_density": 2.73, "total_pop": 3249, "pop_white": 2100, "pop_black": 154, "pop_asian": 445, "pop_hispanic": 0, "pct_white": 64.6, "pct_nonwhite": 35.4, "pct_black": 4.7, "pct_asian": 13.7, "pct_hispanic": 0.0, "median_income": 138235.0 }, "geometry": { "type": "Polygon", "coordinates": [ [ [ -122.743745, 45.487084 ], [ -122.743624, 45.487089 ], [ -122.7436, 45.487089 ], [ -122.742312, 45.487085 ], [ -122.740994, 45.487081 ], [ -122.737963, 45.487048 ], [ -122.737434, 45.487044 ], [ -122.734835, 45.487048 ], [ -122.731621, 45.48703 ], [ -122.728744, 45.487057 ], [ -122.728541, 45.487052 ], [ -122.728323, 45.487035 ], [ -122.72814, 45.487013 ], [ -122.728042, 45.486997 ], [ -122.72785, 45.486958 ], [ -122.727571, 45.486883 ], [ -122.727393, 45.486822 ], [ -122.726997, 45.486659 ], [ -122.726004, 45.486207 ], [ -122.725559, 45.486048 ], [ -122.725255, 45.486008 ], [ -122.724531, 45.485914 ], [ -122.723719, 45.485824 ], [ -122.723545, 45.485809 ], [ -122.723398, 45.485798 ], [ -122.723234, 45.485786 ], [ -122.723193, 45.485632 ], [ -122.723194, 45.4853 ], [ -122.723195, 45.484991 ], [ -122.723417, 45.484997 ], [ -122.723477, 45.485003 ], [ -122.723613, 45.484992 ], [ -122.723829, 45.484981 ], [ -122.724046, 45.484952 ], [ -122.724294, 45.484927 ], [ -122.724405, 45.484908 ], [ -122.724544, 45.484908 ], [ -122.724621, 45.484891 ], [ -122.72477, 45.484874 ], [ -122.724959, 45.484815 ], [ -122.725002, 45.484809 ], [ -122.72525, 45.484743 ], [ -122.72543, 45.484666 ], [ -122.725481, 45.484647 ], [ -122.725652, 45.484583 ], [ -122.725791, 45.48455 ], [ -122.725835, 45.484533 ], [ -122.726031, 45.484455 ], [ -122.726228, 45.484334 ], [ -122.726399, 45.484243 ], [ -122.726492, 45.48419 ], [ -122.726591, 45.484141 ], [ -122.726746, 45.484052 ], [ -122.726817, 45.48401 ], [ -122.726873, 45.483971 ], [ -122.726945, 45.483915 ], [ -122.726983, 45.483875 ], [ -122.727061, 45.483789 ], [ -122.727112, 45.483721 ], [ -122.727151, 45.483659 ], [ -122.72718, 45.483578 ], [ -122.727139, 45.483504 ], [ -122.727078, 45.483505 ], [ -122.726862, 45.483508 ], [ -122.726072, 45.483508 ], [ -122.725782, 45.48374 ], [ -122.725542, 45.483858 ], [ -122.72529, 45.483966 ], [ -122.725029, 45.48406 ], [ -122.72476, 45.484143 ], [ -122.724432, 45.48422 ], [ -122.724214, 45.484266 ], [ -122.72397, 45.484296 ], [ -122.723739, 45.484317 ], [ -122.723568, 45.484316 ], [ -122.723182, 45.484229 ], [ -122.723199, 45.483484 ], [ -122.723204, 45.483028 ], [ -122.723204, 45.482815 ], [ -122.723178, 45.482749 ], [ -122.723174, 45.482126 ], [ -122.723152, 45.481186 ], [ -122.723164, 45.480262 ], [ -122.723147, 45.479112 ], [ -122.723155, 45.478649 ], [ -122.72314, 45.477607 ], [ -122.72314, 45.476236 ], [ -122.724343, 45.476245 ], [ -122.725087, 45.476252 ], [ -122.726181, 45.476262 ], [ -122.72627, 45.476263 ], [ -122.726652, 45.476269 ], [ -122.727246, 45.476277 ], [ -122.728287, 45.476287 ], [ -122.730649, 45.476318 ], [ -122.73097, 45.476321 ], [ -122.731712, 45.476327 ], [ -122.732492, 45.476333 ], [ -122.733471, 45.476341 ], [ -122.735912, 45.476364 ], [ -122.738592, 45.476392 ], [ -122.740485, 45.476409 ], [ -122.741567, 45.47642 ], [ -122.743129, 45.476434 ], [ -122.743626, 45.476439 ], [ -122.743671, 45.476442 ], [ -122.743676, 45.477517 ], [ -122.74368, 45.47782 ], [ -122.743681, 45.477961 ], [ -122.743684, 45.478218 ], [ -122.743693, 45.480074 ], [ -122.7437, 45.481322 ], [ -122.743699, 45.482574 ], [ -122.743716, 45.48404 ], [ -122.743708, 45.484078 ], [ -122.743711, 45.484201 ], [ -122.743736, 45.485895 ], [ -122.743746, 45.486905 ], [ -122.743745, 45.487084 ] ] ] } },
{ "type": "Feature", "properties": { "GEOID": "41051006702", "NAMELSAD": "Census Tract 67.02", "area_sqmi": 0.53528001894856958, "total_bike_miles": 2.288, "num_segments": 40, "bike_density": 4.28, "total_pop": 3125, "pop_white": 2498, "pop_black": 98, "pop_asian": 123, "pop_hispanic": 0, "pct_white": 79.9, "pct_nonwhite": 20.1, "pct_black": 3.1, "pct_asian": 3.9, "pct_hispanic": 0.0, "median_income": 102333.0 }, "geometry": { "type": "Polygon", "coordinates": [ [ [ -122.727151, 45.483659 ], [ -122.727112, 45.483721 ], [ -122.727061, 45.483789 ], [ -122.726983, 45.483875 ], [ -122.726945, 45.483915 ], [ -122.726873, 45.483971 ], [ -122.726817, 45.48401 ], [ -122.726746, 45.484052 ], [ -122.726591, 45.484141 ], [ -122.726492, 45.48419 ], [ -122.726399, 45.484243 ], [ -122.726228, 45.484334 ], [ -122.726031, 45.484455 ], [ -122.725835, 45.484533 ], [ -122.725791, 45.48455 ], [ -122.725652, 45.484583 ], [ -122.725481, 45.484647 ], [ -122.72543, 45.484666 ], [ -122.72525, 45.484743 ], [ -122.725002, 45.484809 ], [ -122.724959, 45.484815 ], [ -122.72477, 45.484874 ], [ -122.724621, 45.484891 ], [ -122.724544, 45.484908 ], [ -122.724405, 45.484908 ], [ -122.724294, 45.484927 ], [ -122.724046, 45.484952 ], [ -122.723829, 45.484981 ], [ -122.723613, 45.484992 ], [ -122.723477, 45.485003 ], [ -122.723417, 45.484997 ], [ -122.723195, 45.484991 ], [ -122.723194, 45.4853 ], [ -122.723193, 45.485632 ], [ -122.723234, 45.485786 ], [ -122.72243, 45.485692 ], [ -122.721251, 45.485597 ], [ -122.720699, 45.485546 ], [ -122.720225, 45.485493 ], [ -122.719911, 45.48545 ], [ -122.719642, 45.485413 ], [ -122.719388, 45.485379 ], [ -122.718846, 45.485253 ], [ -122.718671, 45.485218 ], [ -122.718326, 45.485142 ], [ -122.718047, 45.485062 ], [ -122.717738, 45.484963 ], [ -122.717282, 45.484806 ], [ -122.716694, 45.48457 ], [ -122.716472, 45.484474 ], [ -122.712936, 45.482875 ], [ -122.71114, 45.482099 ], [ -122.710836, 45.481968 ], [ -122.710505, 45.481879 ], [ -122.710334, 45.48184 ], [ -122.71018, 45.481806 ], [ -122.709704, 45.481745 ], [ -122.709371, 45.481726 ], [ -122.708719, 45.481688 ], [ -122.708537, 45.481682 ], [ -122.708409, 45.481673 ], [ -122.708154, 45.481647 ], [ -122.707905, 45.481608 ], [ -122.70784, 45.481594 ], [ -122.707745, 45.481574 ], [ -122.707656, 45.481549 ], [ -122.707406, 45.481469 ], [ -122.707168, 45.481379 ], [ -122.70685, 45.481241 ], [ -122.706484, 45.481068 ], [ -122.706288, 45.480975 ], [ -122.705887, 45.480822 ], [ -122.704998, 45.48051 ], [ -122.70459, 45.480397 ], [ -122.704281, 45.480321 ], [ -122.703845, 45.48024 ], [ -122.702507, 45.48003 ], [ -122.702177, 45.479961 ], [ -122.701945, 45.479881 ], [ -122.701898, 45.479865 ], [ -122.701635, 45.479756 ], [ -122.701381, 45.479635 ], [ -122.701261, 45.47957 ], [ -122.701028, 45.479431 ], [ -122.700913, 45.479354 ], [ -122.700831, 45.479281 ], [ -122.700637, 45.479138 ], [ -122.700207, 45.478854 ], [ -122.700048, 45.478775 ], [ -122.699886, 45.4787 ], [ -122.699702, 45.478621 ], [ -122.699553, 45.478562 ], [ -122.699417, 45.478513 ], [ -122.698275, 45.477832 ], [ -122.697774, 45.477483 ], [ -122.697507, 45.477253 ], [ -122.697278, 45.477019 ], [ -122.696961, 45.476653 ], [ -122.696809, 45.476444 ], [ -122.696563, 45.476046 ], [ -122.697516, 45.476039 ], [ -122.697852, 45.476037 ], [ -122.698527, 45.476037 ], [ -122.699162, 45.476038 ], [ -122.700609, 45.476039 ], [ -122.701322, 45.476039 ], [ -122.702125, 45.476039 ], [ -122.70218, 45.476048 ], [ -122.702247, 45.476065 ], [ -122.702308, 45.47609 ], [ -122.702411, 45.476143 ], [ -122.70258, 45.476099 ], [ -122.702679, 45.476085 ], [ -122.702719, 45.476079 ], [ -122.70285, 45.476067 ], [ -122.703881, 45.476074 ], [ -122.705421, 45.476074 ], [ -122.706433, 45.476074 ], [ -122.707734, 45.476073 ], [ -122.709201, 45.476084 ], [ -122.709461, 45.476086 ], [ -122.709783, 45.47608 ], [ -122.710294, 45.476094 ], [ -122.710926, 45.4761 ], [ -122.711597, 45.476139 ], [ -122.712031, 45.476137 ], [ -122.712202, 45.476136 ], [ -122.712879, 45.476133 ], [ -122.714216, 45.47614 ], [ -122.714891, 45.476136 ], [ -122.715423, 45.476149 ], [ -122.715998, 45.476161 ], [ -122.716338, 45.476164 ], [ -122.719688, 45.476201 ], [ -122.721016, 45.476214 ], [ -122.72314, 45.476236 ], [ -122.72314, 45.477607 ], [ -122.723155, 45.478649 ], [ -122.723147, 45.479112 ], [ -122.723164, 45.480262 ], [ -122.723152, 45.481186 ], [ -122.723174, 45.482126 ], [ -122.723178, 45.482749 ], [ -122.723204, 45.482815 ], [ -122.723204, 45.483028 ], [ -122.723199, 45.483484 ], [ -122.723182, 45.484229 ], [ -122.723568, 45.484316 ], [ -122.723739, 45.484317 ], [ -122.72397, 45.484296 ], [ -122.724214, 45.484266 ], [ -122.724432, 45.48422 ], [ -122.72476, 45.484143 ], [ -122.725029, 45.48406 ], [ -122.72529, 45.483966 ], [ -122.725542, 45.483858 ], [ -122.725782, 45.48374 ], [ -122.726072, 45.483508 ], [ -122.726862, 45.483508 ], [ -122.727078, 45.483505 ], [ -122.727139, 45.483504 ], [ -122.72718, 45.483578 ], [ -122.727151, 45.483659 ] ] ] } },
{ "type": "Feature", "properties": { "GEOID": "41051006801", "NAMELSAD": "Census Tract 68.01", "area_sqmi": 0.54895606911635253, "total_bike_miles": 1.178, "num_segments": 12, "bike_density": 2.15, "total_pop": 2225, "pop_white": 1687, "pop_black": 102, "pop_asian": 47, "pop_hispanic": 0, "pct_white": 75.8, "pct_nonwhite": 24.2, "pct_black": 4.6, "pct_asian": 2.1, "pct_hispanic": 0.0, "median_income": 113494.0 }, "geometry": { "type": "Polygon", "coordinates": [ [ [ -122.743794, 45.492555 ], [ -122.743643, 45.492866 ], [ -122.74357, 45.493035 ], [ -122.743541, 45.493133 ], [ -122.743474, 45.493421 ], [ -122.743461, 45.493518 ], [ -122.743423, 45.493752 ], [ -122.743338, 45.494094 ], [ -122.743304, 45.494195 ], [ -122.74323, 45.494417 ], [ -122.743191, 45.494513 ], [ -122.743131, 45.494657 ], [ -122.742996, 45.494931 ], [ -122.742897, 45.495101 ], [ -122.742703, 45.495385 ], [ -122.742665, 45.495429 ], [ -122.742286, 45.495869 ], [ -122.741966, 45.496179 ], [ -122.741786, 45.496344 ], [ -122.741329, 45.496715 ], [ -122.741125, 45.496853 ], [ -122.740899, 45.49698 ], [ -122.740304, 45.497277 ], [ -122.740168, 45.497372 ], [ -122.740037, 45.497482 ], [ -122.739929, 45.497627 ], [ -122.739804, 45.497821 ], [ -122.739016, 45.497875 ], [ -122.738644, 45.497908 ], [ -122.738374, 45.497939 ], [ -122.738279, 45.497945 ], [ -122.738238, 45.497948 ], [ -122.737959, 45.497956 ], [ -122.737328, 45.497949 ], [ -122.735515, 45.49795 ], [ -122.733589, 45.497945 ], [ -122.732826, 45.497963 ], [ -122.732119, 45.497986 ], [ -122.732018, 45.497986 ], [ -122.731927, 45.497982 ], [ -122.730993, 45.497939 ], [ -122.730691, 45.497938 ], [ -122.7306, 45.497938 ], [ -122.72983, 45.498338 ], [ -122.729716, 45.498399 ], [ -122.729557, 45.49828 ], [ -122.729223, 45.498028 ], [ -122.729097, 45.497934 ], [ -122.728826, 45.497935 ], [ -122.727843, 45.497937 ], [ -122.727804, 45.497949 ], [ -122.727224, 45.498128 ], [ -122.726891, 45.498171 ], [ -122.726726, 45.498001 ], [ -122.726133, 45.497637 ], [ -122.725984, 45.497527 ], [ -122.725884, 45.497408 ], [ -122.725814, 45.497301 ], [ -122.725772, 45.497178 ], [ -122.72576, 45.497101 ], [ -122.725759, 45.497024 ], [ -122.725773, 45.496715 ], [ -122.725809, 45.496225 ], [ -122.725837, 45.496116 ], [ -122.725886, 45.495985 ], [ -122.726467, 45.495 ], [ -122.726556, 45.494849 ], [ -122.726678, 45.494644 ], [ -122.726859, 45.49434 ], [ -122.727324, 45.493525 ], [ -122.727711, 45.492844 ], [ -122.728077, 45.492199 ], [ -122.728478, 45.491487 ], [ -122.72872, 45.491144 ], [ -122.729046, 45.490739 ], [ -122.729235, 45.490508 ], [ -122.729389, 45.49028 ], [ -122.72955, 45.489959 ], [ -122.730146, 45.488674 ], [ -122.730238, 45.488484 ], [ -122.73028, 45.48841 ], [ -122.730365, 45.488262 ], [ -122.730501, 45.488084 ], [ -122.730643, 45.487925 ], [ -122.730814, 45.487768 ], [ -122.731621, 45.48703 ], [ -122.734835, 45.487048 ], [ -122.737434, 45.487044 ], [ -122.737963, 45.487048 ], [ -122.740994, 45.487081 ], [ -122.742312, 45.487085 ], [ -122.7436, 45.487089 ], [ -122.743624, 45.487089 ], [ -122.743745, 45.487084 ], [ -122.743745, 45.487197 ], [ -122.743745, 45.487232 ], [ -122.743746, 45.48725 ], [ -122.743746, 45.487268 ], [ -122.743748, 45.487394 ], [ -122.743753, 45.487847 ], [ -122.743758, 45.488258 ], [ -122.743768, 45.489188 ], [ -122.743778, 45.489988 ], [ -122.743786, 45.490804 ], [ -122.743786, 45.491264 ], [ -122.74379, 45.492122 ], [ -122.743791, 45.492302 ], [ -122.743794, 45.492555 ] ] ] } },
{ "type": "Feature", "properties": { "GEOID": "41051006802", "NAMELSAD": "Census Tract 68.02", "area_sqmi": 0.85949447203968077, "total_bike_miles": 1.367, "num_segments": 22, "bike_density": 1.59, "total_pop": 3610, "pop_white": 2983, "pop_black": 26, "pop_asian": 177, "pop_hispanic": 0, "pct_white": 82.6, "pct_nonwhite": 17.4, "pct_black": 0.7, "pct_asian": 4.9, "pct_hispanic": 0.0, "median_income": 140625.0 }, "geometry": { "type": "Polygon", "coordinates": [ [ [ -122.730814, 45.487768 ], [ -122.730643, 45.487925 ], [ -122.730501, 45.488084 ], [ -122.730365, 45.488262 ], [ -122.73028, 45.48841 ], [ -122.730238, 45.488484 ], [ -122.730146, 45.488674 ], [ -122.72955, 45.489959 ], [ -122.729389, 45.49028 ], [ -122.729235, 45.490508 ], [ -122.729046, 45.490739 ], [ -122.72872, 45.491144 ], [ -122.728478, 45.491487 ], [ -122.728077, 45.492199 ], [ -122.727711, 45.492844 ], [ -122.727324, 45.493525 ], [ -122.726859, 45.49434 ], [ -122.726678, 45.494644 ], [ -122.726556, 45.494849 ], [ -122.726467, 45.495 ], [ -122.725886, 45.495985 ], [ -122.725837, 45.496116 ], [ -122.725809, 45.496225 ], [ -122.725773, 45.496715 ], [ -122.725759, 45.497024 ], [ -122.72576, 45.497101 ], [ -122.725772, 45.497178 ], [ -122.725814, 45.497301 ], [ -122.725884, 45.497408 ], [ -122.725984, 45.497527 ], [ -122.726133, 45.497637 ], [ -122.726726, 45.498001 ], [ -122.726891, 45.498171 ], [ -122.726637, 45.498245 ], [ -122.726407, 45.498277 ], [ -122.726226, 45.498288 ], [ -122.726097, 45.498277 ], [ -122.72599, 45.498253 ], [ -122.725741, 45.498211 ], [ -122.725579, 45.498194 ], [ -122.725428, 45.498195 ], [ -122.725081, 45.498238 ], [ -122.724831, 45.498269 ], [ -122.724619, 45.49831 ], [ -122.724405, 45.498364 ], [ -122.724371, 45.498373 ], [ -122.723992, 45.498525 ], [ -122.723232, 45.498836 ], [ -122.72286, 45.498988 ], [ -122.722419, 45.499203 ], [ -122.722107, 45.499157 ], [ -122.721453, 45.499073 ], [ -122.720619, 45.498981 ], [ -122.72052, 45.498966 ], [ -122.720395, 45.498968 ], [ -122.720249, 45.498979 ], [ -122.719958, 45.49904 ], [ -122.71959, 45.499123 ], [ -122.719241, 45.499235 ], [ -122.719005, 45.49934 ], [ -122.718805, 45.499449 ], [ -122.718299, 45.499756 ], [ -122.718226, 45.499823 ], [ -122.71816, 45.499893 ], [ -122.718023, 45.500066 ], [ -122.717835, 45.500292 ], [ -122.717779, 45.500339 ], [ -122.71773, 45.50035 ], [ -122.717676, 45.500343 ], [ -122.717586, 45.500296 ], [ -122.717067, 45.500058 ], [ -122.71684, 45.500039 ], [ -122.716397, 45.500169 ], [ -122.716261, 45.50022 ], [ -122.71501, 45.500884 ], [ -122.714883, 45.500965 ], [ -122.714732, 45.501082 ], [ -122.714182, 45.50149 ], [ -122.713993, 45.501596 ], [ -122.713606, 45.50187 ], [ -122.713522, 45.501813 ], [ -122.713437, 45.501769 ], [ -122.713106, 45.501664 ], [ -122.712989, 45.501614 ], [ -122.712931, 45.501564 ], [ -122.712888, 45.501488 ], [ -122.712702, 45.50103 ], [ -122.712635, 45.500906 ], [ -122.712325, 45.500561 ], [ -122.712293, 45.500507 ], [ -122.712268, 45.500434 ], [ -122.712252, 45.500346 ], [ -122.712234, 45.499947 ], [ -122.712239, 45.499852 ], [ -122.712273, 45.499754 ], [ -122.712893, 45.498418 ], [ -122.712993, 45.498206 ], [ -122.713027, 45.498098 ], [ -122.713023, 45.498 ], [ -122.712998, 45.497917 ], [ -122.712918, 45.49779 ], [ -122.712211, 45.497006 ], [ -122.711656, 45.496279 ], [ -122.711611, 45.496211 ], [ -122.711595, 45.496145 ], [ -122.711595, 45.49605 ], [ -122.711625, 45.495964 ], [ -122.711664, 45.495902 ], [ -122.71173, 45.495837 ], [ -122.711804, 45.495778 ], [ -122.71192, 45.495668 ], [ -122.712012, 45.495556 ], [ -122.712088, 45.495421 ], [ -122.712132, 45.495283 ], [ -122.712148, 45.495171 ], [ -122.712141, 45.495013 ], [ -122.712037, 45.494476 ], [ -122.711955, 45.494098 ], [ -122.711791, 45.493699 ], [ -122.711755, 45.493622 ], [ -122.711712, 45.493554 ], [ -122.711661, 45.493489 ], [ -122.711603, 45.493428 ], [ -122.711537, 45.493371 ], [ -122.711464, 45.493318 ], [ -122.711386, 45.49327 ], [ -122.711304, 45.493228 ], [ -122.711215, 45.493191 ], [ -122.711121, 45.493159 ], [ -122.710879, 45.493094 ], [ -122.710797, 45.493056 ], [ -122.710727, 45.493007 ], [ -122.710673, 45.492949 ], [ -122.710639, 45.492885 ], [ -122.710621, 45.492817 ], [ -122.710623, 45.492746 ], [ -122.710657, 45.492662 ], [ -122.710727, 45.492536 ], [ -122.710769, 45.492426 ], [ -122.710785, 45.492299 ], [ -122.710781, 45.492197 ], [ -122.710738, 45.492081 ], [ -122.710651, 45.491959 ], [ -122.710556, 45.49185 ], [ -122.710444, 45.491699 ], [ -122.710389, 45.491636 ], [ -122.710356, 45.491546 ], [ -122.710337, 45.491432 ], [ -122.710339, 45.490586 ], [ -122.710344, 45.490007 ], [ -122.710329, 45.489454 ], [ -122.710331, 45.489192 ], [ -122.710331, 45.488734 ], [ -122.710347, 45.487819 ], [ -122.710358, 45.487211 ], [ -122.710322, 45.486229 ], [ -122.710325, 45.48568 ], [ -122.710316, 45.485182 ], [ -122.710141, 45.485158 ], [ -122.708261, 45.485139 ], [ -122.708052, 45.485137 ], [ -122.707972, 45.485116 ], [ -122.707917, 45.485084 ], [ -122.707888, 45.485041 ], [ -122.707889, 45.484793 ], [ -122.707947, 45.484447 ], [ -122.707978, 45.484373 ], [ -122.70802, 45.484301 ], [ -122.708116, 45.484175 ], [ -122.708157, 45.484114 ], [ -122.708223, 45.483995 ], [ -122.708258, 45.483897 ], [ -122.708276, 45.48382 ], [ -122.70828, 45.483749 ], [ -122.708271, 45.483631 ], [ -122.708213, 45.483487 ], [ -122.708149, 45.483367 ], [ -122.70807, 45.483247 ], [ -122.707892, 45.482996 ], [ -122.707725, 45.482726 ], [ -122.707707, 45.482689 ], [ -122.707696, 45.482631 ], [ -122.707701, 45.482468 ], [ -122.707721, 45.482256 ], [ -122.707738, 45.481775 ], [ -122.707745, 45.481574 ], [ -122.70784, 45.481594 ], [ -122.707905, 45.481608 ], [ -122.708154, 45.481647 ], [ -122.708409, 45.481673 ], [ -122.708537, 45.481682 ], [ -122.708719, 45.481688 ], [ -122.709371, 45.481726 ], [ -122.709704, 45.481745 ], [ -122.71018, 45.481806 ], [ -122.710334, 45.48184 ], [ -122.710505, 45.481879 ], [ -122.710836, 45.481968 ], [ -122.71114, 45.482099 ], [ -122.712936, 45.482875 ], [ -122.716472, 45.484474 ], [ -122.716694, 45.48457 ], [ -122.717282, 45.484806 ], [ -122.717738, 45.484963 ], [ -122.718047, 45.485062 ], [ -122.718326, 45.485142 ], [ -122.718671, 45.485218 ], [ -122.718846, 45.485253 ], [ -122.719388, 45.485379 ], [ -122.719642, 45.485413 ], [ -122.719911, 45.48545 ], [ -122.720225, 45.485493 ], [ -122.720699, 45.485546 ], [ -122.721251, 45.485597 ], [ -122.72243, 45.485692 ], [ -122.723234, 45.485786 ], [ -122.723398, 45.485798 ], [ -122.723545, 45.485809 ], [ -122.723719, 45.485824 ], [ -122.724531, 45.485914 ], [ -122.725255, 45.486008 ], [ -122.725559, 45.486048 ], [ -122.726004, 45.486207 ], [ -122.726997, 45.486659 ], [ -122.727393, 45.486822 ], [ -122.727571, 45.486883 ], [ -122.72785, 45.486958 ], [ -122.728042, 45.486997 ], [ -122.72814, 45.487013 ], [ -122.728323, 45.487035 ], [ -122.728541, 45.487052 ], [ -122.728744, 45.487057 ], [ -122.731621, 45.48703 ], [ -122.730814, 45.487768 ] ] ] } },
{ "type": "Feature", "properties": { "GEOID": "41051006900", "NAMELSAD": "Census Tract 69", "area_sqmi": 1.8275020375874649, "total_bike_miles": 1.573, "num_segments": 18, "bike_density": 0.86, "total_pop": 3234, "pop_white": 2430, "pop_black": 0, "pop_asian": 221, "pop_hispanic": 0, "pct_white": 75.1, "pct_nonwhite": 24.9, "pct_black": 0.0, "pct_asian": 6.8, "pct_hispanic": 0.0, "median_income": 207609.0 }, "geometry": { "type": "Polygon", "coordinates": [ [ [ -122.743858, 45.515907 ], [ -122.743859, 45.516665 ], [ -122.74316, 45.51708 ], [ -122.741318, 45.51829 ], [ -122.738916, 45.519041 ], [ -122.73716, 45.519554 ], [ -122.736319, 45.519624 ], [ -122.735103, 45.51939 ], [ -122.733572, 45.519063 ], [ -122.731733, 45.518699 ], [ -122.731534, 45.518671 ], [ -122.731225, 45.518649 ], [ -122.730944, 45.518659 ], [ -122.730685, 45.518693 ], [ -122.73026, 45.518761 ], [ -122.730008, 45.518823 ], [ -122.729646, 45.518942 ], [ -122.729351, 45.519079 ], [ -122.728993, 45.519259 ], [ -122.728769, 45.519363 ], [ -122.728634, 45.519438 ], [ -122.728261, 45.519592 ], [ -122.727994, 45.519682 ], [ -122.727658, 45.51975 ], [ -122.727426, 45.519783 ], [ -122.727139, 45.519799 ], [ -122.726961, 45.519803 ], [ -122.72674, 45.519793 ], [ -122.726497, 45.519769 ], [ -122.726305, 45.519743 ], [ -122.726092, 45.5197 ], [ -122.72583, 45.519628 ], [ -122.725554, 45.519517 ], [ -122.724355, 45.519068 ], [ -122.72405, 45.518974 ], [ -122.723771, 45.518922 ], [ -122.723421, 45.518909 ], [ -122.723083, 45.518939 ], [ -122.722672, 45.519031 ], [ -122.722419, 45.519149 ], [ -122.72228, 45.519222 ], [ -122.722141, 45.519308 ], [ -122.722042, 45.519395 ], [ -122.720892, 45.520439 ], [ -122.720883, 45.520114 ], [ -122.720873, 45.519777 ], [ -122.72024, 45.519801 ], [ -122.719652, 45.519824 ], [ -122.71953, 45.515476 ], [ -122.7193, 45.514231 ], [ -122.719208, 45.51284 ], [ -122.719208, 45.51144 ], [ -122.719218, 45.510957 ], [ -122.719225, 45.510635 ], [ -122.71923, 45.510452 ], [ -122.719303, 45.507864 ], [ -122.719267, 45.507761 ], [ -122.719317, 45.507514 ], [ -122.719351, 45.507349 ], [ -122.719357, 45.507214 ], [ -122.719362, 45.507094 ], [ -122.71937, 45.506883 ], [ -122.719351, 45.50494 ], [ -122.712983, 45.504784 ], [ -122.713216, 45.502181 ], [ -122.713294, 45.502103 ], [ -122.713606, 45.50187 ], [ -122.713993, 45.501596 ], [ -122.714182, 45.50149 ], [ -122.714732, 45.501082 ], [ -122.714883, 45.500965 ], [ -122.71501, 45.500884 ], [ -122.716261, 45.50022 ], [ -122.716397, 45.500169 ], [ -122.71684, 45.500039 ], [ -122.717067, 45.500058 ], [ -122.717586, 45.500296 ], [ -122.717676, 45.500343 ], [ -122.71773, 45.50035 ], [ -122.717779, 45.500339 ], [ -122.717835, 45.500292 ], [ -122.718023, 45.500066 ], [ -122.71816, 45.499893 ], [ -122.718226, 45.499823 ], [ -122.718299, 45.499756 ], [ -122.718805, 45.499449 ], [ -122.719005, 45.49934 ], [ -122.719241, 45.499235 ], [ -122.71959, 45.499123 ], [ -122.719958, 45.49904 ], [ -122.720249, 45.498979 ], [ -122.720395, 45.498968 ], [ -122.72052, 45.498966 ], [ -122.720619, 45.498981 ], [ -122.721453, 45.499073 ], [ -122.722107, 45.499157 ], [ -122.722419, 45.499203 ], [ -122.72286, 45.498988 ], [ -122.723232, 45.498836 ], [ -122.723992, 45.498525 ], [ -122.724371, 45.498373 ], [ -122.724405, 45.498364 ], [ -122.724619, 45.49831 ], [ -122.724831, 45.498269 ], [ -122.725081, 45.498238 ], [ -122.725428, 45.498195 ], [ -122.725579, 45.498194 ], [ -122.725741, 45.498211 ], [ -122.72599, 45.498253 ], [ -122.726097, 45.498277 ], [ -122.726226, 45.498288 ], [ -122.726407, 45.498277 ], [ -122.726637, 45.498245 ], [ -122.726891, 45.498171 ], [ -122.727224, 45.498128 ], [ -122.727804, 45.497949 ], [ -122.727843, 45.497937 ], [ -122.728826, 45.497935 ], [ -122.729097, 45.497934 ], [ -122.729223, 45.498028 ], [ -122.729557, 45.49828 ], [ -122.729716, 45.498399 ], [ -122.72983, 45.498338 ], [ -122.7306, 45.497938 ], [ -122.730691, 45.497938 ], [ -122.730993, 45.497939 ], [ -122.731927, 45.497982 ], [ -122.732018, 45.497986 ], [ -122.732119, 45.497986 ], [ -122.732826, 45.497963 ], [ -122.733589, 45.497945 ], [ -122.735515, 45.49795 ], [ -122.737328, 45.497949 ], [ -122.737959, 45.497956 ], [ -122.738238, 45.497948 ], [ -122.738279, 45.497945 ], [ -122.738374, 45.497939 ], [ -122.738644, 45.497908 ], [ -122.739016, 45.497875 ], [ -122.739804, 45.497821 ], [ -122.739929, 45.497627 ], [ -122.740037, 45.497482 ], [ -122.740168, 45.497372 ], [ -122.740304, 45.497277 ], [ -122.740899, 45.49698 ], [ -122.741125, 45.496853 ], [ -122.741329, 45.496715 ], [ -122.741786, 45.496344 ], [ -122.741966, 45.496179 ], [ -122.742286, 45.495869 ], [ -122.742665, 45.495429 ], [ -122.742703, 45.495385 ], [ -122.742897, 45.495101 ], [ -122.742996, 45.494931 ], [ -122.743131, 45.494657 ], [ -122.743191, 45.494513 ], [ -122.74323, 45.494417 ], [ -122.743304, 45.494195 ], [ -122.743338, 45.494094 ], [ -122.743423, 45.493752 ], [ -122.743461, 45.493518 ], [ -122.743474, 45.493421 ], [ -122.743541, 45.493133 ], [ -122.74357, 45.493035 ], [ -122.743643, 45.492866 ], [ -122.743794, 45.492555 ], [ -122.743793, 45.49278 ], [ -122.743796, 45.492868 ], [ -122.743796, 45.493557 ], [ -122.743796, 45.494138 ], [ -122.743798, 45.494401 ], [ -122.743799, 45.494665 ], [ -122.7438, 45.494911 ], [ -122.743804, 45.49599 ], [ -122.743805, 45.496263 ], [ -122.743805, 45.49655 ], [ -122.743809, 45.497618 ], [ -122.743804, 45.499822 ], [ -122.743803, 45.500043 ], [ -122.743802, 45.500373 ], [ -122.7438, 45.500937 ], [ -122.743796, 45.502401 ], [ -122.743795, 45.502648 ], [ -122.743795, 45.502734 ], [ -122.743793, 45.503856 ], [ -122.743785, 45.505017 ], [ -122.743786, 45.505122 ], [ -122.743794, 45.505652 ], [ -122.743801, 45.506638 ], [ -122.743803, 45.506834 ], [ -122.743803, 45.506861 ], [ -122.743803, 45.50688 ], [ -122.743804, 45.506944 ], [ -122.743804, 45.50696 ], [ -122.743804, 45.506979 ], [ -122.743805, 45.507022 ], [ -122.743805, 45.507114 ], [ -122.743805, 45.507374 ], [ -122.743812, 45.507528 ], [ -122.743812, 45.507609 ], [ -122.743812, 45.507656 ], [ -122.74381, 45.50777 ], [ -122.743813, 45.507886 ], [ -122.743814, 45.508052 ], [ -122.743815, 45.508136 ], [ -122.743815, 45.508181 ], [ -122.743816, 45.508207 ], [ -122.743824, 45.508393 ], [ -122.743825, 45.508475 ], [ -122.743823, 45.50856 ], [ -122.74382, 45.508704 ], [ -122.743826, 45.509399 ], [ -122.743828, 45.509582 ], [ -122.743839, 45.510659 ], [ -122.743847, 45.512509 ], [ -122.743856, 45.5144 ], [ -122.743859, 45.515754 ], [ -122.743858, 45.515907 ] ] ] } },
{ "type": "Feature", "properties": { "GEOID": "41051007300", "NAMELSAD": "Census Tract 73", "area_sqmi": 12.118259252565561, "total_bike_miles": 27.619, "num_segments": 109, "bike_density": 2.28, "total_pop": 1606, "pop_white": 1017, "pop_black": 175, "pop_asian": 13, "pop_hispanic": 0, "pct_white": 63.3, "pct_nonwhite": 36.7, "pct_black": 10.9, "pct_asian": 0.8, "pct_hispanic": 0.0, "median_income": 56250.0 }, "geometry": { "type": "Polygon", "coordinates": [ [ [ -122.647768, 45.584023 ], [ -122.647697, 45.584327 ], [ -122.647629, 45.58462 ], [ -122.647618, 45.584668 ], [ -122.647052, 45.585451 ], [ -122.646499, 45.585843 ], [ -122.646257, 45.586014 ], [ -122.644845, 45.586796 ], [ -122.643963, 45.587337 ], [ -122.64327, 45.587862 ], [ -122.642228, 45.588772 ], [ -122.641511, 45.589553 ], [ -122.641032, 45.590208 ], [ -122.640734, 45.590592 ], [ -122.640561, 45.591071 ], [ -122.640468, 45.591377 ], [ -122.640419, 45.591903 ], [ -122.640472, 45.592401 ], [ -122.640718, 45.593848 ], [ -122.640963, 45.594831 ], [ -122.641452, 45.596534 ], [ -122.642565, 45.600418 ], [ -122.642727, 45.600983 ], [ -122.642766, 45.601893 ], [ -122.642493, 45.602936 ], [ -122.64254, 45.603162 ], [ -122.643907, 45.609739 ], [ -122.643243, 45.609709 ], [ -122.634962, 45.609344 ], [ -122.618573, 45.608619 ], [ -122.607706, 45.608139 ], [ -122.602606, 45.607639 ], [ -122.602106, 45.60744 ], [ -122.59708, 45.60657 ], [ -122.596906, 45.60654 ], [ -122.588923, 45.605221 ], [ -122.586006, 45.60474 ], [ -122.586551, 45.599243 ], [ -122.586596, 45.598793 ], [ -122.586609, 45.598658 ], [ -122.586726, 45.597488 ], [ -122.586204, 45.597193 ], [ -122.585069, 45.596553 ], [ -122.583508, 45.595673 ], [ -122.579482, 45.593402 ], [ -122.573306, 45.590222 ], [ -122.554315, 45.580684 ], [ -122.545473, 45.576927 ], [ -122.544886, 45.576756 ], [ -122.544811, 45.576734 ], [ -122.544739, 45.576704 ], [ -122.544668, 45.576673 ], [ -122.54417, 45.57645 ], [ -122.543354, 45.576085 ], [ -122.542743, 45.575868 ], [ -122.527982, 45.56985 ], [ -122.525896, 45.569039 ], [ -122.525688, 45.569012 ], [ -122.520715, 45.568386 ], [ -122.518804, 45.568155 ], [ -122.515914, 45.567808 ], [ -122.510003, 45.566841 ], [ -122.510016, 45.566722 ], [ -122.51003, 45.566604 ], [ -122.510079, 45.566122 ], [ -122.510328, 45.563692 ], [ -122.51025, 45.563203 ], [ -122.51026, 45.560835 ], [ -122.510265, 45.559555 ], [ -122.510274, 45.559154 ], [ -122.510294, 45.558218 ], [ -122.510295, 45.557658 ], [ -122.510295, 45.557631 ], [ -122.510296, 45.557571 ], [ -122.510299, 45.556577 ], [ -122.510304, 45.555345 ], [ -122.510299, 45.55459 ], [ -122.51031, 45.553631 ], [ -122.510306, 45.552834 ], [ -122.510307, 45.552666 ], [ -122.51111, 45.552808 ], [ -122.511252, 45.552833 ], [ -122.515838, 45.553641 ], [ -122.516149, 45.553696 ], [ -122.519189, 45.554231 ], [ -122.521106, 45.554569 ], [ -122.522551, 45.554824 ], [ -122.528389, 45.555853 ], [ -122.533176, 45.556684 ], [ -122.537756, 45.55748 ], [ -122.537752, 45.557461 ], [ -122.547429, 45.559137 ], [ -122.550651, 45.559698 ], [ -122.554718, 45.560407 ], [ -122.557856, 45.560956 ], [ -122.5587, 45.561104 ], [ -122.560789, 45.561469 ], [ -122.561786, 45.56164 ], [ -122.562492, 45.56176 ], [ -122.562818, 45.561819 ], [ -122.563586, 45.561947 ], [ -122.56792, 45.562721 ], [ -122.568266, 45.562777 ], [ -122.56965, 45.563011 ], [ -122.574991, 45.563915 ], [ -122.575278, 45.563964 ], [ -122.577328, 45.564311 ], [ -122.577705, 45.56438 ], [ -122.57809, 45.564454 ], [ -122.589469, 45.566462 ], [ -122.590326, 45.566613 ], [ -122.590647, 45.566658 ], [ -122.591857, 45.56688 ], [ -122.593531, 45.567142 ], [ -122.595084, 45.567357 ], [ -122.600735, 45.568036 ], [ -122.608867, 45.569059 ], [ -122.609251, 45.569094 ], [ -122.615744, 45.569906 ], [ -122.616252, 45.569982 ], [ -122.617306, 45.570139 ], [ -122.618684, 45.570419 ], [ -122.620282, 45.570736 ], [ -122.630645, 45.572743 ], [ -122.630647, 45.572942 ], [ -122.63065, 45.573201 ], [ -122.630678, 45.573309 ], [ -122.630733, 45.573398 ], [ -122.63075, 45.573413 ], [ -122.630793, 45.573465 ], [ -122.630833, 45.5735 ], [ -122.630968, 45.57357 ], [ -122.631241, 45.573684 ], [ -122.632172, 45.573979 ], [ -122.633555, 45.574262 ], [ -122.633475, 45.574455 ], [ -122.633412, 45.574662 ], [ -122.633368, 45.57487 ], [ -122.633374, 45.575513 ], [ -122.633368, 45.575816 ], [ -122.633375, 45.576011 ], [ -122.633381, 45.576562 ], [ -122.633383, 45.576704 ], [ -122.633404, 45.577844 ], [ -122.633402, 45.57796 ], [ -122.6334, 45.57811 ], [ -122.634609, 45.578172 ], [ -122.636186, 45.578569 ], [ -122.637585, 45.578878 ], [ -122.638238, 45.578957 ], [ -122.638398, 45.579019 ], [ -122.640791, 45.579945 ], [ -122.643896, 45.581157 ], [ -122.64572, 45.581863 ], [ -122.646957, 45.582449 ], [ -122.647185, 45.582588 ], [ -122.647397, 45.582717 ], [ -122.647987, 45.583077 ], [ -122.647768, 45.584023 ] ] ] } },
{ "type": "Feature", "properties": { "GEOID": "41051007400", "NAMELSAD": "Census Tract 74", "area_sqmi": 0.56068274071990953, "total_bike_miles": 3.797, "num_segments": 48, "bike_density": 6.77, "total_pop": 4049, "pop_white": 1562, "pop_black": 932, "pop_asian": 17, "pop_hispanic": 0, "pct_white": 38.6, "pct_nonwhite": 61.4, "pct_black": 23.0, "pct_asian": 0.4, "pct_hispanic": 0.0, "median_income": 71449.0 }, "geometry": { "type": "Polygon", "coordinates": [ [ [ -122.620448, 45.567538 ], [ -122.620428, 45.568463 ], [ -122.62041, 45.568588 ], [ -122.62036, 45.568776 ], [ -122.620287, 45.568986 ], [ -122.620169, 45.569261 ], [ -122.620102, 45.569372 ], [ -122.619957, 45.569569 ], [ -122.619843, 45.569699 ], [ -122.619703, 45.569831 ], [ -122.619529, 45.569964 ], [ -122.619413, 45.570038 ], [ -122.619276, 45.570115 ], [ -122.619071, 45.570216 ], [ -122.618684, 45.570419 ], [ -122.617306, 45.570139 ], [ -122.616252, 45.569982 ], [ -122.615744, 45.569906 ], [ -122.609251, 45.569094 ], [ -122.608867, 45.569059 ], [ -122.600735, 45.568036 ], [ -122.595084, 45.567357 ], [ -122.593531, 45.567142 ], [ -122.591857, 45.56688 ], [ -122.590647, 45.566658 ], [ -122.590693, 45.566606 ], [ -122.593205, 45.563773 ], [ -122.593347, 45.563654 ], [ -122.594175, 45.562709 ], [ -122.59443, 45.562721 ], [ -122.595948, 45.562732 ], [ -122.597679, 45.562739 ], [ -122.599271, 45.562747 ], [ -122.600826, 45.562748 ], [ -122.601991, 45.56275 ], [ -122.602952, 45.562754 ], [ -122.60438, 45.562749 ], [ -122.605703, 45.562744 ], [ -122.60608, 45.562749 ], [ -122.607468, 45.56275 ], [ -122.608502, 45.562749 ], [ -122.609516, 45.56275 ], [ -122.610177, 45.562753 ], [ -122.611416, 45.562758 ], [ -122.611959, 45.562761 ], [ -122.613184, 45.562768 ], [ -122.613384, 45.562769 ], [ -122.614189, 45.562772 ], [ -122.615071, 45.562777 ], [ -122.616935, 45.562787 ], [ -122.620424, 45.562803 ], [ -122.620416, 45.563679 ], [ -122.62041, 45.564266 ], [ -122.620416, 45.565101 ], [ -122.620441, 45.566435 ], [ -122.620447, 45.567128 ], [ -122.620448, 45.567538 ] ] ] } },
{ "type": "Feature", "properties": { "GEOID": "41051007500", "NAMELSAD": "Census Tract 75", "area_sqmi": 0.83358749213687944, "total_bike_miles": 3.055, "num_segments": 45, "bike_density": 3.66, "total_pop": 5124, "pop_white": 3262, "pop_black": 552, "pop_asian": 330, "pop_hispanic": 0, "pct_white": 63.7, "pct_nonwhite": 36.3, "pct_black": 10.8, "pct_asian": 6.4, "pct_hispanic": 0.0, "median_income": 91103.0 }, "geometry": { "type": "Polygon", "coordinates": [ [ [ -122.620424, 45.562803 ], [ -122.616935, 45.562787 ], [ -122.615071, 45.562777 ], [ -122.614189, 45.562772 ], [ -122.613384, 45.562769 ], [ -122.613184, 45.562768 ], [ -122.611959, 45.562761 ], [ -122.611416, 45.562758 ], [ -122.610177, 45.562753 ], [ -122.609516, 45.56275 ], [ -122.608502, 45.562749 ], [ -122.607468, 45.56275 ], [ -122.60608, 45.562749 ], [ -122.605703, 45.562744 ], [ -122.60438, 45.562749 ], [ -122.602952, 45.562754 ], [ -122.601991, 45.56275 ], [ -122.600826, 45.562748 ], [ -122.599271, 45.562747 ], [ -122.597679, 45.562739 ], [ -122.595948, 45.562732 ], [ -122.59443, 45.562721 ], [ -122.594175, 45.562709 ], [ -122.594537, 45.562337 ], [ -122.594699, 45.562201 ], [ -122.595571, 45.561328 ], [ -122.59608, 45.560815 ], [ -122.59635, 45.560562 ], [ -122.596539, 45.560364 ], [ -122.596926, 45.559985 ], [ -122.597248, 45.559666 ], [ -122.597431, 45.559485 ], [ -122.59776, 45.559096 ], [ -122.598485, 45.55827 ], [ -122.598526, 45.558208 ], [ -122.598567, 45.558147 ], [ -122.59915, 45.557494 ], [ -122.599283, 45.55733 ], [ -122.59949, 45.557084 ], [ -122.599846, 45.556662 ], [ -122.600438, 45.555962 ], [ -122.60052, 45.555866 ], [ -122.600852, 45.555453 ], [ -122.602185, 45.553878 ], [ -122.603352, 45.552488 ], [ -122.603576, 45.552225 ], [ -122.60395, 45.55179 ], [ -122.604423, 45.551191 ], [ -122.60448, 45.551098 ], [ -122.604495, 45.550753 ], [ -122.6045, 45.550384 ], [ -122.604503, 45.550065 ], [ -122.604511, 45.549671 ], [ -122.604514, 45.549405 ], [ -122.604524, 45.548958 ], [ -122.604535, 45.548325 ], [ -122.604542, 45.548242 ], [ -122.605564, 45.548247 ], [ -122.606578, 45.548252 ], [ -122.607593, 45.548258 ], [ -122.608608, 45.548263 ], [ -122.609623, 45.548268 ], [ -122.610237, 45.548271 ], [ -122.610636, 45.548274 ], [ -122.611268, 45.548274 ], [ -122.611653, 45.548275 ], [ -122.61267, 45.548278 ], [ -122.613683, 45.548282 ], [ -122.614698, 45.548285 ], [ -122.615052, 45.548286 ], [ -122.615042, 45.54974 ], [ -122.614993, 45.550109 ], [ -122.614968, 45.55019 ], [ -122.614956, 45.551017 ], [ -122.614945, 45.55188 ], [ -122.614951, 45.552396 ], [ -122.614942, 45.55259 ], [ -122.614933, 45.552829 ], [ -122.614921, 45.553732 ], [ -122.61491, 45.554631 ], [ -122.614904, 45.555448 ], [ -122.614881, 45.55553 ], [ -122.620402, 45.555556 ], [ -122.620403, 45.556694 ], [ -122.620403, 45.557498 ], [ -122.620402, 45.558267 ], [ -122.620393, 45.558895 ], [ -122.620402, 45.559606 ], [ -122.620394, 45.560249 ], [ -122.620423, 45.560931 ], [ -122.620423, 45.561314 ], [ -122.620423, 45.561491 ], [ -122.620424, 45.562803 ] ] ] } },
{ "type": "Feature", "properties": { "GEOID": "41051007600", "NAMELSAD": "Census Tract 76", "area_sqmi": 0.61710954842208654, "total_bike_miles": 1.664, "num_segments": 21, "bike_density": 2.7, "total_pop": 3855, "pop_white": 1807, "pop_black": 232, "pop_asian": 445, "pop_hispanic": 0, "pct_white": 46.9, "pct_nonwhite": 53.1, "pct_black": 6.0, "pct_asian": 11.5, "pct_hispanic": 0.0, "median_income": 80789.0 }, "geometry": { "type": "Polygon", "coordinates": [ [ [ -122.60052, 45.555866 ], [ -122.600438, 45.555962 ], [ -122.599846, 45.556662 ], [ -122.59949, 45.557084 ], [ -122.599283, 45.55733 ], [ -122.59915, 45.557494 ], [ -122.598567, 45.558147 ], [ -122.598526, 45.558208 ], [ -122.598485, 45.55827 ], [ -122.59776, 45.559096 ], [ -122.597431, 45.559485 ], [ -122.597248, 45.559666 ], [ -122.596926, 45.559985 ], [ -122.596539, 45.560364 ], [ -122.59635, 45.560562 ], [ -122.59608, 45.560815 ], [ -122.595571, 45.561328 ], [ -122.594699, 45.562201 ], [ -122.594537, 45.562337 ], [ -122.594175, 45.562709 ], [ -122.593347, 45.563654 ], [ -122.593205, 45.563773 ], [ -122.590693, 45.566606 ], [ -122.590647, 45.566658 ], [ -122.590326, 45.566613 ], [ -122.589469, 45.566462 ], [ -122.57809, 45.564454 ], [ -122.577705, 45.56438 ], [ -122.577704, 45.564356 ], [ -122.577701, 45.564261 ], [ -122.577645, 45.562676 ], [ -122.57766, 45.562027 ], [ -122.577694, 45.561251 ], [ -122.577746, 45.560989 ], [ -122.57778, 45.560913 ], [ -122.577821, 45.560839 ], [ -122.577869, 45.560768 ], [ -122.578514, 45.560196 ], [ -122.578536, 45.559875 ], [ -122.578547, 45.559174 ], [ -122.578556, 45.558586 ], [ -122.578566, 45.558121 ], [ -122.578572, 45.557948 ], [ -122.578581, 45.557339 ], [ -122.578585, 45.557115 ], [ -122.578593, 45.556674 ], [ -122.578616, 45.555425 ], [ -122.579016, 45.555425 ], [ -122.579081, 45.555425 ], [ -122.579617, 45.555427 ], [ -122.580631, 45.555428 ], [ -122.581616, 45.55543 ], [ -122.582663, 45.555433 ], [ -122.583676, 45.555433 ], [ -122.584687, 45.555433 ], [ -122.585705, 45.555436 ], [ -122.586764, 45.555437 ], [ -122.587735, 45.555439 ], [ -122.588754, 45.555441 ], [ -122.588993, 45.555439 ], [ -122.58916, 45.55544 ], [ -122.590175, 45.555442 ], [ -122.591191, 45.555443 ], [ -122.592205, 45.555445 ], [ -122.593221, 45.555446 ], [ -122.595251, 45.555449 ], [ -122.596266, 45.555451 ], [ -122.597281, 45.555452 ], [ -122.598299, 45.555452 ], [ -122.599257, 45.555455 ], [ -122.600852, 45.555453 ], [ -122.60052, 45.555866 ] ] ] } },
{ "type": "Feature", "properties": { "GEOID": "41051007700", "NAMELSAD": "Census Tract 77", "area_sqmi": 0.42260612332650449, "total_bike_miles": 1.616, "num_segments": 17, "bike_density": 3.82, "total_pop": 2006, "pop_white": 958, "pop_black": 322, "pop_asian": 97, "pop_hispanic": 0, "pct_white": 47.8, "pct_nonwhite": 52.2, "pct_black": 16.1, "pct_asian": 4.8, "pct_hispanic": 0.0, "median_income": 75833.0 }, "geometry": { "type": "Polygon", "coordinates": [ [ [ -122.578666, 45.552657 ], [ -122.578645, 45.553796 ], [ -122.578616, 45.555425 ], [ -122.578593, 45.556674 ], [ -122.578585, 45.557115 ], [ -122.578581, 45.557339 ], [ -122.578572, 45.557948 ], [ -122.578566, 45.558121 ], [ -122.578556, 45.558586 ], [ -122.578547, 45.559174 ], [ -122.578536, 45.559875 ], [ -122.578514, 45.560196 ], [ -122.577869, 45.560768 ], [ -122.577821, 45.560839 ], [ -122.57778, 45.560913 ], [ -122.577746, 45.560989 ], [ -122.577694, 45.561251 ], [ -122.57766, 45.562027 ], [ -122.577645, 45.562676 ], [ -122.577701, 45.564261 ], [ -122.577704, 45.564356 ], [ -122.577705, 45.56438 ], [ -122.577328, 45.564311 ], [ -122.575278, 45.563964 ], [ -122.574991, 45.563915 ], [ -122.56965, 45.563011 ], [ -122.568266, 45.562777 ], [ -122.56792, 45.562721 ], [ -122.563586, 45.561947 ], [ -122.562818, 45.561819 ], [ -122.562492, 45.56176 ], [ -122.561786, 45.56164 ], [ -122.560789, 45.561469 ], [ -122.5587, 45.561104 ], [ -122.557856, 45.560956 ], [ -122.557846, 45.560934 ], [ -122.557762, 45.560755 ], [ -122.557764, 45.559118 ], [ -122.558772, 45.559208 ], [ -122.559774, 45.559297 ], [ -122.560807, 45.559396 ], [ -122.561244, 45.559329 ], [ -122.561994, 45.559086 ], [ -122.562827, 45.558792 ], [ -122.563862, 45.55839 ], [ -122.564867, 45.558005 ], [ -122.56548, 45.557727 ], [ -122.566587, 45.557357 ], [ -122.567227, 45.557066 ], [ -122.567621, 45.556929 ], [ -122.567966, 45.55679 ], [ -122.568216, 45.556687 ], [ -122.568807, 45.556447 ], [ -122.570154, 45.555897 ], [ -122.570551, 45.555736 ], [ -122.570653, 45.555691 ], [ -122.570765, 45.555649 ], [ -122.572125, 45.555095 ], [ -122.573723, 45.554443 ], [ -122.574709, 45.55404 ], [ -122.575617, 45.553674 ], [ -122.575937, 45.553543 ], [ -122.577005, 45.553107 ], [ -122.57777, 45.552795 ], [ -122.57867, 45.552428 ], [ -122.578666, 45.552657 ] ] ] } },
{ "type": "Feature", "properties": { "GEOID": "41051007800", "NAMELSAD": "Census Tract 78", "area_sqmi": 0.43230620106359269, "total_bike_miles": 1.991, "num_segments": 19, "bike_density": 4.61, "total_pop": 1915, "pop_white": 1249, "pop_black": 69, "pop_asian": 287, "pop_hispanic": 0, "pct_white": 65.2, "pct_nonwhite": 34.8, "pct_black": 3.6, "pct_asian": 15.0, "pct_hispanic": 0.0, "median_income": 102563.0 }, "geometry": { "type": "Polygon", "coordinates": [ [ [ -122.575617, 45.553674 ], [ -122.574709, 45.55404 ], [ -122.573723, 45.554443 ], [ -122.572125, 45.555095 ], [ -122.570765, 45.555649 ], [ -122.570653, 45.555691 ], [ -122.570551, 45.555736 ], [ -122.570154, 45.555897 ], [ -122.568807, 45.556447 ], [ -122.568216, 45.556687 ], [ -122.567966, 45.55679 ], [ -122.567621, 45.556929 ], [ -122.567227, 45.557066 ], [ -122.566587, 45.557357 ], [ -122.56548, 45.557727 ], [ -122.564867, 45.558005 ], [ -122.563862, 45.55839 ], [ -122.562827, 45.558792 ], [ -122.561994, 45.559086 ], [ -122.561244, 45.559329 ], [ -122.560807, 45.559396 ], [ -122.559774, 45.559297 ], [ -122.558772, 45.559208 ], [ -122.557764, 45.559118 ], [ -122.557765, 45.557199 ], [ -122.557767, 45.555389 ], [ -122.557778, 45.554526 ], [ -122.557781, 45.553579 ], [ -122.557784, 45.552784 ], [ -122.557791, 45.551989 ], [ -122.557791, 45.55178 ], [ -122.557797, 45.551194 ], [ -122.557801, 45.550807 ], [ -122.557804, 45.550398 ], [ -122.557794, 45.549962 ], [ -122.557815, 45.549603 ], [ -122.557799, 45.549169 ], [ -122.55776, 45.548818 ], [ -122.557751, 45.548106 ], [ -122.557744, 45.547741 ], [ -122.557737, 45.547569 ], [ -122.557749, 45.547259 ], [ -122.557751, 45.547105 ], [ -122.55783, 45.54614 ], [ -122.558276, 45.545743 ], [ -122.558568, 45.545452 ], [ -122.55885, 45.545139 ], [ -122.559233, 45.544661 ], [ -122.559593, 45.543969 ], [ -122.559793, 45.543511 ], [ -122.559942, 45.543023 ], [ -122.560054, 45.542387 ], [ -122.56007, 45.542241 ], [ -122.560107, 45.541918 ], [ -122.560344, 45.538597 ], [ -122.560483, 45.537827 ], [ -122.560628, 45.537239 ], [ -122.56092, 45.536609 ], [ -122.56141, 45.535832 ], [ -122.561907, 45.535238 ], [ -122.562479, 45.534668 ], [ -122.563319, 45.534 ], [ -122.563925, 45.533649 ], [ -122.564462, 45.533347 ], [ -122.564742, 45.533234 ], [ -122.56452, 45.534133 ], [ -122.564194, 45.535327 ], [ -122.563814, 45.536758 ], [ -122.563289, 45.538732 ], [ -122.562694, 45.540973 ], [ -122.56225, 45.54222 ], [ -122.562168, 45.542449 ], [ -122.561691, 45.543581 ], [ -122.560742, 45.545776 ], [ -122.560605, 45.546264 ], [ -122.560532, 45.546636 ], [ -122.560519, 45.547007 ], [ -122.56054, 45.547303 ], [ -122.560567, 45.547527 ], [ -122.56063, 45.547835 ], [ -122.560672, 45.547983 ], [ -122.560749, 45.548199 ], [ -122.560922, 45.548566 ], [ -122.561109, 45.548876 ], [ -122.561293, 45.549146 ], [ -122.561438, 45.549348 ], [ -122.561634, 45.549569 ], [ -122.562029, 45.549942 ], [ -122.56278, 45.55047 ], [ -122.56391, 45.55131 ], [ -122.564272, 45.551562 ], [ -122.565197, 45.552226 ], [ -122.565526, 45.552501 ], [ -122.565697, 45.552672 ], [ -122.565767, 45.552742 ], [ -122.566044, 45.553014 ], [ -122.56627, 45.553293 ], [ -122.566434, 45.55351 ], [ -122.566501, 45.553609 ], [ -122.567073, 45.55371 ], [ -122.567063, 45.553581 ], [ -122.567605, 45.553576 ], [ -122.567831, 45.553574 ], [ -122.567872, 45.55357 ], [ -122.56822, 45.55354 ], [ -122.568494, 45.553503 ], [ -122.568811, 45.553506 ], [ -122.569979, 45.553556 ], [ -122.570381, 45.553584 ], [ -122.573444, 45.553601 ], [ -122.575443, 45.553607 ], [ -122.575617, 45.553674 ] ] ] } },
{ "type": "Feature", "properties": { "GEOID": "41051000401", "NAMELSAD": "Census Tract 4.01", "area_sqmi": 0.52371169590803701, "total_bike_miles": 1.2, "num_segments": 36, "bike_density": 2.29, "total_pop": 4010, "pop_white": 3494, "pop_black": 40, "pop_asian": 118, "pop_hispanic": 0, "pct_white": 87.1, "pct_nonwhite": 12.9, "pct_black": 1.0, "pct_asian": 2.9, "pct_hispanic": 0.0, "median_income": 108427.0 }, "geometry": { "type": "Polygon", "coordinates": [ [ [ -122.620587, 45.479927 ], [ -122.620584, 45.480638 ], [ -122.620581, 45.48135 ], [ -122.620578, 45.482061 ], [ -122.620578, 45.4821 ], [ -122.620572, 45.482776 ], [ -122.620564, 45.483851 ], [ -122.620571, 45.48471 ], [ -122.620581, 45.485411 ], [ -122.620575, 45.485444 ], [ -122.620582, 45.485684 ], [ -122.620581, 45.486678 ], [ -122.620563, 45.487411 ], [ -122.620555, 45.487549 ], [ -122.620514, 45.487754 ], [ -122.620403, 45.488029 ], [ -122.620368, 45.488096 ], [ -122.619997, 45.488822 ], [ -122.619963, 45.48889 ], [ -122.619881, 45.489102 ], [ -122.619844, 45.489253 ], [ -122.619825, 45.489404 ], [ -122.619819, 45.489548 ], [ -122.619815, 45.489684 ], [ -122.619794, 45.489835 ], [ -122.619772, 45.489917 ], [ -122.619652, 45.490138 ], [ -122.619584, 45.490222 ], [ -122.619484, 45.490296 ], [ -122.618977, 45.490296 ], [ -122.617804, 45.490294 ], [ -122.616815, 45.490292 ], [ -122.61584, 45.490292 ], [ -122.614866, 45.490292 ], [ -122.61389, 45.490299 ], [ -122.612915, 45.4903 ], [ -122.61194, 45.4903 ], [ -122.610965, 45.4903 ], [ -122.610169, 45.490307 ], [ -122.609991, 45.4903 ], [ -122.608994, 45.490297 ], [ -122.608954, 45.489687 ], [ -122.608914, 45.4891 ], [ -122.608873, 45.48847 ], [ -122.608831, 45.487898 ], [ -122.608747, 45.486679 ], [ -122.608742, 45.485679 ], [ -122.608742, 45.485419 ], [ -122.60874, 45.48504 ], [ -122.60874, 45.484666 ], [ -122.608746, 45.484256 ], [ -122.608739, 45.483868 ], [ -122.608738, 45.483418 ], [ -122.608738, 45.483057 ], [ -122.608737, 45.48272 ], [ -122.60872, 45.482018 ], [ -122.608733, 45.48184 ], [ -122.60873, 45.481351 ], [ -122.608728, 45.480953 ], [ -122.608732, 45.480558 ], [ -122.608731, 45.479992 ], [ -122.608727, 45.479163 ], [ -122.608724, 45.478422 ], [ -122.608722, 45.477708 ], [ -122.608721, 45.477487 ], [ -122.60872, 45.476996 ], [ -122.608719, 45.476534 ], [ -122.608718, 45.476283 ], [ -122.608717, 45.475912 ], [ -122.608731, 45.47583 ], [ -122.610054, 45.475835 ], [ -122.610435, 45.475838 ], [ -122.611406, 45.475839 ], [ -122.611404, 45.476289 ], [ -122.612415, 45.47629 ], [ -122.613429, 45.476293 ], [ -122.614442, 45.476295 ], [ -122.615456, 45.476298 ], [ -122.616469, 45.476301 ], [ -122.617483, 45.476303 ], [ -122.61748, 45.477016 ], [ -122.61748, 45.47711 ], [ -122.617477, 45.47773 ], [ -122.617474, 45.478443 ], [ -122.617472, 45.479182 ], [ -122.618485, 45.479184 ], [ -122.619418, 45.479186 ], [ -122.619518, 45.479187 ], [ -122.62059, 45.47919 ], [ -122.620587, 45.479927 ] ] ] } },
{ "type": "Feature", "properties": { "GEOID": "41051003000", "NAMELSAD": "Census Tract 30", "area_sqmi": 0.63016982085887785, "total_bike_miles": 1.656, "num_segments": 29, "bike_density": 2.63, "total_pop": 4994, "pop_white": 3951, "pop_black": 288, "pop_asian": 249, "pop_hispanic": 0, "pct_white": 79.1, "pct_nonwhite": 20.9, "pct_black": 5.8, "pct_asian": 5.0, "pct_hispanic": 0.0, "median_income": 110000.0 }, "geometry": { "type": "Polygon", "coordinates": [ [ [ -122.630691, 45.548939 ], [ -122.630691, 45.549279 ], [ -122.630685, 45.550068 ], [ -122.630682, 45.551779 ], [ -122.630677, 45.55304 ], [ -122.630674, 45.553676 ], [ -122.630671, 45.554302 ], [ -122.630668, 45.555198 ], [ -122.630669, 45.555383 ], [ -122.630666, 45.556292 ], [ -122.630665, 45.556708 ], [ -122.630664, 45.557633 ], [ -122.630663, 45.558298 ], [ -122.630662, 45.55902 ], [ -122.630661, 45.55982 ], [ -122.63066, 45.560304 ], [ -122.630659, 45.561329 ], [ -122.630656, 45.561511 ], [ -122.630657, 45.562715 ], [ -122.629642, 45.562724 ], [ -122.628627, 45.562732 ], [ -122.627612, 45.562741 ], [ -122.626597, 45.562749 ], [ -122.625925, 45.562758 ], [ -122.625518, 45.562758 ], [ -122.624465, 45.562768 ], [ -122.62345, 45.562777 ], [ -122.622438, 45.562786 ], [ -122.621421, 45.562795 ], [ -122.620424, 45.562803 ], [ -122.620423, 45.561491 ], [ -122.620423, 45.561314 ], [ -122.620423, 45.560931 ], [ -122.620394, 45.560249 ], [ -122.620402, 45.559606 ], [ -122.620393, 45.558895 ], [ -122.620402, 45.558267 ], [ -122.620403, 45.557498 ], [ -122.620403, 45.556694 ], [ -122.620402, 45.555556 ], [ -122.614881, 45.55553 ], [ -122.614904, 45.555448 ], [ -122.61491, 45.554631 ], [ -122.614921, 45.553732 ], [ -122.614933, 45.552829 ], [ -122.614942, 45.55259 ], [ -122.614951, 45.552396 ], [ -122.614945, 45.55188 ], [ -122.614956, 45.551017 ], [ -122.614968, 45.55019 ], [ -122.614993, 45.550109 ], [ -122.615042, 45.54974 ], [ -122.615052, 45.548286 ], [ -122.615713, 45.548288 ], [ -122.616122, 45.548289 ], [ -122.616729, 45.548291 ], [ -122.617136, 45.548292 ], [ -122.617744, 45.548294 ], [ -122.618367, 45.548296 ], [ -122.618755, 45.548297 ], [ -122.619363, 45.548299 ], [ -122.619773, 45.5483 ], [ -122.62038, 45.5483 ], [ -122.620789, 45.5483 ], [ -122.621804, 45.548296 ], [ -122.622827, 45.548293 ], [ -122.623187, 45.54829 ], [ -122.623834, 45.548287 ], [ -122.624777, 45.548282 ], [ -122.624955, 45.548285 ], [ -122.625129, 45.548281 ], [ -122.626054, 45.548276 ], [ -122.627064, 45.548272 ], [ -122.628082, 45.548267 ], [ -122.629128, 45.548262 ], [ -122.630088, 45.548258 ], [ -122.630693, 45.548255 ], [ -122.630691, 45.548939 ] ] ] } },
{ "type": "Feature", "properties": { "GEOID": "41051003100", "NAMELSAD": "Census Tract 31", "area_sqmi": 0.49606936593574119, "total_bike_miles": 1.807, "num_segments": 44, "bike_density": 3.64, "total_pop": 4864, "pop_white": 3936, "pop_black": 76, "pop_asian": 76, "pop_hispanic": 0, "pct_white": 80.9, "pct_nonwhite": 19.1, "pct_black": 1.6, "pct_asian": 1.6, "pct_hispanic": 0.0, "median_income": 145026.0 }, "geometry": { "type": "Polygon", "coordinates": [ [ [ -122.641101, 45.54944 ], [ -122.64105, 45.550764 ], [ -122.640647, 45.550576 ], [ -122.640078, 45.550294 ], [ -122.639601, 45.55006 ], [ -122.639026, 45.54982 ], [ -122.639423, 45.550184 ], [ -122.640189, 45.550734 ], [ -122.640377, 45.550987 ], [ -122.640515, 45.551079 ], [ -122.640596, 45.551128 ], [ -122.640663, 45.551184 ], [ -122.64075, 45.551307 ], [ -122.640778, 45.551467 ], [ -122.640813, 45.551529 ], [ -122.640863, 45.551576 ], [ -122.640915, 45.551678 ], [ -122.640972, 45.551843 ], [ -122.640935, 45.552875 ], [ -122.640923, 45.553067 ], [ -122.640956, 45.554339 ], [ -122.640955, 45.55542 ], [ -122.640953, 45.556333 ], [ -122.640943, 45.557674 ], [ -122.640932, 45.559058 ], [ -122.640922, 45.560305 ], [ -122.640912, 45.561539 ], [ -122.640903, 45.562611 ], [ -122.640859, 45.562692 ], [ -122.640333, 45.562693 ], [ -122.639817, 45.562694 ], [ -122.639296, 45.562695 ], [ -122.638873, 45.562695 ], [ -122.638676, 45.562696 ], [ -122.638365, 45.562696 ], [ -122.638139, 45.562696 ], [ -122.637858, 45.562697 ], [ -122.637607, 45.562698 ], [ -122.63735, 45.562698 ], [ -122.637067, 45.562699 ], [ -122.636843, 45.562699 ], [ -122.636537, 45.562699 ], [ -122.636335, 45.562699 ], [ -122.635928, 45.562698 ], [ -122.635434, 45.5627 ], [ -122.634903, 45.562701 ], [ -122.634373, 45.562703 ], [ -122.633842, 45.562705 ], [ -122.633311, 45.562706 ], [ -122.63278, 45.562708 ], [ -122.632249, 45.562709 ], [ -122.631719, 45.562711 ], [ -122.631188, 45.562713 ], [ -122.630657, 45.562715 ], [ -122.630656, 45.561511 ], [ -122.630659, 45.561329 ], [ -122.63066, 45.560304 ], [ -122.630661, 45.55982 ], [ -122.630662, 45.55902 ], [ -122.630663, 45.558298 ], [ -122.630664, 45.557633 ], [ -122.630665, 45.556708 ], [ -122.630666, 45.556292 ], [ -122.630669, 45.555383 ], [ -122.630668, 45.555198 ], [ -122.630671, 45.554302 ], [ -122.630674, 45.553676 ], [ -122.630677, 45.55304 ], [ -122.630682, 45.551779 ], [ -122.630685, 45.550068 ], [ -122.630691, 45.549279 ], [ -122.630691, 45.548939 ], [ -122.630693, 45.548255 ], [ -122.631708, 45.548252 ], [ -122.632723, 45.54825 ], [ -122.633012, 45.548249 ], [ -122.633736, 45.548248 ], [ -122.634492, 45.548246 ], [ -122.63476, 45.548246 ], [ -122.635918, 45.548242 ], [ -122.637048, 45.548239 ], [ -122.638062, 45.548237 ], [ -122.639077, 45.548234 ], [ -122.640092, 45.548231 ], [ -122.641107, 45.548229 ], [ -122.641101, 45.54944 ] ] ] } },
{ "type": "Feature", "properties": { "GEOID": "41051003200", "NAMELSAD": "Census Tract 32", "area_sqmi": 0.44220541337538061, "total_bike_miles": 0.426, "num_segments": 11, "bike_density": 0.96, "total_pop": 4451, "pop_white": 3625, "pop_black": 180, "pop_asian": 217, "pop_hispanic": 0, "pct_white": 81.4, "pct_nonwhite": 18.6, "pct_black": 4.0, "pct_asian": 4.9, "pct_hispanic": 0.0, "median_income": 171157.0 }, "geometry": { "type": "Polygon", "coordinates": [ [ [ -122.650386, 45.549473 ], [ -122.650374, 45.550774 ], [ -122.650365, 45.551865 ], [ -122.650358, 45.553112 ], [ -122.65035, 45.554374 ], [ -122.650346, 45.554867 ], [ -122.65033, 45.555004 ], [ -122.650307, 45.555103 ], [ -122.650265, 45.55521 ], [ -122.649911, 45.555456 ], [ -122.649804, 45.555531 ], [ -122.64974, 45.555681 ], [ -122.649735, 45.556367 ], [ -122.649724, 45.557707 ], [ -122.649713, 45.559091 ], [ -122.649704, 45.560339 ], [ -122.649694, 45.561572 ], [ -122.649686, 45.56272 ], [ -122.64906, 45.562717 ], [ -122.64871, 45.562716 ], [ -122.648045, 45.562713 ], [ -122.647734, 45.562712 ], [ -122.64703, 45.562709 ], [ -122.646758, 45.562708 ], [ -122.646034, 45.562705 ], [ -122.645782, 45.562704 ], [ -122.644806, 45.562699 ], [ -122.64349, 45.562693 ], [ -122.642955, 45.562693 ], [ -122.642855, 45.562693 ], [ -122.642419, 45.562692 ], [ -122.641882, 45.562692 ], [ -122.64135, 45.562692 ], [ -122.640859, 45.562692 ], [ -122.640903, 45.562611 ], [ -122.640912, 45.561539 ], [ -122.640922, 45.560305 ], [ -122.640932, 45.559058 ], [ -122.640943, 45.557674 ], [ -122.640953, 45.556333 ], [ -122.640955, 45.55542 ], [ -122.640956, 45.554339 ], [ -122.640923, 45.553067 ], [ -122.640935, 45.552875 ], [ -122.640972, 45.551843 ], [ -122.640915, 45.551678 ], [ -122.640863, 45.551576 ], [ -122.640813, 45.551529 ], [ -122.640778, 45.551467 ], [ -122.64075, 45.551307 ], [ -122.640663, 45.551184 ], [ -122.640596, 45.551128 ], [ -122.640515, 45.551079 ], [ -122.640377, 45.550987 ], [ -122.640189, 45.550734 ], [ -122.639423, 45.550184 ], [ -122.639026, 45.54982 ], [ -122.639601, 45.55006 ], [ -122.640078, 45.550294 ], [ -122.640647, 45.550576 ], [ -122.64105, 45.550764 ], [ -122.641101, 45.54944 ], [ -122.641107, 45.548229 ], [ -122.642121, 45.548231 ], [ -122.643136, 45.548232 ], [ -122.64419, 45.548233 ], [ -122.645244, 45.548234 ], [ -122.646256, 45.548236 ], [ -122.647273, 45.548237 ], [ -122.648328, 45.548238 ], [ -122.649382, 45.54824 ], [ -122.650397, 45.548241 ], [ -122.650386, 45.549473 ] ] ] } },
{ "type": "Feature", "properties": { "GEOID": "41051003302", "NAMELSAD": "Census Tract 33.02", "area_sqmi": 0.27122582220526903, "total_bike_miles": 0.0, "num_segments": 1, "bike_density": 0.0, "total_pop": 4185, "pop_white": 2353, "pop_black": 597, "pop_asian": 98, "pop_hispanic": 0, "pct_white": 56.2, "pct_nonwhite": 43.8, "pct_black": 14.3, "pct_asian": 2.3, "pct_hispanic": 0.0, "median_income": 94975.0 }, "geometry": { "type": "Polygon", "coordinates": [ [ [ -122.661578, 45.549522 ], [ -122.661568, 45.550802 ], [ -122.661556, 45.55207 ], [ -122.661547, 45.553318 ], [ -122.661537, 45.554566 ], [ -122.661537, 45.555503 ], [ -122.660533, 45.555501 ], [ -122.659557, 45.555497 ], [ -122.658581, 45.555494 ], [ -122.657605, 45.55549 ], [ -122.656983, 45.555492 ], [ -122.656628, 45.555487 ], [ -122.655651, 45.555483 ], [ -122.654674, 45.55548 ], [ -122.653697, 45.555477 ], [ -122.65272, 45.555473 ], [ -122.651743, 45.55547 ], [ -122.650718, 45.555459 ], [ -122.649911, 45.555456 ], [ -122.650265, 45.55521 ], [ -122.650307, 45.555103 ], [ -122.65033, 45.555004 ], [ -122.650346, 45.554867 ], [ -122.65035, 45.554374 ], [ -122.650358, 45.553112 ], [ -122.650365, 45.551865 ], [ -122.650374, 45.550774 ], [ -122.650386, 45.549473 ], [ -122.650397, 45.548241 ], [ -122.651411, 45.548242 ], [ -122.651809, 45.548243 ], [ -122.652425, 45.548245 ], [ -122.652785, 45.548246 ], [ -122.65344, 45.548247 ], [ -122.653761, 45.548248 ], [ -122.654455, 45.54825 ], [ -122.654737, 45.548251 ], [ -122.65497, 45.548251 ], [ -122.655713, 45.548253 ], [ -122.656689, 45.548256 ], [ -122.657665, 45.548258 ], [ -122.65859, 45.548267 ], [ -122.659616, 45.548276 ], [ -122.660592, 45.548279 ], [ -122.661587, 45.548274 ], [ -122.661578, 45.549522 ] ] ] } },
{ "type": "Feature", "properties": { "GEOID": "41051003401", "NAMELSAD": "Census Tract 34.01", "area_sqmi": 0.36841749262120305, "total_bike_miles": 2.337, "num_segments": 52, "bike_density": 6.34, "total_pop": 3517, "pop_white": 2235, "pop_black": 543, "pop_asian": 143, "pop_hispanic": 0, "pct_white": 63.5, "pct_nonwhite": 36.5, "pct_black": 15.4, "pct_asian": 4.1, "pct_hispanic": 0.0, "median_income": 86351.0 }, "geometry": { "type": "Polygon", "coordinates": [ [ [ -122.675509, 45.555345 ], [ -122.675501, 45.555383 ], [ -122.675447, 45.555494 ], [ -122.674937, 45.555862 ], [ -122.674942, 45.556879 ], [ -122.67493, 45.558223 ], [ -122.674969, 45.558303 ], [ -122.675007, 45.558383 ], [ -122.675002, 45.559012 ], [ -122.674996, 45.559724 ], [ -122.674989, 45.560436 ], [ -122.674983, 45.561152 ], [ -122.674976, 45.56187 ], [ -122.674966, 45.562681 ], [ -122.67395, 45.562685 ], [ -122.672939, 45.562689 ], [ -122.671804, 45.562693 ], [ -122.671198, 45.562696 ], [ -122.670655, 45.562699 ], [ -122.670118, 45.562701 ], [ -122.669658, 45.562705 ], [ -122.668739, 45.562707 ], [ -122.668112, 45.562711 ], [ -122.667995, 45.562705 ], [ -122.667454, 45.562718 ], [ -122.666921, 45.562717 ], [ -122.666384, 45.562719 ], [ -122.665846, 45.562721 ], [ -122.665309, 45.562717 ], [ -122.664771, 45.56272 ], [ -122.664233, 45.562729 ], [ -122.663696, 45.562725 ], [ -122.663159, 45.562728 ], [ -122.662623, 45.56273 ], [ -122.662086, 45.562726 ], [ -122.661432, 45.562735 ], [ -122.66145, 45.561812 ], [ -122.661453, 45.561616 ], [ -122.661462, 45.56116 ], [ -122.661472, 45.560631 ], [ -122.661475, 45.560492 ], [ -122.661484, 45.560028 ], [ -122.661502, 45.559123 ], [ -122.661529, 45.557667 ], [ -122.661536, 45.557315 ], [ -122.661552, 45.556408 ], [ -122.661537, 45.555503 ], [ -122.661537, 45.554566 ], [ -122.661694, 45.554588 ], [ -122.662634, 45.554586 ], [ -122.663661, 45.554585 ], [ -122.664679, 45.554583 ], [ -122.6657, 45.554583 ], [ -122.666753, 45.554579 ], [ -122.668003, 45.554572 ], [ -122.668455, 45.55457 ], [ -122.669, 45.554572 ], [ -122.669553, 45.554574 ], [ -122.670103, 45.554576 ], [ -122.670654, 45.554578 ], [ -122.671204, 45.55458 ], [ -122.671754, 45.554582 ], [ -122.672299, 45.554584 ], [ -122.672844, 45.554585 ], [ -122.673389, 45.554587 ], [ -122.673934, 45.554589 ], [ -122.674352, 45.554591 ], [ -122.674454, 45.554605 ], [ -122.674555, 45.554619 ], [ -122.674975, 45.55462 ], [ -122.675512, 45.554622 ], [ -122.675509, 45.555345 ] ] ] } },
{ "type": "Feature", "properties": { "GEOID": "41051000502", "NAMELSAD": "Census Tract 5.02", "area_sqmi": 0.55469139824446723, "total_bike_miles": 2.864, "num_segments": 66, "bike_density": 5.16, "total_pop": 4771, "pop_white": 3298, "pop_black": 202, "pop_asian": 566, "pop_hispanic": 0, "pct_white": 69.1, "pct_nonwhite": 30.9, "pct_black": 4.2, "pct_asian": 11.9, "pct_hispanic": 0.0, "median_income": 103371.0 }, "geometry": { "type": "Polygon", "coordinates": [ [ [ -122.598388, 45.490325 ], [ -122.597913, 45.490324 ], [ -122.597401, 45.490322 ], [ -122.596886, 45.49032 ], [ -122.596395, 45.490318 ], [ -122.595882, 45.490316 ], [ -122.595368, 45.490313 ], [ -122.594857, 45.490311 ], [ -122.594405, 45.49029 ], [ -122.594302, 45.490273 ], [ -122.594199, 45.490256 ], [ -122.592606, 45.490252 ], [ -122.591216, 45.490249 ], [ -122.590241, 45.490247 ], [ -122.589471, 45.490245 ], [ -122.589141, 45.490244 ], [ -122.588027, 45.490243 ], [ -122.586983, 45.490243 ], [ -122.585955, 45.490244 ], [ -122.584752, 45.490249 ], [ -122.584459, 45.490248 ], [ -122.583325, 45.490249 ], [ -122.582569, 45.49025 ], [ -122.582036, 45.49025 ], [ -122.580997, 45.490252 ], [ -122.578789, 45.490277 ], [ -122.578839, 45.487967 ], [ -122.578884, 45.486955 ], [ -122.578874, 45.48654 ], [ -122.578885, 45.485904 ], [ -122.578887, 45.485775 ], [ -122.578923, 45.485218 ], [ -122.578924, 45.485122 ], [ -122.578937, 45.483536 ], [ -122.578948, 45.482803 ], [ -122.57894, 45.48263 ], [ -122.578949, 45.482356 ], [ -122.578971, 45.481674 ], [ -122.578971, 45.480985 ], [ -122.57898, 45.480638 ], [ -122.578995, 45.480162 ], [ -122.579009, 45.47947 ], [ -122.579019, 45.478936 ], [ -122.579032, 45.478236 ], [ -122.579043, 45.477649 ], [ -122.579038, 45.477534 ], [ -122.579064, 45.47677 ], [ -122.579066, 45.475874 ], [ -122.579601, 45.475873 ], [ -122.580107, 45.475873 ], [ -122.580614, 45.475874 ], [ -122.580726, 45.475874 ], [ -122.581102, 45.475875 ], [ -122.581651, 45.475876 ], [ -122.583016, 45.475878 ], [ -122.584157, 45.475878 ], [ -122.5855, 45.475881 ], [ -122.586487, 45.475883 ], [ -122.586779, 45.475883 ], [ -122.587425, 45.475884 ], [ -122.588061, 45.475885 ], [ -122.589346, 45.475886 ], [ -122.589328, 45.476353 ], [ -122.589332, 45.476875 ], [ -122.589321, 45.47737 ], [ -122.589321, 45.47756 ], [ -122.589311, 45.478243 ], [ -122.589301, 45.478933 ], [ -122.589292, 45.479516 ], [ -122.589285, 45.479996 ], [ -122.589281, 45.480266 ], [ -122.589271, 45.480918 ], [ -122.589257, 45.481825 ], [ -122.589244, 45.48274 ], [ -122.589239, 45.483056 ], [ -122.58922, 45.483276 ], [ -122.589228, 45.483746 ], [ -122.589218, 45.484411 ], [ -122.589211, 45.484876 ], [ -122.5892, 45.485566 ], [ -122.589189, 45.486217 ], [ -122.589187, 45.486365 ], [ -122.589232, 45.48652 ], [ -122.590294, 45.486956 ], [ -122.591261, 45.487364 ], [ -122.592461, 45.487849 ], [ -122.592597, 45.487904 ], [ -122.592626, 45.487916 ], [ -122.593751, 45.48838 ], [ -122.594338, 45.488633 ], [ -122.594903, 45.488859 ], [ -122.595417, 45.489066 ], [ -122.595918, 45.489282 ], [ -122.596423, 45.48949 ], [ -122.596923, 45.489703 ], [ -122.597443, 45.489914 ], [ -122.597968, 45.490134 ], [ -122.598388, 45.490325 ] ] ] } },
{ "type": "Feature", "properties": { "GEOID": "41051000402", "NAMELSAD": "Census Tract 4.02", "area_sqmi": 0.4519246291873511, "total_bike_miles": 0.883, "num_segments": 19, "bike_density": 1.95, "total_pop": 3588, "pop_white": 2866, "pop_black": 11, "pop_asian": 192, "pop_hispanic": 0, "pct_white": 79.9, "pct_nonwhite": 20.1, "pct_black": 0.3, "pct_asian": 5.4, "pct_hispanic": 0.0, "median_income": 100335.0 }, "geometry": { "type": "Polygon", "coordinates": [ [ [ -122.608994, 45.490297 ], [ -122.607862, 45.490291 ], [ -122.606776, 45.490288 ], [ -122.605683, 45.490286 ], [ -122.604713, 45.490283 ], [ -122.603934, 45.490275 ], [ -122.603658, 45.490279 ], [ -122.602569, 45.490278 ], [ -122.601306, 45.490275 ], [ -122.600827, 45.490274 ], [ -122.599963, 45.490272 ], [ -122.598981, 45.490263 ], [ -122.598999, 45.488408 ], [ -122.59901, 45.486657 ], [ -122.599481, 45.486658 ], [ -122.599543, 45.486632 ], [ -122.59954, 45.486592 ], [ -122.599554, 45.485415 ], [ -122.59956, 45.485027 ], [ -122.599565, 45.484636 ], [ -122.59958, 45.484253 ], [ -122.599577, 45.484008 ], [ -122.599575, 45.483855 ], [ -122.599579, 45.483575 ], [ -122.599581, 45.48345 ], [ -122.599573, 45.483047 ], [ -122.599578, 45.48182 ], [ -122.599584, 45.481379 ], [ -122.59959, 45.480942 ], [ -122.599596, 45.480501 ], [ -122.599602, 45.480064 ], [ -122.599608, 45.479623 ], [ -122.599615, 45.479159 ], [ -122.599622, 45.478691 ], [ -122.599627, 45.478253 ], [ -122.599634, 45.477813 ], [ -122.599639, 45.477375 ], [ -122.599641, 45.476783 ], [ -122.599659, 45.475824 ], [ -122.600303, 45.475824 ], [ -122.600946, 45.475825 ], [ -122.601384, 45.475825 ], [ -122.601589, 45.475825 ], [ -122.602233, 45.475823 ], [ -122.602875, 45.475827 ], [ -122.60352, 45.475827 ], [ -122.60416, 45.475828 ], [ -122.604816, 45.475829 ], [ -122.60591, 45.475828 ], [ -122.608731, 45.47583 ], [ -122.608717, 45.475912 ], [ -122.608718, 45.476283 ], [ -122.608719, 45.476534 ], [ -122.60872, 45.476996 ], [ -122.608721, 45.477487 ], [ -122.608722, 45.477708 ], [ -122.608724, 45.478422 ], [ -122.608727, 45.479163 ], [ -122.608731, 45.479992 ], [ -122.608732, 45.480558 ], [ -122.608728, 45.480953 ], [ -122.60873, 45.481351 ], [ -122.608733, 45.48184 ], [ -122.60872, 45.482018 ], [ -122.608737, 45.48272 ], [ -122.608738, 45.483057 ], [ -122.608738, 45.483418 ], [ -122.608739, 45.483868 ], [ -122.608746, 45.484256 ], [ -122.60874, 45.484666 ], [ -122.60874, 45.48504 ], [ -122.608742, 45.485419 ], [ -122.608742, 45.485679 ], [ -122.608747, 45.486679 ], [ -122.608831, 45.487898 ], [ -122.608873, 45.48847 ], [ -122.608914, 45.4891 ], [ -122.608954, 45.489687 ], [ -122.608994, 45.490297 ] ] ] } },
{ "type": "Feature", "properties": { "GEOID": "41051000601", "NAMELSAD": "Census Tract 6.01", "area_sqmi": 0.78492456271856725, "total_bike_miles": 4.764, "num_segments": 84, "bike_density": 6.07, "total_pop": 5402, "pop_white": 3408, "pop_black": 284, "pop_asian": 941, "pop_hispanic": 0, "pct_white": 63.1, "pct_nonwhite": 36.9, "pct_black": 5.3, "pct_asian": 17.4, "pct_hispanic": 0.0, "median_income": 74337.0 }, "geometry": { "type": "Polygon", "coordinates": [ [ [ -122.578937, 45.483536 ], [ -122.578924, 45.485122 ], [ -122.578923, 45.485218 ], [ -122.578887, 45.485775 ], [ -122.578885, 45.485904 ], [ -122.578874, 45.48654 ], [ -122.578884, 45.486955 ], [ -122.578839, 45.487967 ], [ -122.578789, 45.490277 ], [ -122.578614, 45.490255 ], [ -122.578224, 45.49024 ], [ -122.577732, 45.490239 ], [ -122.576792, 45.490238 ], [ -122.575799, 45.490237 ], [ -122.574956, 45.490244 ], [ -122.574096, 45.490174 ], [ -122.57391, 45.49015 ], [ -122.573293, 45.490139 ], [ -122.572338, 45.490105 ], [ -122.57224, 45.490089 ], [ -122.571427, 45.490073 ], [ -122.570484, 45.490051 ], [ -122.569542, 45.490033 ], [ -122.568605, 45.490022 ], [ -122.566619, 45.489998 ], [ -122.566093, 45.489976 ], [ -122.565712, 45.489966 ], [ -122.565163, 45.489951 ], [ -122.563454, 45.489916 ], [ -122.562222, 45.489886 ], [ -122.560903, 45.489853 ], [ -122.559699, 45.489825 ], [ -122.558347, 45.48979 ], [ -122.557273, 45.489785 ], [ -122.557127, 45.489787 ], [ -122.555762, 45.489787 ], [ -122.555759, 45.489597 ], [ -122.555743, 45.488697 ], [ -122.555756, 45.487983 ], [ -122.55575, 45.487578 ], [ -122.555755, 45.487354 ], [ -122.555761, 45.487127 ], [ -122.555746, 45.486593 ], [ -122.555727, 45.485768 ], [ -122.555724, 45.485394 ], [ -122.55572, 45.484881 ], [ -122.55571, 45.48409 ], [ -122.555709, 45.483842 ], [ -122.555708, 45.483402 ], [ -122.555709, 45.482625 ], [ -122.557082, 45.48258 ], [ -122.557194, 45.482494 ], [ -122.557221, 45.481962 ], [ -122.557228, 45.481819 ], [ -122.557236, 45.481672 ], [ -122.557263, 45.481134 ], [ -122.557266, 45.481078 ], [ -122.557294, 45.48052 ], [ -122.557298, 45.480449 ], [ -122.557333, 45.479764 ], [ -122.557368, 45.479079 ], [ -122.557406, 45.47834 ], [ -122.557418, 45.476795 ], [ -122.558148, 45.476936 ], [ -122.558621, 45.477027 ], [ -122.559836, 45.477259 ], [ -122.560262, 45.477372 ], [ -122.560956, 45.477629 ], [ -122.561698, 45.477887 ], [ -122.562159, 45.478043 ], [ -122.562562, 45.478168 ], [ -122.563461, 45.478408 ], [ -122.564761, 45.478763 ], [ -122.565591, 45.479014 ], [ -122.565975, 45.479127 ], [ -122.56679, 45.47933 ], [ -122.566875, 45.479351 ], [ -122.567298, 45.479451 ], [ -122.567513, 45.479508 ], [ -122.568608, 45.479816 ], [ -122.56956, 45.480103 ], [ -122.569816, 45.48018 ], [ -122.569998, 45.480235 ], [ -122.570379, 45.48035 ], [ -122.571103, 45.480568 ], [ -122.571332, 45.480632 ], [ -122.572032, 45.480844 ], [ -122.572294, 45.480921 ], [ -122.573267, 45.481208 ], [ -122.574332, 45.481473 ], [ -122.574847, 45.481596 ], [ -122.575168, 45.481675 ], [ -122.575357, 45.481721 ], [ -122.575866, 45.481856 ], [ -122.576377, 45.481975 ], [ -122.576888, 45.482092 ], [ -122.577446, 45.482237 ], [ -122.577923, 45.482424 ], [ -122.578419, 45.482616 ], [ -122.578948, 45.482803 ], [ -122.578937, 45.483536 ] ] ] } },
{ "type": "Feature", "properties": { "GEOID": "41051000602", "NAMELSAD": "Census Tract 6.02", "area_sqmi": 0.64046532174342641, "total_bike_miles": 4.547, "num_segments": 82, "bike_density": 7.1, "total_pop": 5396, "pop_white": 2896, "pop_black": 667, "pop_asian": 608, "pop_hispanic": 0, "pct_white": 53.7, "pct_nonwhite": 46.3, "pct_black": 12.4, "pct_asian": 11.3, "pct_hispanic": 0.0, "median_income": 70513.0 }, "geometry": { "type": "Polygon", "coordinates": [ [ [ -122.579068, 45.471221 ], [ -122.579057, 45.471368 ], [ -122.57906, 45.472049 ], [ -122.579061, 45.472269 ], [ -122.579059, 45.473525 ], [ -122.579056, 45.474075 ], [ -122.579051, 45.474487 ], [ -122.579053, 45.475173 ], [ -122.579066, 45.475874 ], [ -122.579064, 45.47677 ], [ -122.579038, 45.477534 ], [ -122.579043, 45.477649 ], [ -122.579032, 45.478236 ], [ -122.579019, 45.478936 ], [ -122.579009, 45.47947 ], [ -122.578995, 45.480162 ], [ -122.57898, 45.480638 ], [ -122.578971, 45.480985 ], [ -122.578971, 45.481674 ], [ -122.578949, 45.482356 ], [ -122.57894, 45.48263 ], [ -122.578948, 45.482803 ], [ -122.578419, 45.482616 ], [ -122.577923, 45.482424 ], [ -122.577446, 45.482237 ], [ -122.576888, 45.482092 ], [ -122.576377, 45.481975 ], [ -122.575866, 45.481856 ], [ -122.575357, 45.481721 ], [ -122.575168, 45.481675 ], [ -122.574847, 45.481596 ], [ -122.574332, 45.481473 ], [ -122.573267, 45.481208 ], [ -122.572294, 45.480921 ], [ -122.572032, 45.480844 ], [ -122.571332, 45.480632 ], [ -122.571103, 45.480568 ], [ -122.570379, 45.48035 ], [ -122.569998, 45.480235 ], [ -122.569816, 45.48018 ], [ -122.56956, 45.480103 ], [ -122.568608, 45.479816 ], [ -122.567513, 45.479508 ], [ -122.567298, 45.479451 ], [ -122.566875, 45.479351 ], [ -122.56679, 45.47933 ], [ -122.565975, 45.479127 ], [ -122.565591, 45.479014 ], [ -122.564761, 45.478763 ], [ -122.563461, 45.478408 ], [ -122.562562, 45.478168 ], [ -122.562159, 45.478043 ], [ -122.561698, 45.477887 ], [ -122.560956, 45.477629 ], [ -122.560262, 45.477372 ], [ -122.559836, 45.477259 ], [ -122.558621, 45.477027 ], [ -122.558148, 45.476936 ], [ -122.557418, 45.476795 ], [ -122.556447, 45.476602 ], [ -122.55579, 45.476489 ], [ -122.555862, 45.476436 ], [ -122.555916, 45.476402 ], [ -122.556017, 45.476369 ], [ -122.556196, 45.476341 ], [ -122.55635, 45.476326 ], [ -122.556477, 45.47632 ], [ -122.556613, 45.476328 ], [ -122.556739, 45.476316 ], [ -122.557055, 45.476249 ], [ -122.557437, 45.476168 ], [ -122.557785, 45.476094 ], [ -122.55833, 45.47598 ], [ -122.559065, 45.475784 ], [ -122.559639, 45.475626 ], [ -122.559807, 45.475576 ], [ -122.560144, 45.475456 ], [ -122.561113, 45.475109 ], [ -122.561396, 45.475007 ], [ -122.562117, 45.474687 ], [ -122.562557, 45.474478 ], [ -122.563475, 45.473945 ], [ -122.563555, 45.473878 ], [ -122.563574, 45.473863 ], [ -122.563779, 45.47374 ], [ -122.563938, 45.473644 ], [ -122.565233, 45.472866 ], [ -122.565497, 45.472688 ], [ -122.565678, 45.472568 ], [ -122.56583, 45.472551 ], [ -122.566437, 45.472178 ], [ -122.568632, 45.470828 ], [ -122.569576, 45.470256 ], [ -122.570442, 45.469791 ], [ -122.570951, 45.469463 ], [ -122.571224, 45.469287 ], [ -122.571869, 45.468869 ], [ -122.572077, 45.468747 ], [ -122.572477, 45.468513 ], [ -122.573351, 45.467975 ], [ -122.573834, 45.467688 ], [ -122.575333, 45.466804 ], [ -122.575836, 45.466475 ], [ -122.577066, 45.465672 ], [ -122.577902, 45.465126 ], [ -122.579043, 45.464379 ], [ -122.579045, 45.464466 ], [ -122.579044, 45.465096 ], [ -122.579044, 45.466547 ], [ -122.579045, 45.466885 ], [ -122.57906, 45.467181 ], [ -122.579061, 45.467307 ], [ -122.579065, 45.467377 ], [ -122.579046, 45.467584 ], [ -122.579046, 45.467995 ], [ -122.579033, 45.468658 ], [ -122.579042, 45.470001 ], [ -122.579042, 45.470039 ], [ -122.579052, 45.470131 ], [ -122.579053, 45.470473 ], [ -122.579065, 45.471012 ], [ -122.579068, 45.471221 ] ] ] } },
{ "type": "Feature", "properties": { "GEOID": "41051000701", "NAMELSAD": "Census Tract 7.01", "area_sqmi": 0.54985182799511612, "total_bike_miles": 2.343, "num_segments": 40, "bike_density": 4.26, "total_pop": 4892, "pop_white": 3435, "pop_black": 230, "pop_asian": 532, "pop_hispanic": 0, "pct_white": 70.2, "pct_nonwhite": 29.8, "pct_black": 4.7, "pct_asian": 10.9, "pct_hispanic": 0.0, "median_income": 110985.0 }, "geometry": { "type": "Polygon", "coordinates": [ [ [ -122.599475, 45.49889 ], [ -122.599464, 45.500243 ], [ -122.599451, 45.501436 ], [ -122.599438, 45.502272 ], [ -122.599432, 45.503211 ], [ -122.59943, 45.503986 ], [ -122.599431, 45.50439 ], [ -122.599421, 45.504667 ], [ -122.599443, 45.505392 ], [ -122.598586, 45.505394 ], [ -122.597505, 45.505397 ], [ -122.596799, 45.505402 ], [ -122.596488, 45.505372 ], [ -122.596081, 45.505372 ], [ -122.595899, 45.505373 ], [ -122.595558, 45.505373 ], [ -122.595097, 45.505373 ], [ -122.594583, 45.505374 ], [ -122.593711, 45.505375 ], [ -122.592091, 45.505379 ], [ -122.591589, 45.505377 ], [ -122.590745, 45.505364 ], [ -122.5904, 45.505371 ], [ -122.589801, 45.505384 ], [ -122.588861, 45.505386 ], [ -122.586764, 45.505388 ], [ -122.586329, 45.505392 ], [ -122.58576, 45.505391 ], [ -122.585372, 45.505392 ], [ -122.585255, 45.505379 ], [ -122.584432, 45.50538 ], [ -122.5837, 45.505381 ], [ -122.582864, 45.505383 ], [ -122.582202, 45.505381 ], [ -122.58189, 45.505342 ], [ -122.581293, 45.505256 ], [ -122.580827, 45.505183 ], [ -122.579785, 45.505003 ], [ -122.578679, 45.504821 ], [ -122.578676, 45.50341 ], [ -122.578695, 45.502143 ], [ -122.578694, 45.501422 ], [ -122.578679, 45.500509 ], [ -122.578703, 45.500037 ], [ -122.578707, 45.499169 ], [ -122.57871, 45.498537 ], [ -122.578702, 45.497411 ], [ -122.580928, 45.497424 ], [ -122.581923, 45.497417 ], [ -122.582556, 45.497416 ], [ -122.582907, 45.497423 ], [ -122.583632, 45.497419 ], [ -122.583888, 45.497425 ], [ -122.584825, 45.497428 ], [ -122.585848, 45.497429 ], [ -122.586886, 45.497431 ], [ -122.587117, 45.497429 ], [ -122.588006, 45.497436 ], [ -122.589118, 45.49744 ], [ -122.589901, 45.49744 ], [ -122.590166, 45.497441 ], [ -122.591168, 45.497438 ], [ -122.591683, 45.497443 ], [ -122.592296, 45.497445 ], [ -122.592706, 45.497442 ], [ -122.593297, 45.497448 ], [ -122.593732, 45.497448 ], [ -122.594253, 45.497451 ], [ -122.594725, 45.497448 ], [ -122.595266, 45.497451 ], [ -122.59567, 45.497453 ], [ -122.596286, 45.497454 ], [ -122.596611, 45.497455 ], [ -122.596805, 45.497455 ], [ -122.597324, 45.497461 ], [ -122.597578, 45.497463 ], [ -122.597837, 45.497462 ], [ -122.598431, 45.49746 ], [ -122.598862, 45.497457 ], [ -122.599389, 45.497466 ], [ -122.599469, 45.49759 ], [ -122.599475, 45.49889 ] ] ] } },
{ "type": "Feature", "properties": { "GEOID": "41051000702", "NAMELSAD": "Census Tract 7.02", "area_sqmi": 0.54367091229488906, "total_bike_miles": 2.207, "num_segments": 54, "bike_density": 4.06, "total_pop": 5100, "pop_white": 3350, "pop_black": 17, "pop_asian": 952, "pop_hispanic": 0, "pct_white": 65.7, "pct_nonwhite": 34.3, "pct_black": 0.3, "pct_asian": 18.7, "pct_hispanic": 0.0, "median_income": 101761.0 }, "geometry": { "type": "Polygon", "coordinates": [ [ [ -122.601788, 45.492346 ], [ -122.601768, 45.493163 ], [ -122.601768, 45.493849 ], [ -122.601769, 45.494534 ], [ -122.601768, 45.49517 ], [ -122.601771, 45.495424 ], [ -122.601768, 45.495852 ], [ -122.601769, 45.496086 ], [ -122.601769, 45.496539 ], [ -122.601769, 45.496802 ], [ -122.601779, 45.497386 ], [ -122.601841, 45.497468 ], [ -122.600432, 45.497465 ], [ -122.599389, 45.497466 ], [ -122.598862, 45.497457 ], [ -122.598431, 45.49746 ], [ -122.597837, 45.497462 ], [ -122.597578, 45.497463 ], [ -122.597324, 45.497461 ], [ -122.596805, 45.497455 ], [ -122.596611, 45.497455 ], [ -122.596286, 45.497454 ], [ -122.59567, 45.497453 ], [ -122.595266, 45.497451 ], [ -122.594725, 45.497448 ], [ -122.594253, 45.497451 ], [ -122.593732, 45.497448 ], [ -122.593297, 45.497448 ], [ -122.592706, 45.497442 ], [ -122.592296, 45.497445 ], [ -122.591683, 45.497443 ], [ -122.591168, 45.497438 ], [ -122.590166, 45.497441 ], [ -122.589901, 45.49744 ], [ -122.589118, 45.49744 ], [ -122.588006, 45.497436 ], [ -122.587117, 45.497429 ], [ -122.586886, 45.497431 ], [ -122.585848, 45.497429 ], [ -122.584825, 45.497428 ], [ -122.583888, 45.497425 ], [ -122.583632, 45.497419 ], [ -122.582907, 45.497423 ], [ -122.582556, 45.497416 ], [ -122.581923, 45.497417 ], [ -122.580928, 45.497424 ], [ -122.578702, 45.497411 ], [ -122.578729, 45.496874 ], [ -122.578738, 45.496181 ], [ -122.578747, 45.495495 ], [ -122.578756, 45.49481 ], [ -122.578762, 45.494124 ], [ -122.578766, 45.493438 ], [ -122.578773, 45.492753 ], [ -122.57878, 45.492081 ], [ -122.578786, 45.491413 ], [ -122.578794, 45.491097 ], [ -122.578786, 45.490504 ], [ -122.578789, 45.490277 ], [ -122.580997, 45.490252 ], [ -122.582036, 45.49025 ], [ -122.582569, 45.49025 ], [ -122.583325, 45.490249 ], [ -122.584459, 45.490248 ], [ -122.584752, 45.490249 ], [ -122.585955, 45.490244 ], [ -122.586983, 45.490243 ], [ -122.588027, 45.490243 ], [ -122.589141, 45.490244 ], [ -122.589471, 45.490245 ], [ -122.590241, 45.490247 ], [ -122.591216, 45.490249 ], [ -122.592606, 45.490252 ], [ -122.594199, 45.490256 ], [ -122.594302, 45.490273 ], [ -122.594405, 45.49029 ], [ -122.594857, 45.490311 ], [ -122.595368, 45.490313 ], [ -122.595882, 45.490316 ], [ -122.596395, 45.490318 ], [ -122.596886, 45.49032 ], [ -122.597401, 45.490322 ], [ -122.597913, 45.490324 ], [ -122.598388, 45.490325 ], [ -122.598688, 45.490434 ], [ -122.598934, 45.490536 ], [ -122.599469, 45.490793 ], [ -122.600362, 45.491306 ], [ -122.600615, 45.491446 ], [ -122.601074, 45.491725 ], [ -122.60113, 45.491754 ], [ -122.601957, 45.492189 ], [ -122.601788, 45.492346 ] ] ] } },
{ "type": "Feature", "properties": { "GEOID": "41051000501", "NAMELSAD": "Census Tract 5.01", "area_sqmi": 0.43554105935798249, "total_bike_miles": 2.155, "num_segments": 54, "bike_density": 4.95, "total_pop": 3999, "pop_white": 3255, "pop_black": 71, "pop_asian": 207, "pop_hispanic": 0, "pct_white": 81.4, "pct_nonwhite": 18.6, "pct_black": 1.8, "pct_asian": 5.2, "pct_hispanic": 0.0, "median_income": 99612.0 }, "geometry": { "type": "Polygon", "coordinates": [ [ [ -122.599641, 45.476783 ], [ -122.599639, 45.477375 ], [ -122.599634, 45.477813 ], [ -122.599627, 45.478253 ], [ -122.599622, 45.478691 ], [ -122.599615, 45.479159 ], [ -122.599608, 45.479623 ], [ -122.599602, 45.480064 ], [ -122.599596, 45.480501 ], [ -122.59959, 45.480942 ], [ -122.599584, 45.481379 ], [ -122.599578, 45.48182 ], [ -122.599573, 45.483047 ], [ -122.599581, 45.48345 ], [ -122.599579, 45.483575 ], [ -122.599575, 45.483855 ], [ -122.599577, 45.484008 ], [ -122.59958, 45.484253 ], [ -122.599565, 45.484636 ], [ -122.59956, 45.485027 ], [ -122.599554, 45.485415 ], [ -122.59954, 45.486592 ], [ -122.599543, 45.486632 ], [ -122.599481, 45.486658 ], [ -122.59901, 45.486657 ], [ -122.598999, 45.488408 ], [ -122.598981, 45.490263 ], [ -122.59864, 45.490271 ], [ -122.598388, 45.490325 ], [ -122.597968, 45.490134 ], [ -122.597443, 45.489914 ], [ -122.596923, 45.489703 ], [ -122.596423, 45.48949 ], [ -122.595918, 45.489282 ], [ -122.595417, 45.489066 ], [ -122.594903, 45.488859 ], [ -122.594338, 45.488633 ], [ -122.593751, 45.48838 ], [ -122.592626, 45.487916 ], [ -122.592597, 45.487904 ], [ -122.592461, 45.487849 ], [ -122.591261, 45.487364 ], [ -122.590294, 45.486956 ], [ -122.589232, 45.48652 ], [ -122.589187, 45.486365 ], [ -122.589189, 45.486217 ], [ -122.5892, 45.485566 ], [ -122.589211, 45.484876 ], [ -122.589218, 45.484411 ], [ -122.589228, 45.483746 ], [ -122.58922, 45.483276 ], [ -122.589239, 45.483056 ], [ -122.589244, 45.48274 ], [ -122.589257, 45.481825 ], [ -122.589271, 45.480918 ], [ -122.589281, 45.480266 ], [ -122.589285, 45.479996 ], [ -122.589292, 45.479516 ], [ -122.589301, 45.478933 ], [ -122.589311, 45.478243 ], [ -122.589321, 45.47756 ], [ -122.589321, 45.47737 ], [ -122.589332, 45.476875 ], [ -122.589328, 45.476353 ], [ -122.589346, 45.475886 ], [ -122.590329, 45.475881 ], [ -122.591304, 45.475874 ], [ -122.592269, 45.475868 ], [ -122.593245, 45.475862 ], [ -122.594219, 45.475856 ], [ -122.594503, 45.475854 ], [ -122.595174, 45.47585 ], [ -122.595801, 45.47585 ], [ -122.596168, 45.475844 ], [ -122.596442, 45.475843 ], [ -122.597114, 45.475839 ], [ -122.597729, 45.475835 ], [ -122.598117, 45.475833 ], [ -122.59838, 45.475831 ], [ -122.599015, 45.475828 ], [ -122.599659, 45.475824 ], [ -122.599641, 45.476783 ] ] ] } },
{ "type": "Feature", "properties": { "GEOID": "41051003402", "NAMELSAD": "Census Tract 34.02", "area_sqmi": 0.29851773252642988, "total_bike_miles": 1.337, "num_segments": 20, "bike_density": 4.48, "total_pop": 4501, "pop_white": 2732, "pop_black": 693, "pop_asian": 226, "pop_hispanic": 0, "pct_white": 60.7, "pct_nonwhite": 39.3, "pct_black": 15.4, "pct_asian": 5.0, "pct_hispanic": 0.0, "median_income": 80000.0 }, "geometry": { "type": "Polygon", "coordinates": [ [ [ -122.675549, 45.548595 ], [ -122.675549, 45.549585 ], [ -122.675539, 45.550843 ], [ -122.67553, 45.552103 ], [ -122.675521, 45.553361 ], [ -122.675512, 45.554622 ], [ -122.674975, 45.55462 ], [ -122.674555, 45.554619 ], [ -122.674454, 45.554605 ], [ -122.674352, 45.554591 ], [ -122.673934, 45.554589 ], [ -122.673389, 45.554587 ], [ -122.672844, 45.554585 ], [ -122.672299, 45.554584 ], [ -122.671754, 45.554582 ], [ -122.671204, 45.55458 ], [ -122.670654, 45.554578 ], [ -122.670103, 45.554576 ], [ -122.669553, 45.554574 ], [ -122.669, 45.554572 ], [ -122.668455, 45.55457 ], [ -122.668003, 45.554572 ], [ -122.666753, 45.554579 ], [ -122.6657, 45.554583 ], [ -122.664679, 45.554583 ], [ -122.663661, 45.554585 ], [ -122.662634, 45.554586 ], [ -122.661694, 45.554588 ], [ -122.661537, 45.554566 ], [ -122.661547, 45.553318 ], [ -122.661556, 45.55207 ], [ -122.661568, 45.550802 ], [ -122.661578, 45.549522 ], [ -122.661587, 45.548274 ], [ -122.661742, 45.548268 ], [ -122.662643, 45.548267 ], [ -122.663658, 45.548265 ], [ -122.664085, 45.548265 ], [ -122.664673, 45.548264 ], [ -122.665693, 45.548263 ], [ -122.666398, 45.548261 ], [ -122.666685, 45.548261 ], [ -122.667326, 45.54826 ], [ -122.667951, 45.54826 ], [ -122.668954, 45.548262 ], [ -122.670138, 45.548263 ], [ -122.670723, 45.548264 ], [ -122.671235, 45.548264 ], [ -122.671783, 45.548265 ], [ -122.672205, 45.548269 ], [ -122.672331, 45.548242 ], [ -122.672881, 45.548242 ], [ -122.673302, 45.548243 ], [ -122.673415, 45.548213 ], [ -122.673564, 45.548161 ], [ -122.673825, 45.548004 ], [ -122.673946, 45.547943 ], [ -122.674045, 45.547903 ], [ -122.674125, 45.547878 ], [ -122.674247, 45.54785 ], [ -122.674357, 45.547838 ], [ -122.674579, 45.547836 ], [ -122.675025, 45.547837 ], [ -122.675386, 45.547835 ], [ -122.675561, 45.547837 ], [ -122.675549, 45.548595 ] ] ] } },
{ "type": "Feature", "properties": { "GEOID": "41051003502", "NAMELSAD": "Census Tract 35.02", "area_sqmi": 0.45009412259970927, "total_bike_miles": 3.752, "num_segments": 64, "bike_density": 8.34, "total_pop": 2915, "pop_white": 2066, "pop_black": 388, "pop_asian": 94, "pop_hispanic": 0, "pct_white": 70.9, "pct_nonwhite": 29.1, "pct_black": 13.3, "pct_asian": 3.2, "pct_hispanic": 0.0, "median_income": 104481.0 }, "geometry": { "type": "Polygon", "coordinates": [ [ [ -122.693733, 45.555991 ], [ -122.692774, 45.556001 ], [ -122.691438, 45.555997 ], [ -122.690111, 45.555974 ], [ -122.687508, 45.555938 ], [ -122.684862, 45.555927 ], [ -122.684104, 45.556037 ], [ -122.683999, 45.556056 ], [ -122.683633, 45.556121 ], [ -122.683571, 45.556129 ], [ -122.682842, 45.556115 ], [ -122.682295, 45.556097 ], [ -122.681237, 45.5561 ], [ -122.681092, 45.556113 ], [ -122.680947, 45.556126 ], [ -122.680612, 45.556137 ], [ -122.680105, 45.556146 ], [ -122.679809, 45.556108 ], [ -122.678971, 45.556112 ], [ -122.678767, 45.556082 ], [ -122.678707, 45.556082 ], [ -122.678516, 45.556039 ], [ -122.678353, 45.555974 ], [ -122.678226, 45.555927 ], [ -122.67784, 45.555764 ], [ -122.67751, 45.555591 ], [ -122.677366, 45.555577 ], [ -122.676967, 45.555538 ], [ -122.676863, 45.555501 ], [ -122.676817, 45.555491 ], [ -122.676774, 45.555487 ], [ -122.676578, 45.555487 ], [ -122.676005, 45.55549 ], [ -122.675447, 45.555494 ], [ -122.675501, 45.555383 ], [ -122.675509, 45.555345 ], [ -122.675512, 45.554622 ], [ -122.675521, 45.553361 ], [ -122.67553, 45.552103 ], [ -122.675539, 45.550843 ], [ -122.675549, 45.549585 ], [ -122.675549, 45.548595 ], [ -122.675561, 45.547837 ], [ -122.676098, 45.547837 ], [ -122.676635, 45.547836 ], [ -122.676928, 45.547832 ], [ -122.677172, 45.547836 ], [ -122.677709, 45.547836 ], [ -122.67804, 45.547835 ], [ -122.678363, 45.548072 ], [ -122.678455, 45.548075 ], [ -122.67857, 45.548078 ], [ -122.678597, 45.548079 ], [ -122.678696, 45.548082 ], [ -122.678805, 45.548024 ], [ -122.678869, 45.547738 ], [ -122.678827, 45.547145 ], [ -122.678757, 45.546916 ], [ -122.678668, 45.546695 ], [ -122.678522, 45.546448 ], [ -122.678405, 45.546285 ], [ -122.67816, 45.545994 ], [ -122.677846, 45.545678 ], [ -122.677105, 45.544735 ], [ -122.67703, 45.544626 ], [ -122.676964, 45.544531 ], [ -122.676861, 45.544317 ], [ -122.676782, 45.544039 ], [ -122.676766, 45.543703 ], [ -122.676788, 45.543538 ], [ -122.676852, 45.543328 ], [ -122.676973, 45.543107 ], [ -122.677058, 45.542952 ], [ -122.677123, 45.542795 ], [ -122.677249, 45.542685 ], [ -122.677518, 45.542465 ], [ -122.677931, 45.542128 ], [ -122.677887, 45.542603 ], [ -122.677878, 45.542703 ], [ -122.67787, 45.542788 ], [ -122.677837, 45.542946 ], [ -122.677824, 45.543106 ], [ -122.677832, 45.543266 ], [ -122.67786, 45.543425 ], [ -122.677905, 45.543582 ], [ -122.677971, 45.543735 ], [ -122.678055, 45.543884 ], [ -122.678158, 45.544027 ], [ -122.678278, 45.544163 ], [ -122.678414, 45.544291 ], [ -122.678567, 45.544411 ], [ -122.678733, 45.544521 ], [ -122.678911, 45.54462 ], [ -122.679102, 45.544708 ], [ -122.68009, 45.545035 ], [ -122.680928, 45.545291 ], [ -122.681478, 45.545464 ], [ -122.681916, 45.545693 ], [ -122.682032, 45.545757 ], [ -122.683644, 45.546915 ], [ -122.691207, 45.552368 ], [ -122.692486, 45.553906 ], [ -122.693163, 45.55472 ], [ -122.694225, 45.555997 ], [ -122.693733, 45.555991 ] ] ] } },
{ "type": "Feature", "properties": { "GEOID": "41051003601", "NAMELSAD": "Census Tract 36.01", "area_sqmi": 0.63064983251439177, "total_bike_miles": 1.924, "num_segments": 41, "bike_density": 3.05, "total_pop": 4344, "pop_white": 3389, "pop_black": 251, "pop_asian": 77, "pop_hispanic": 0, "pct_white": 78.0, "pct_nonwhite": 22.0, "pct_black": 5.8, "pct_asian": 1.8, "pct_hispanic": 0.0, "median_income": 109848.0 }, "geometry": { "type": "Polygon", "coordinates": [ [ [ -122.661426, 45.563401 ], [ -122.661423, 45.563865 ], [ -122.661421, 45.564059 ], [ -122.661416, 45.564848 ], [ -122.661413, 45.565127 ], [ -122.66141, 45.565533 ], [ -122.661404, 45.566409 ], [ -122.661397, 45.567433 ], [ -122.661397, 45.567702 ], [ -122.661392, 45.568247 ], [ -122.661387, 45.568966 ], [ -122.661378, 45.569978 ], [ -122.661358, 45.571787 ], [ -122.661362, 45.573257 ], [ -122.661367, 45.573508 ], [ -122.661365, 45.574433 ], [ -122.66136, 45.575119 ], [ -122.661356, 45.575804 ], [ -122.661351, 45.57649 ], [ -122.661346, 45.57723 ], [ -122.661348, 45.577507 ], [ -122.661342, 45.577943 ], [ -122.661337, 45.578628 ], [ -122.661329, 45.578897 ], [ -122.661338, 45.579189 ], [ -122.661339, 45.579225 ], [ -122.661336, 45.580687 ], [ -122.661419, 45.581139 ], [ -122.661221, 45.581092 ], [ -122.660358, 45.580854 ], [ -122.65789, 45.580153 ], [ -122.65484, 45.57922 ], [ -122.654329, 45.579082 ], [ -122.653911, 45.578944 ], [ -122.653524, 45.578817 ], [ -122.65176, 45.57831 ], [ -122.651756, 45.577897 ], [ -122.651752, 45.577211 ], [ -122.650489, 45.577209 ], [ -122.650107, 45.577209 ], [ -122.650086, 45.576871 ], [ -122.650076, 45.576721 ], [ -122.650074, 45.576267 ], [ -122.65005, 45.576135 ], [ -122.650051, 45.575536 ], [ -122.650052, 45.574823 ], [ -122.650053, 45.57411 ], [ -122.650053, 45.573665 ], [ -122.650055, 45.573418 ], [ -122.650055, 45.573234 ], [ -122.650055, 45.572548 ], [ -122.650054, 45.571863 ], [ -122.650053, 45.571177 ], [ -122.650052, 45.570492 ], [ -122.650051, 45.569806 ], [ -122.65005, 45.56912 ], [ -122.650049, 45.568503 ], [ -122.650033, 45.568435 ], [ -122.649994, 45.568231 ], [ -122.649998, 45.56639 ], [ -122.650013, 45.56633 ], [ -122.650036, 45.566246 ], [ -122.650057, 45.564531 ], [ -122.650075, 45.562722 ], [ -122.650662, 45.562724 ], [ -122.65109, 45.562726 ], [ -122.652085, 45.562728 ], [ -122.653097, 45.562729 ], [ -122.654109, 45.562731 ], [ -122.655121, 45.562733 ], [ -122.656133, 45.562734 ], [ -122.657921, 45.562737 ], [ -122.658688, 45.562738 ], [ -122.659599, 45.56274 ], [ -122.661432, 45.562735 ], [ -122.661426, 45.563401 ] ] ] } },
{ "type": "Feature", "properties": { "GEOID": "41051003501", "NAMELSAD": "Census Tract 35.01", "area_sqmi": 0.49627325814560874, "total_bike_miles": 3.706, "num_segments": 53, "bike_density": 7.47, "total_pop": 3888, "pop_white": 2977, "pop_black": 254, "pop_asian": 122, "pop_hispanic": 0, "pct_white": 76.6, "pct_nonwhite": 23.4, "pct_black": 6.5, "pct_asian": 3.1, "pct_hispanic": 0.0, "median_income": 106700.0 }, "geometry": { "type": "Polygon", "coordinates": [ [ [ -122.69974, 45.562695 ], [ -122.697557, 45.562699 ], [ -122.697399, 45.562735 ], [ -122.697189, 45.562735 ], [ -122.696632, 45.562736 ], [ -122.695615, 45.562738 ], [ -122.694602, 45.562741 ], [ -122.693587, 45.562743 ], [ -122.692569, 45.562744 ], [ -122.691464, 45.562734 ], [ -122.690449, 45.562725 ], [ -122.690214, 45.562723 ], [ -122.689998, 45.562721 ], [ -122.6893, 45.562714 ], [ -122.688659, 45.562708 ], [ -122.687467, 45.562698 ], [ -122.686462, 45.562691 ], [ -122.684816, 45.562676 ], [ -122.682233, 45.562655 ], [ -122.681136, 45.562657 ], [ -122.680108, 45.562651 ], [ -122.679105, 45.562665 ], [ -122.678727, 45.562659 ], [ -122.678521, 45.562661 ], [ -122.67809, 45.562669 ], [ -122.676986, 45.562673 ], [ -122.675987, 45.562677 ], [ -122.674966, 45.562681 ], [ -122.674976, 45.56187 ], [ -122.674983, 45.561152 ], [ -122.674989, 45.560436 ], [ -122.674996, 45.559724 ], [ -122.675002, 45.559012 ], [ -122.675007, 45.558383 ], [ -122.674969, 45.558303 ], [ -122.67493, 45.558223 ], [ -122.674942, 45.556879 ], [ -122.674937, 45.555862 ], [ -122.675447, 45.555494 ], [ -122.676005, 45.55549 ], [ -122.676578, 45.555487 ], [ -122.676774, 45.555487 ], [ -122.676817, 45.555491 ], [ -122.676863, 45.555501 ], [ -122.676967, 45.555538 ], [ -122.677366, 45.555577 ], [ -122.67751, 45.555591 ], [ -122.67784, 45.555764 ], [ -122.678226, 45.555927 ], [ -122.678353, 45.555974 ], [ -122.678516, 45.556039 ], [ -122.678707, 45.556082 ], [ -122.678767, 45.556082 ], [ -122.678971, 45.556112 ], [ -122.679809, 45.556108 ], [ -122.680105, 45.556146 ], [ -122.680612, 45.556137 ], [ -122.680947, 45.556126 ], [ -122.681092, 45.556113 ], [ -122.681237, 45.5561 ], [ -122.682295, 45.556097 ], [ -122.682842, 45.556115 ], [ -122.683571, 45.556129 ], [ -122.683633, 45.556121 ], [ -122.683999, 45.556056 ], [ -122.684104, 45.556037 ], [ -122.684862, 45.555927 ], [ -122.687508, 45.555938 ], [ -122.690111, 45.555974 ], [ -122.691438, 45.555997 ], [ -122.692774, 45.556001 ], [ -122.693733, 45.555991 ], [ -122.694225, 45.555997 ], [ -122.695821, 45.557974 ], [ -122.69819, 45.560908 ], [ -122.698667, 45.561499 ], [ -122.699182, 45.562136 ], [ -122.699302, 45.562285 ], [ -122.699646, 45.562618 ], [ -122.69974, 45.562695 ] ] ] } },
{ "type": "Feature", "properties": { "GEOID": "41051000801", "NAMELSAD": "Census Tract 8.01", "area_sqmi": 0.60184485636748819, "total_bike_miles": 2.41, "num_segments": 41, "bike_density": 4.0, "total_pop": 4701, "pop_white": 3960, "pop_black": 10, "pop_asian": 201, "pop_hispanic": 0, "pct_white": 84.2, "pct_nonwhite": 15.8, "pct_black": 0.2, "pct_asian": 4.3, "pct_hispanic": 0.0, "median_income": 125381.0 }, "geometry": { "type": "Polygon", "coordinates": [ [ [ -122.622655, 45.504801 ], [ -122.621468, 45.504788 ], [ -122.620367, 45.504784 ], [ -122.619845, 45.504786 ], [ -122.619568, 45.504795 ], [ -122.619448, 45.504811 ], [ -122.619354, 45.504839 ], [ -122.619272, 45.504873 ], [ -122.618885, 45.50513 ], [ -122.618761, 45.505191 ], [ -122.618658, 45.50522 ], [ -122.618532, 45.505245 ], [ -122.618368, 45.505263 ], [ -122.618039, 45.505276 ], [ -122.617119, 45.50528 ], [ -122.616143, 45.505284 ], [ -122.615169, 45.505288 ], [ -122.614102, 45.505292 ], [ -122.61321, 45.505295 ], [ -122.612967, 45.505295 ], [ -122.612023, 45.505301 ], [ -122.611124, 45.505302 ], [ -122.610011, 45.505311 ], [ -122.608992, 45.505317 ], [ -122.608043, 45.505315 ], [ -122.607041, 45.505329 ], [ -122.606025, 45.505335 ], [ -122.604883, 45.505341 ], [ -122.603758, 45.505348 ], [ -122.603101, 45.505351 ], [ -122.602744, 45.505354 ], [ -122.601671, 45.505355 ], [ -122.601189, 45.505389 ], [ -122.600295, 45.505391 ], [ -122.599443, 45.505392 ], [ -122.599421, 45.504667 ], [ -122.599431, 45.50439 ], [ -122.59943, 45.503986 ], [ -122.599432, 45.503211 ], [ -122.599438, 45.502272 ], [ -122.599451, 45.501436 ], [ -122.599464, 45.500243 ], [ -122.599475, 45.49889 ], [ -122.599469, 45.49759 ], [ -122.599389, 45.497466 ], [ -122.600432, 45.497465 ], [ -122.601841, 45.497468 ], [ -122.603074, 45.497473 ], [ -122.604074, 45.497467 ], [ -122.60449, 45.497473 ], [ -122.605045, 45.497478 ], [ -122.606053, 45.497476 ], [ -122.607105, 45.497482 ], [ -122.608044, 45.497476 ], [ -122.60905, 45.497487 ], [ -122.610109, 45.497488 ], [ -122.611352, 45.497508 ], [ -122.612603, 45.497526 ], [ -122.613511, 45.497534 ], [ -122.613641, 45.497534 ], [ -122.614547, 45.497536 ], [ -122.616352, 45.497539 ], [ -122.61808, 45.497542 ], [ -122.618523, 45.497547 ], [ -122.618877, 45.497547 ], [ -122.61989, 45.497491 ], [ -122.62076, 45.497444 ], [ -122.622602, 45.497335 ], [ -122.622616, 45.497466 ], [ -122.622623, 45.499082 ], [ -122.622621, 45.499795 ], [ -122.622618, 45.500508 ], [ -122.622613, 45.501214 ], [ -122.622609, 45.501934 ], [ -122.622609, 45.502647 ], [ -122.62261, 45.50336 ], [ -122.622611, 45.504073 ], [ -122.622655, 45.504801 ] ] ] } },
{ "type": "Feature", "properties": { "GEOID": "41051000901", "NAMELSAD": "Census Tract 9.01", "area_sqmi": 0.43514604707085597, "total_bike_miles": 1.315, "num_segments": 25, "bike_density": 3.02, "total_pop": 3648, "pop_white": 2822, "pop_black": 4, "pop_asian": 278, "pop_hispanic": 0, "pct_white": 77.4, "pct_nonwhite": 22.6, "pct_black": 0.1, "pct_asian": 7.6, "pct_hispanic": 0.0, "median_income": 110417.0 }, "geometry": { "type": "Polygon", "coordinates": [ [ [ -122.63966, 45.504694 ], [ -122.639603, 45.504806 ], [ -122.63864, 45.504805 ], [ -122.637626, 45.504804 ], [ -122.636659, 45.504803 ], [ -122.635597, 45.504801 ], [ -122.634645, 45.5048 ], [ -122.633568, 45.504799 ], [ -122.632607, 45.504797 ], [ -122.631539, 45.504796 ], [ -122.63115, 45.504799 ], [ -122.630524, 45.504795 ], [ -122.629565, 45.504793 ], [ -122.628573, 45.504792 ], [ -122.627584, 45.504792 ], [ -122.627252, 45.50479 ], [ -122.626235, 45.504789 ], [ -122.625704, 45.504789 ], [ -122.625203, 45.504782 ], [ -122.624257, 45.504786 ], [ -122.623873, 45.504776 ], [ -122.622655, 45.504801 ], [ -122.622611, 45.504073 ], [ -122.62261, 45.50336 ], [ -122.622609, 45.502647 ], [ -122.622609, 45.501934 ], [ -122.622613, 45.501214 ], [ -122.622618, 45.500508 ], [ -122.622621, 45.499795 ], [ -122.622623, 45.499082 ], [ -122.622616, 45.497466 ], [ -122.622602, 45.497335 ], [ -122.623891, 45.49722 ], [ -122.624871, 45.497147 ], [ -122.625878, 45.497066 ], [ -122.626197, 45.497043 ], [ -122.6277, 45.496952 ], [ -122.629315, 45.496841 ], [ -122.630462, 45.496781 ], [ -122.631504, 45.496794 ], [ -122.632068, 45.496797 ], [ -122.632465, 45.496829 ], [ -122.633558, 45.496968 ], [ -122.633707, 45.496989 ], [ -122.634531, 45.497107 ], [ -122.634617, 45.49712 ], [ -122.634883, 45.49716 ], [ -122.635559, 45.497315 ], [ -122.636577, 45.497583 ], [ -122.63696, 45.497701 ], [ -122.63759, 45.497789 ], [ -122.639618, 45.49794 ], [ -122.639626, 45.499135 ], [ -122.63963, 45.499812 ], [ -122.639634, 45.500524 ], [ -122.639641, 45.501238 ], [ -122.639648, 45.501951 ], [ -122.639651, 45.502663 ], [ -122.639652, 45.503434 ], [ -122.639659, 45.503611 ], [ -122.639655, 45.504089 ], [ -122.63966, 45.504694 ] ] ] } },
{ "type": "Feature", "properties": { "GEOID": "41051000902", "NAMELSAD": "Census Tract 9.02", "area_sqmi": 0.38667959112882544, "total_bike_miles": 1.34, "num_segments": 22, "bike_density": 3.47, "total_pop": 5211, "pop_white": 3803, "pop_black": 162, "pop_asian": 433, "pop_hispanic": 0, "pct_white": 73.0, "pct_nonwhite": 27.0, "pct_black": 3.1, "pct_asian": 8.3, "pct_hispanic": 0.0, "median_income": 84938.0 }, "geometry": { "type": "Polygon", "coordinates": [ [ [ -122.639618, 45.49794 ], [ -122.63759, 45.497789 ], [ -122.63696, 45.497701 ], [ -122.636577, 45.497583 ], [ -122.635559, 45.497315 ], [ -122.634883, 45.49716 ], [ -122.634617, 45.49712 ], [ -122.634531, 45.497107 ], [ -122.633707, 45.496989 ], [ -122.633558, 45.496968 ], [ -122.632465, 45.496829 ], [ -122.632068, 45.496797 ], [ -122.631504, 45.496794 ], [ -122.630462, 45.496781 ], [ -122.629315, 45.496841 ], [ -122.6277, 45.496952 ], [ -122.626197, 45.497043 ], [ -122.625878, 45.497066 ], [ -122.624871, 45.497147 ], [ -122.623891, 45.49722 ], [ -122.622602, 45.497335 ], [ -122.622597, 45.497185 ], [ -122.622633, 45.496069 ], [ -122.622636, 45.494758 ], [ -122.622636, 45.494058 ], [ -122.622637, 45.493331 ], [ -122.62264, 45.492364 ], [ -122.622642, 45.491678 ], [ -122.622654, 45.490993 ], [ -122.622678, 45.490709 ], [ -122.622743, 45.490555 ], [ -122.622763, 45.490295 ], [ -122.622976, 45.490288 ], [ -122.623923, 45.490296 ], [ -122.624428, 45.490297 ], [ -122.624658, 45.490297 ], [ -122.625098, 45.490298 ], [ -122.625672, 45.490299 ], [ -122.62669, 45.4903 ], [ -122.627287, 45.4903 ], [ -122.627758, 45.490301 ], [ -122.628321, 45.490302 ], [ -122.628772, 45.490302 ], [ -122.62941, 45.490304 ], [ -122.629765, 45.490316 ], [ -122.629991, 45.490344 ], [ -122.630141, 45.490395 ], [ -122.630429, 45.490517 ], [ -122.630529, 45.490551 ], [ -122.630655, 45.490575 ], [ -122.630809, 45.490596 ], [ -122.631056, 45.490602 ], [ -122.631733, 45.4906 ], [ -122.631823, 45.4906 ], [ -122.632691, 45.490598 ], [ -122.633668, 45.490592 ], [ -122.633772, 45.490584 ], [ -122.633858, 45.490569 ], [ -122.63394, 45.490547 ], [ -122.634014, 45.490518 ], [ -122.634154, 45.490448 ], [ -122.634338, 45.490368 ], [ -122.634441, 45.490338 ], [ -122.634542, 45.490319 ], [ -122.634639, 45.490308 ], [ -122.635315, 45.490309 ], [ -122.635614, 45.490309 ], [ -122.636289, 45.490309 ], [ -122.636609, 45.490307 ], [ -122.637497, 45.49031 ], [ -122.637604, 45.490303 ], [ -122.63771, 45.490296 ], [ -122.638577, 45.490297 ], [ -122.639572, 45.490296 ], [ -122.639572, 45.490976 ], [ -122.639583, 45.49208 ], [ -122.63959, 45.49337 ], [ -122.639598, 45.494794 ], [ -122.639601, 45.495291 ], [ -122.639606, 45.496043 ], [ -122.639609, 45.496586 ], [ -122.63961, 45.496748 ], [ -122.639618, 45.49794 ] ] ] } },
{ "type": "Feature", "properties": { "GEOID": "41051001000", "NAMELSAD": "Census Tract 10", "area_sqmi": 0.98582006121618437, "total_bike_miles": 3.831, "num_segments": 69, "bike_density": 3.89, "total_pop": 5913, "pop_white": 4653, "pop_black": 111, "pop_asian": 280, "pop_hispanic": 0, "pct_white": 78.7, "pct_nonwhite": 21.3, "pct_black": 1.9, "pct_asian": 4.7, "pct_hispanic": 0.0, "median_income": 109967.0 }, "geometry": { "type": "Polygon", "coordinates": [ [ [ -122.661801, 45.504894 ], [ -122.660898, 45.504884 ], [ -122.660816, 45.504885 ], [ -122.660641, 45.504886 ], [ -122.65981, 45.504875 ], [ -122.658719, 45.504861 ], [ -122.657783, 45.504868 ], [ -122.656741, 45.504876 ], [ -122.656604, 45.504876 ], [ -122.656566, 45.504875 ], [ -122.656417, 45.504873 ], [ -122.655755, 45.504862 ], [ -122.654743, 45.504858 ], [ -122.65372, 45.504854 ], [ -122.652719, 45.504851 ], [ -122.652003, 45.504847 ], [ -122.651702, 45.504845 ], [ -122.650689, 45.504843 ], [ -122.649675, 45.504838 ], [ -122.649425, 45.504837 ], [ -122.648661, 45.504835 ], [ -122.647647, 45.504831 ], [ -122.646894, 45.50482 ], [ -122.645961, 45.504823 ], [ -122.645632, 45.504816 ], [ -122.645352, 45.504823 ], [ -122.645084, 45.504823 ], [ -122.644604, 45.50482 ], [ -122.643584, 45.504817 ], [ -122.642576, 45.504813 ], [ -122.641528, 45.504809 ], [ -122.641223, 45.504809 ], [ -122.640409, 45.504805 ], [ -122.639603, 45.504806 ], [ -122.63966, 45.504694 ], [ -122.639655, 45.504089 ], [ -122.639659, 45.503611 ], [ -122.639652, 45.503434 ], [ -122.639651, 45.502663 ], [ -122.639648, 45.501951 ], [ -122.639641, 45.501238 ], [ -122.639634, 45.500524 ], [ -122.63963, 45.499812 ], [ -122.639626, 45.499135 ], [ -122.639618, 45.49794 ], [ -122.63961, 45.496748 ], [ -122.639609, 45.496586 ], [ -122.639606, 45.496043 ], [ -122.639601, 45.495291 ], [ -122.639598, 45.494794 ], [ -122.63959, 45.49337 ], [ -122.639583, 45.49208 ], [ -122.639572, 45.490976 ], [ -122.639572, 45.490296 ], [ -122.640566, 45.490295 ], [ -122.641543, 45.4903 ], [ -122.642719, 45.490317 ], [ -122.643117, 45.490317 ], [ -122.643518, 45.490316 ], [ -122.643554, 45.490316 ], [ -122.643617, 45.490316 ], [ -122.644378, 45.49032 ], [ -122.644714, 45.490322 ], [ -122.646223, 45.490323 ], [ -122.64734, 45.490324 ], [ -122.648345, 45.490325 ], [ -122.649367, 45.490327 ], [ -122.650381, 45.490329 ], [ -122.651152, 45.490329 ], [ -122.653204, 45.490335 ], [ -122.654228, 45.490329 ], [ -122.654432, 45.490344 ], [ -122.654592, 45.490366 ], [ -122.654859, 45.49042 ], [ -122.655084, 45.489992 ], [ -122.655189, 45.490036 ], [ -122.655297, 45.490088 ], [ -122.655516, 45.490196 ], [ -122.655857, 45.490366 ], [ -122.656124, 45.490514 ], [ -122.656422, 45.49069 ], [ -122.656681, 45.490857 ], [ -122.656954, 45.491053 ], [ -122.657098, 45.491167 ], [ -122.657266, 45.491306 ], [ -122.657397, 45.491423 ], [ -122.657593, 45.491602 ], [ -122.65784, 45.49186 ], [ -122.658036, 45.49209 ], [ -122.65826, 45.492377 ], [ -122.658377, 45.492531 ], [ -122.658482, 45.492707 ], [ -122.658596, 45.492937 ], [ -122.658723, 45.493187 ], [ -122.658775, 45.493306 ], [ -122.658834, 45.493477 ], [ -122.658888, 45.493624 ], [ -122.660089, 45.497897 ], [ -122.660863, 45.500828 ], [ -122.661075, 45.501503 ], [ -122.661136, 45.501631 ], [ -122.661236, 45.501788 ], [ -122.661316, 45.501895 ], [ -122.661419, 45.502114 ], [ -122.661505, 45.502296 ], [ -122.661622, 45.502654 ], [ -122.661648, 45.502714 ], [ -122.661654, 45.502742 ], [ -122.661738, 45.50314 ], [ -122.661749, 45.50323 ], [ -122.661756, 45.503459 ], [ -122.661778, 45.504169 ], [ -122.661801, 45.504894 ] ] ] } },
{ "type": "Feature", "properties": { "GEOID": "41051001101", "NAMELSAD": "Census Tract 11.01", "area_sqmi": 0.64674957677434097, "total_bike_miles": 7.762, "num_segments": 161, "bike_density": 12.0, "total_pop": 2988, "pop_white": 2196, "pop_black": 80, "pop_asian": 183, "pop_hispanic": 0, "pct_white": 73.5, "pct_nonwhite": 26.5, "pct_black": 2.7, "pct_asian": 6.1, "pct_hispanic": 0.0, "median_income": 55236.0 }, "geometry": { "type": "Polygon", "coordinates": [ [ [ -122.670417, 45.51307 ], [ -122.668653, 45.517592 ], [ -122.668333, 45.517507 ], [ -122.667556, 45.517378 ], [ -122.667373, 45.517348 ], [ -122.667164, 45.517313 ], [ -122.666974, 45.517296 ], [ -122.666818, 45.517276 ], [ -122.666657, 45.517273 ], [ -122.666511, 45.517259 ], [ -122.666381, 45.517261 ], [ -122.666209, 45.517267 ], [ -122.665817, 45.51728 ], [ -122.665291, 45.517277 ], [ -122.665251, 45.517375 ], [ -122.665236, 45.51748 ], [ -122.665237, 45.517569 ], [ -122.665249, 45.517648 ], [ -122.665281, 45.517733 ], [ -122.665333, 45.517806 ], [ -122.665457, 45.517948 ], [ -122.665832, 45.518359 ], [ -122.665777, 45.518672 ], [ -122.66562, 45.519103 ], [ -122.665569, 45.519225 ], [ -122.665505, 45.519294 ], [ -122.66544, 45.519332 ], [ -122.665298, 45.519382 ], [ -122.664816, 45.51938 ], [ -122.664788, 45.51938 ], [ -122.6646, 45.519379 ], [ -122.663773, 45.519376 ], [ -122.663735, 45.519376 ], [ -122.662759, 45.519373 ], [ -122.662675, 45.519373 ], [ -122.661784, 45.51937 ], [ -122.66073, 45.519366 ], [ -122.659716, 45.519363 ], [ -122.658682, 45.51936 ], [ -122.657741, 45.519356 ], [ -122.657611, 45.519356 ], [ -122.656673, 45.519353 ], [ -122.655659, 45.51935 ], [ -122.654644, 45.519346 ], [ -122.65363, 45.519343 ], [ -122.652616, 45.519339 ], [ -122.651601, 45.519336 ], [ -122.650587, 45.519332 ], [ -122.649572, 45.519329 ], [ -122.649577, 45.518616 ], [ -122.649582, 45.517903 ], [ -122.649587, 45.51719 ], [ -122.649592, 45.516477 ], [ -122.649606, 45.51581 ], [ -122.649601, 45.515051 ], [ -122.649606, 45.514336 ], [ -122.649611, 45.513624 ], [ -122.649616, 45.512911 ], [ -122.649601, 45.512197 ], [ -122.650632, 45.512201 ], [ -122.651645, 45.512206 ], [ -122.651945, 45.512206 ], [ -122.652662, 45.512208 ], [ -122.652793, 45.512208 ], [ -122.653675, 45.51221 ], [ -122.654692, 45.512215 ], [ -122.655706, 45.512219 ], [ -122.65672, 45.512222 ], [ -122.657735, 45.512225 ], [ -122.65871, 45.512229 ], [ -122.659763, 45.512232 ], [ -122.660766, 45.512255 ], [ -122.661437, 45.512239 ], [ -122.661828, 45.51224 ], [ -122.662806, 45.512242 ], [ -122.66281, 45.511529 ], [ -122.662815, 45.510831 ], [ -122.662839, 45.510083 ], [ -122.66284, 45.509378 ], [ -122.662818, 45.508924 ], [ -122.662749, 45.508691 ], [ -122.66276, 45.50842 ], [ -122.662744, 45.508377 ], [ -122.662727, 45.508331 ], [ -122.662549, 45.507847 ], [ -122.662355, 45.50762 ], [ -122.66219, 45.507383 ], [ -122.662056, 45.507137 ], [ -122.661953, 45.506882 ], [ -122.661882, 45.506624 ], [ -122.66185, 45.506411 ], [ -122.661843, 45.506361 ], [ -122.661833, 45.505928 ], [ -122.661853, 45.505876 ], [ -122.661829, 45.50582 ], [ -122.661801, 45.504894 ], [ -122.661778, 45.504169 ], [ -122.661756, 45.503459 ], [ -122.661749, 45.50323 ], [ -122.661738, 45.50314 ], [ -122.661654, 45.502742 ], [ -122.661648, 45.502714 ], [ -122.661622, 45.502654 ], [ -122.661505, 45.502296 ], [ -122.661419, 45.502114 ], [ -122.661316, 45.501895 ], [ -122.661236, 45.501788 ], [ -122.661136, 45.501631 ], [ -122.661075, 45.501503 ], [ -122.661154, 45.501498 ], [ -122.661711, 45.501457 ], [ -122.662156, 45.501424 ], [ -122.664092, 45.501266 ], [ -122.665103, 45.501184 ], [ -122.665111, 45.502397 ], [ -122.665115, 45.50293 ], [ -122.666553, 45.505203 ], [ -122.667512, 45.50667 ], [ -122.668524, 45.508217 ], [ -122.668563, 45.508276 ], [ -122.670222, 45.512406 ], [ -122.670417, 45.51307 ] ] ] } },
{ "type": "Feature", "properties": { "GEOID": "41051001102", "NAMELSAD": "Census Tract 11.02", "area_sqmi": 0.32016018979182514, "total_bike_miles": 1.948, "num_segments": 45, "bike_density": 6.09, "total_pop": 1479, "pop_white": 1152, "pop_black": 60, "pop_asian": 106, "pop_hispanic": 0, "pct_white": 77.9, "pct_nonwhite": 22.1, "pct_black": 4.1, "pct_asian": 7.2, "pct_hispanic": 0.0, "median_income": 109423.0 }, "geometry": { "type": "Polygon", "coordinates": [ [ [ -122.662839, 45.510083 ], [ -122.662815, 45.510831 ], [ -122.66281, 45.511529 ], [ -122.662806, 45.512242 ], [ -122.661828, 45.51224 ], [ -122.661437, 45.512239 ], [ -122.660766, 45.512255 ], [ -122.659763, 45.512232 ], [ -122.65871, 45.512229 ], [ -122.657735, 45.512225 ], [ -122.65672, 45.512222 ], [ -122.655706, 45.512219 ], [ -122.654692, 45.512215 ], [ -122.653675, 45.51221 ], [ -122.652793, 45.512208 ], [ -122.652662, 45.512208 ], [ -122.651945, 45.512206 ], [ -122.651645, 45.512206 ], [ -122.650632, 45.512201 ], [ -122.649601, 45.512197 ], [ -122.649368, 45.512196 ], [ -122.649382, 45.511741 ], [ -122.649385, 45.511289 ], [ -122.649387, 45.510836 ], [ -122.649384, 45.510674 ], [ -122.649796, 45.510346 ], [ -122.649393, 45.510003 ], [ -122.649396, 45.509387 ], [ -122.649399, 45.508918 ], [ -122.649441, 45.508917 ], [ -122.649556, 45.508902 ], [ -122.649649, 45.508876 ], [ -122.649746, 45.508831 ], [ -122.649818, 45.508782 ], [ -122.64987, 45.50873 ], [ -122.649899, 45.508693 ], [ -122.649931, 45.508626 ], [ -122.649947, 45.508536 ], [ -122.649941, 45.508474 ], [ -122.649919, 45.508411 ], [ -122.649868, 45.508334 ], [ -122.649789, 45.508263 ], [ -122.649748, 45.508237 ], [ -122.649651, 45.508192 ], [ -122.649561, 45.508167 ], [ -122.649476, 45.508153 ], [ -122.649411, 45.50815 ], [ -122.649405, 45.507678 ], [ -122.649403, 45.507045 ], [ -122.649798, 45.506712 ], [ -122.649407, 45.506407 ], [ -122.649416, 45.506195 ], [ -122.649419, 45.505742 ], [ -122.649422, 45.50529 ], [ -122.649425, 45.504837 ], [ -122.649675, 45.504838 ], [ -122.650689, 45.504843 ], [ -122.651702, 45.504845 ], [ -122.652003, 45.504847 ], [ -122.652719, 45.504851 ], [ -122.65372, 45.504854 ], [ -122.654743, 45.504858 ], [ -122.655755, 45.504862 ], [ -122.656417, 45.504873 ], [ -122.656566, 45.504875 ], [ -122.656604, 45.504876 ], [ -122.656741, 45.504876 ], [ -122.657783, 45.504868 ], [ -122.658719, 45.504861 ], [ -122.65981, 45.504875 ], [ -122.660641, 45.504886 ], [ -122.660816, 45.504885 ], [ -122.660898, 45.504884 ], [ -122.661801, 45.504894 ], [ -122.661829, 45.50582 ], [ -122.661853, 45.505876 ], [ -122.661833, 45.505928 ], [ -122.661843, 45.506361 ], [ -122.66185, 45.506411 ], [ -122.661882, 45.506624 ], [ -122.661953, 45.506882 ], [ -122.662056, 45.507137 ], [ -122.66219, 45.507383 ], [ -122.662355, 45.50762 ], [ -122.662549, 45.507847 ], [ -122.662727, 45.508331 ], [ -122.662744, 45.508377 ], [ -122.66276, 45.50842 ], [ -122.662749, 45.508691 ], [ -122.662818, 45.508924 ], [ -122.66284, 45.509378 ], [ -122.662839, 45.510083 ] ] ] } },
{ "type": "Feature", "properties": { "GEOID": "41051001202", "NAMELSAD": "Census Tract 12.02", "area_sqmi": 0.3605640895540515, "total_bike_miles": 1.758, "num_segments": 44, "bike_density": 4.88, "total_pop": 3182, "pop_white": 2716, "pop_black": 86, "pop_asian": 59, "pop_hispanic": 0, "pct_white": 85.4, "pct_nonwhite": 14.6, "pct_black": 2.7, "pct_asian": 1.9, "pct_hispanic": 0.0, "median_income": 124097.0 }, "geometry": { "type": "Polygon", "coordinates": [ [ [ -122.649947, 45.508536 ], [ -122.649931, 45.508626 ], [ -122.649899, 45.508693 ], [ -122.64987, 45.50873 ], [ -122.649818, 45.508782 ], [ -122.649746, 45.508831 ], [ -122.649649, 45.508876 ], [ -122.649556, 45.508902 ], [ -122.649441, 45.508917 ], [ -122.649399, 45.508918 ], [ -122.649396, 45.509387 ], [ -122.649393, 45.510003 ], [ -122.649796, 45.510346 ], [ -122.649384, 45.510674 ], [ -122.649387, 45.510836 ], [ -122.649385, 45.511289 ], [ -122.649382, 45.511741 ], [ -122.649368, 45.512196 ], [ -122.648606, 45.512194 ], [ -122.647592, 45.51219 ], [ -122.646835, 45.512187 ], [ -122.646575, 45.512187 ], [ -122.646008, 45.512181 ], [ -122.645563, 45.512183 ], [ -122.645231, 45.512103 ], [ -122.644145, 45.512082 ], [ -122.643536, 45.512078 ], [ -122.643171, 45.512078 ], [ -122.642518, 45.512076 ], [ -122.642195, 45.512077 ], [ -122.641504, 45.512076 ], [ -122.641262, 45.512076 ], [ -122.640313, 45.512077 ], [ -122.63916, 45.512071 ], [ -122.638145, 45.512073 ], [ -122.637131, 45.512071 ], [ -122.636116, 45.512069 ], [ -122.634772, 45.512069 ], [ -122.634764, 45.511195 ], [ -122.634757, 45.510789 ], [ -122.634757, 45.510483 ], [ -122.63475, 45.509775 ], [ -122.634749, 45.509531 ], [ -122.634723, 45.508353 ], [ -122.634729, 45.507256 ], [ -122.634717, 45.506775 ], [ -122.634712, 45.506484 ], [ -122.63472, 45.50623 ], [ -122.634714, 45.505499 ], [ -122.63471, 45.505166 ], [ -122.63471, 45.505156 ], [ -122.634708, 45.504882 ], [ -122.634645, 45.5048 ], [ -122.635597, 45.504801 ], [ -122.636659, 45.504803 ], [ -122.637626, 45.504804 ], [ -122.63864, 45.504805 ], [ -122.639603, 45.504806 ], [ -122.640409, 45.504805 ], [ -122.641223, 45.504809 ], [ -122.641528, 45.504809 ], [ -122.642576, 45.504813 ], [ -122.643584, 45.504817 ], [ -122.644604, 45.50482 ], [ -122.645084, 45.504823 ], [ -122.645352, 45.504823 ], [ -122.645632, 45.504816 ], [ -122.645961, 45.504823 ], [ -122.646894, 45.50482 ], [ -122.647647, 45.504831 ], [ -122.648661, 45.504835 ], [ -122.649425, 45.504837 ], [ -122.649422, 45.50529 ], [ -122.649419, 45.505742 ], [ -122.649416, 45.506195 ], [ -122.649407, 45.506407 ], [ -122.649798, 45.506712 ], [ -122.649403, 45.507045 ], [ -122.649405, 45.507678 ], [ -122.649411, 45.50815 ], [ -122.649476, 45.508153 ], [ -122.649561, 45.508167 ], [ -122.649651, 45.508192 ], [ -122.649748, 45.508237 ], [ -122.649789, 45.508263 ], [ -122.649868, 45.508334 ], [ -122.649919, 45.508411 ], [ -122.649941, 45.508474 ], [ -122.649947, 45.508536 ] ] ] } },
{ "type": "Feature", "properties": { "GEOID": "41051001302", "NAMELSAD": "Census Tract 13.02", "area_sqmi": 0.2926123234337904, "total_bike_miles": 0.586, "num_segments": 10, "bike_density": 2.0, "total_pop": 3545, "pop_white": 2697, "pop_black": 0, "pop_asian": 203, "pop_hispanic": 0, "pct_white": 76.1, "pct_nonwhite": 23.9, "pct_black": 0.0, "pct_asian": 5.7, "pct_hispanic": 0.0, "median_income": 124868.0 }, "geometry": { "type": "Polygon", "coordinates": [ [ [ -122.634772, 45.512069 ], [ -122.633877, 45.512074 ], [ -122.633768, 45.512069 ], [ -122.632722, 45.512067 ], [ -122.631659, 45.512064 ], [ -122.630876, 45.512062 ], [ -122.630575, 45.51206 ], [ -122.629579, 45.51206 ], [ -122.628653, 45.512058 ], [ -122.62821, 45.512058 ], [ -122.627635, 45.512057 ], [ -122.626751, 45.512055 ], [ -122.62581, 45.512054 ], [ -122.624486, 45.512052 ], [ -122.623953, 45.512051 ], [ -122.622824, 45.512043 ], [ -122.622811, 45.511941 ], [ -122.622798, 45.510843 ], [ -122.622759, 45.509489 ], [ -122.622736, 45.508775 ], [ -122.622713, 45.508062 ], [ -122.622697, 45.507542 ], [ -122.622679, 45.506857 ], [ -122.622658, 45.506171 ], [ -122.622637, 45.505485 ], [ -122.622655, 45.504801 ], [ -122.623873, 45.504776 ], [ -122.624257, 45.504786 ], [ -122.625203, 45.504782 ], [ -122.625704, 45.504789 ], [ -122.626235, 45.504789 ], [ -122.627252, 45.50479 ], [ -122.627584, 45.504792 ], [ -122.628573, 45.504792 ], [ -122.629565, 45.504793 ], [ -122.630524, 45.504795 ], [ -122.63115, 45.504799 ], [ -122.631539, 45.504796 ], [ -122.632607, 45.504797 ], [ -122.633568, 45.504799 ], [ -122.634645, 45.5048 ], [ -122.634708, 45.504882 ], [ -122.63471, 45.505156 ], [ -122.63471, 45.505166 ], [ -122.634714, 45.505499 ], [ -122.63472, 45.50623 ], [ -122.634712, 45.506484 ], [ -122.634717, 45.506775 ], [ -122.634729, 45.507256 ], [ -122.634723, 45.508353 ], [ -122.634749, 45.509531 ], [ -122.63475, 45.509775 ], [ -122.634757, 45.510483 ], [ -122.634757, 45.510789 ], [ -122.634764, 45.511195 ], [ -122.634772, 45.512069 ] ] ] } },
{ "type": "Feature", "properties": { "GEOID": "41051003603", "NAMELSAD": "Census Tract 36.03", "area_sqmi": 0.31253142100635078, "total_bike_miles": 1.715, "num_segments": 28, "bike_density": 5.49, "total_pop": 1735, "pop_white": 1177, "pop_black": 228, "pop_asian": 129, "pop_hispanic": 0, "pct_white": 67.8, "pct_nonwhite": 32.2, "pct_black": 13.1, "pct_asian": 7.4, "pct_hispanic": 0.0, "median_income": 120114.0 }, "geometry": { "type": "Polygon", "coordinates": [ [ [ -122.630656, 45.563885 ], [ -122.630656, 45.564457 ], [ -122.630655, 45.565119 ], [ -122.630648, 45.56539 ], [ -122.630644, 45.56593 ], [ -122.630648, 45.566268 ], [ -122.630651, 45.566371 ], [ -122.630648, 45.566404 ], [ -122.630654, 45.566775 ], [ -122.630653, 45.568243 ], [ -122.630651, 45.569986 ], [ -122.630646, 45.570692 ], [ -122.630644, 45.57107 ], [ -122.630638, 45.571864 ], [ -122.630644, 45.5725 ], [ -122.630645, 45.572743 ], [ -122.620282, 45.570736 ], [ -122.618684, 45.570419 ], [ -122.619071, 45.570216 ], [ -122.619276, 45.570115 ], [ -122.619413, 45.570038 ], [ -122.619529, 45.569964 ], [ -122.619703, 45.569831 ], [ -122.619843, 45.569699 ], [ -122.619957, 45.569569 ], [ -122.620102, 45.569372 ], [ -122.620169, 45.569261 ], [ -122.620287, 45.568986 ], [ -122.62036, 45.568776 ], [ -122.62041, 45.568588 ], [ -122.620428, 45.568463 ], [ -122.620448, 45.567538 ], [ -122.620447, 45.567128 ], [ -122.620441, 45.566435 ], [ -122.620416, 45.565101 ], [ -122.62041, 45.564266 ], [ -122.620416, 45.563679 ], [ -122.620424, 45.562803 ], [ -122.621421, 45.562795 ], [ -122.622438, 45.562786 ], [ -122.62345, 45.562777 ], [ -122.624465, 45.562768 ], [ -122.625518, 45.562758 ], [ -122.625925, 45.562758 ], [ -122.626597, 45.562749 ], [ -122.627612, 45.562741 ], [ -122.628627, 45.562732 ], [ -122.629642, 45.562724 ], [ -122.630657, 45.562715 ], [ -122.630656, 45.563885 ] ] ] } },
{ "type": "Feature", "properties": { "GEOID": "41051003701", "NAMELSAD": "Census Tract 37.01", "area_sqmi": 0.56986078088078618, "total_bike_miles": 2.739, "num_segments": 66, "bike_density": 4.81, "total_pop": 4250, "pop_white": 2665, "pop_black": 413, "pop_asian": 55, "pop_hispanic": 0, "pct_white": 62.7, "pct_nonwhite": 37.3, "pct_black": 9.7, "pct_asian": 1.3, "pct_hispanic": 0.0, "median_income": 92986.0 }, "geometry": { "type": "Polygon", "coordinates": [ [ [ -122.67485, 45.571749 ], [ -122.674833, 45.573384 ], [ -122.674822, 45.574437 ], [ -122.674814, 45.575123 ], [ -122.674806, 45.575808 ], [ -122.674798, 45.576494 ], [ -122.674789, 45.57722 ], [ -122.67476, 45.577409 ], [ -122.674737, 45.577474 ], [ -122.674692, 45.577533 ], [ -122.674629, 45.577583 ], [ -122.674553, 45.577622 ], [ -122.674463, 45.577656 ], [ -122.674389, 45.577705 ], [ -122.674338, 45.577766 ], [ -122.674318, 45.577836 ], [ -122.674349, 45.577947 ], [ -122.674349, 45.578632 ], [ -122.674358, 45.578982 ], [ -122.674349, 45.579318 ], [ -122.674349, 45.580004 ], [ -122.674349, 45.580689 ], [ -122.67435, 45.581375 ], [ -122.67435, 45.582061 ], [ -122.674318, 45.582257 ], [ -122.674313, 45.582289 ], [ -122.674321, 45.5824 ], [ -122.674345, 45.582746 ], [ -122.674344, 45.583432 ], [ -122.674335, 45.583903 ], [ -122.673329, 45.58377 ], [ -122.672333, 45.583664 ], [ -122.671686, 45.583594 ], [ -122.670786, 45.583496 ], [ -122.670102, 45.5834 ], [ -122.669619, 45.583305 ], [ -122.669147, 45.583222 ], [ -122.668768, 45.583146 ], [ -122.668391, 45.583065 ], [ -122.66781, 45.58293 ], [ -122.667649, 45.582899 ], [ -122.667147, 45.582777 ], [ -122.666426, 45.582568 ], [ -122.665737, 45.58237 ], [ -122.665194, 45.582212 ], [ -122.664963, 45.582146 ], [ -122.663342, 45.581678 ], [ -122.661419, 45.581139 ], [ -122.661336, 45.580687 ], [ -122.661339, 45.579225 ], [ -122.661338, 45.579189 ], [ -122.661329, 45.578897 ], [ -122.661337, 45.578628 ], [ -122.661342, 45.577943 ], [ -122.661348, 45.577507 ], [ -122.661346, 45.57723 ], [ -122.661351, 45.57649 ], [ -122.661356, 45.575804 ], [ -122.66136, 45.575119 ], [ -122.661365, 45.574433 ], [ -122.661367, 45.573508 ], [ -122.661362, 45.573257 ], [ -122.661358, 45.571787 ], [ -122.661378, 45.569978 ], [ -122.662028, 45.569975 ], [ -122.662369, 45.569974 ], [ -122.662565, 45.569973 ], [ -122.663102, 45.569972 ], [ -122.663345, 45.569969 ], [ -122.663638, 45.569969 ], [ -122.664175, 45.569966 ], [ -122.664321, 45.569966 ], [ -122.664712, 45.569964 ], [ -122.665249, 45.569961 ], [ -122.665792, 45.569958 ], [ -122.666329, 45.569956 ], [ -122.666866, 45.569953 ], [ -122.667403, 45.569952 ], [ -122.667939, 45.569951 ], [ -122.668877, 45.569947 ], [ -122.669873, 45.569945 ], [ -122.670142, 45.569944 ], [ -122.670785, 45.56994 ], [ -122.671216, 45.569941 ], [ -122.671816, 45.569938 ], [ -122.672296, 45.569936 ], [ -122.672811, 45.569933 ], [ -122.673807, 45.569929 ], [ -122.67487, 45.569923 ], [ -122.67485, 45.571749 ] ] ] } },
{ "type": "Feature", "properties": { "GEOID": "41051003702", "NAMELSAD": "Census Tract 37.02", "area_sqmi": 0.32779981403493907, "total_bike_miles": 1.184, "num_segments": 19, "bike_density": 3.61, "total_pop": 2472, "pop_white": 1918, "pop_black": 236, "pop_asian": 35, "pop_hispanic": 0, "pct_white": 77.6, "pct_nonwhite": 22.4, "pct_black": 9.5, "pct_asian": 1.4, "pct_hispanic": 0.0, "median_income": 120081.0 }, "geometry": { "type": "Polygon", "coordinates": [ [ [ -122.674949, 45.563037 ], [ -122.674948, 45.564107 ], [ -122.674933, 45.565534 ], [ -122.67492, 45.566414 ], [ -122.674892, 45.568441 ], [ -122.67487, 45.569923 ], [ -122.673807, 45.569929 ], [ -122.672811, 45.569933 ], [ -122.672296, 45.569936 ], [ -122.671816, 45.569938 ], [ -122.671216, 45.569941 ], [ -122.670785, 45.56994 ], [ -122.670142, 45.569944 ], [ -122.669873, 45.569945 ], [ -122.668877, 45.569947 ], [ -122.667939, 45.569951 ], [ -122.667403, 45.569952 ], [ -122.666866, 45.569953 ], [ -122.666329, 45.569956 ], [ -122.665792, 45.569958 ], [ -122.665249, 45.569961 ], [ -122.664712, 45.569964 ], [ -122.664321, 45.569966 ], [ -122.664175, 45.569966 ], [ -122.663638, 45.569969 ], [ -122.663345, 45.569969 ], [ -122.663102, 45.569972 ], [ -122.662565, 45.569973 ], [ -122.662369, 45.569974 ], [ -122.662028, 45.569975 ], [ -122.661378, 45.569978 ], [ -122.661387, 45.568966 ], [ -122.661392, 45.568247 ], [ -122.661397, 45.567702 ], [ -122.661397, 45.567433 ], [ -122.661404, 45.566409 ], [ -122.66141, 45.565533 ], [ -122.661413, 45.565127 ], [ -122.661416, 45.564848 ], [ -122.661421, 45.564059 ], [ -122.661423, 45.563865 ], [ -122.661426, 45.563401 ], [ -122.661432, 45.562735 ], [ -122.662086, 45.562726 ], [ -122.662623, 45.56273 ], [ -122.663159, 45.562728 ], [ -122.663696, 45.562725 ], [ -122.664233, 45.562729 ], [ -122.664771, 45.56272 ], [ -122.665309, 45.562717 ], [ -122.665846, 45.562721 ], [ -122.666384, 45.562719 ], [ -122.666921, 45.562717 ], [ -122.667454, 45.562718 ], [ -122.667995, 45.562705 ], [ -122.668112, 45.562711 ], [ -122.668739, 45.562707 ], [ -122.669658, 45.562705 ], [ -122.670118, 45.562701 ], [ -122.670655, 45.562699 ], [ -122.671198, 45.562696 ], [ -122.671804, 45.562693 ], [ -122.672939, 45.562689 ], [ -122.67395, 45.562685 ], [ -122.674966, 45.562681 ], [ -122.674949, 45.563037 ] ] ] } },
{ "type": "Feature", "properties": { "GEOID": "41051003602", "NAMELSAD": "Census Tract 36.02", "area_sqmi": 0.85334660322330902, "total_bike_miles": 2.924, "num_segments": 58, "bike_density": 3.43, "total_pop": 6773, "pop_white": 4396, "pop_black": 1183, "pop_asian": 355, "pop_hispanic": 0, "pct_white": 64.9, "pct_nonwhite": 35.1, "pct_black": 17.5, "pct_asian": 5.2, "pct_hispanic": 0.0, "median_income": 121786.0 }, "geometry": { "type": "Polygon", "coordinates": [ [ [ -122.65176, 45.57831 ], [ -122.650359, 45.577991 ], [ -122.648207, 45.577518 ], [ -122.647108, 45.577244 ], [ -122.643965, 45.576586 ], [ -122.641341, 45.575962 ], [ -122.638127, 45.57526 ], [ -122.635702, 45.574736 ], [ -122.634737, 45.574522 ], [ -122.634024, 45.574366 ], [ -122.633555, 45.574262 ], [ -122.632172, 45.573979 ], [ -122.631241, 45.573684 ], [ -122.630968, 45.57357 ], [ -122.630833, 45.5735 ], [ -122.630793, 45.573465 ], [ -122.63075, 45.573413 ], [ -122.630733, 45.573398 ], [ -122.630678, 45.573309 ], [ -122.63065, 45.573201 ], [ -122.630647, 45.572942 ], [ -122.630645, 45.572743 ], [ -122.630644, 45.5725 ], [ -122.630638, 45.571864 ], [ -122.630644, 45.57107 ], [ -122.630646, 45.570692 ], [ -122.630651, 45.569986 ], [ -122.630653, 45.568243 ], [ -122.630654, 45.566775 ], [ -122.630648, 45.566404 ], [ -122.630651, 45.566371 ], [ -122.630648, 45.566268 ], [ -122.630644, 45.56593 ], [ -122.630648, 45.56539 ], [ -122.630655, 45.565119 ], [ -122.630656, 45.564457 ], [ -122.630656, 45.563885 ], [ -122.630657, 45.562715 ], [ -122.631188, 45.562713 ], [ -122.631719, 45.562711 ], [ -122.632249, 45.562709 ], [ -122.63278, 45.562708 ], [ -122.633311, 45.562706 ], [ -122.633842, 45.562705 ], [ -122.634373, 45.562703 ], [ -122.634903, 45.562701 ], [ -122.635434, 45.5627 ], [ -122.635928, 45.562698 ], [ -122.636335, 45.562699 ], [ -122.636537, 45.562699 ], [ -122.636843, 45.562699 ], [ -122.637067, 45.562699 ], [ -122.63735, 45.562698 ], [ -122.637607, 45.562698 ], [ -122.637858, 45.562697 ], [ -122.638139, 45.562696 ], [ -122.638365, 45.562696 ], [ -122.638676, 45.562696 ], [ -122.638873, 45.562695 ], [ -122.639296, 45.562695 ], [ -122.639817, 45.562694 ], [ -122.640333, 45.562693 ], [ -122.640859, 45.562692 ], [ -122.64135, 45.562692 ], [ -122.641882, 45.562692 ], [ -122.642419, 45.562692 ], [ -122.642855, 45.562693 ], [ -122.642955, 45.562693 ], [ -122.64349, 45.562693 ], [ -122.644806, 45.562699 ], [ -122.645782, 45.562704 ], [ -122.646034, 45.562705 ], [ -122.646758, 45.562708 ], [ -122.64703, 45.562709 ], [ -122.647734, 45.562712 ], [ -122.648045, 45.562713 ], [ -122.64871, 45.562716 ], [ -122.64906, 45.562717 ], [ -122.649686, 45.56272 ], [ -122.650075, 45.562722 ], [ -122.650057, 45.564531 ], [ -122.650036, 45.566246 ], [ -122.650013, 45.56633 ], [ -122.649998, 45.56639 ], [ -122.649994, 45.568231 ], [ -122.650033, 45.568435 ], [ -122.650049, 45.568503 ], [ -122.65005, 45.56912 ], [ -122.650051, 45.569806 ], [ -122.650052, 45.570492 ], [ -122.650053, 45.571177 ], [ -122.650054, 45.571863 ], [ -122.650055, 45.572548 ], [ -122.650055, 45.573234 ], [ -122.650055, 45.573418 ], [ -122.650053, 45.573665 ], [ -122.650053, 45.57411 ], [ -122.650052, 45.574823 ], [ -122.650051, 45.575536 ], [ -122.65005, 45.576135 ], [ -122.650074, 45.576267 ], [ -122.650076, 45.576721 ], [ -122.650086, 45.576871 ], [ -122.650107, 45.577209 ], [ -122.650489, 45.577209 ], [ -122.651752, 45.577211 ], [ -122.651756, 45.577897 ], [ -122.65176, 45.57831 ] ] ] } },
{ "type": "Feature", "properties": { "GEOID": "41051003802", "NAMELSAD": "Census Tract 38.02", "area_sqmi": 0.42810028408564477, "total_bike_miles": 3.563, "num_segments": 85, "bike_density": 8.32, "total_pop": 3713, "pop_white": 2634, "pop_black": 205, "pop_asian": 94, "pop_hispanic": 0, "pct_white": 70.9, "pct_nonwhite": 29.1, "pct_black": 5.5, "pct_asian": 2.5, "pct_hispanic": 0.0, "median_income": 94102.0 }, "geometry": { "type": "Polygon", "coordinates": [ [ [ -122.692532, 45.572635 ], [ -122.692472, 45.572703 ], [ -122.692466, 45.573541 ], [ -122.692454, 45.575344 ], [ -122.692445, 45.576705 ], [ -122.692444, 45.577011 ], [ -122.692421, 45.577121 ], [ -122.691923, 45.577122 ], [ -122.691408, 45.577123 ], [ -122.690892, 45.577124 ], [ -122.690376, 45.577125 ], [ -122.690103, 45.577128 ], [ -122.689861, 45.577126 ], [ -122.689572, 45.57713 ], [ -122.689346, 45.577128 ], [ -122.689043, 45.577131 ], [ -122.68883, 45.577129 ], [ -122.688494, 45.577132 ], [ -122.688315, 45.57713 ], [ -122.687966, 45.577129 ], [ -122.687799, 45.577131 ], [ -122.687419, 45.577137 ], [ -122.686865, 45.57713 ], [ -122.68625, 45.577127 ], [ -122.685789, 45.577122 ], [ -122.68524, 45.577121 ], [ -122.684722, 45.577123 ], [ -122.684223, 45.577124 ], [ -122.683208, 45.577124 ], [ -122.682088, 45.577128 ], [ -122.680182, 45.577189 ], [ -122.679826, 45.57719 ], [ -122.678755, 45.57722 ], [ -122.678576, 45.577207 ], [ -122.67773, 45.577211 ], [ -122.677478, 45.577205 ], [ -122.67728, 45.577199 ], [ -122.676333, 45.57722 ], [ -122.674789, 45.57722 ], [ -122.674798, 45.576494 ], [ -122.674806, 45.575808 ], [ -122.674814, 45.575123 ], [ -122.674822, 45.574437 ], [ -122.674833, 45.573384 ], [ -122.67485, 45.571749 ], [ -122.67487, 45.569923 ], [ -122.675886, 45.569919 ], [ -122.676838, 45.569915 ], [ -122.67755, 45.569906 ], [ -122.677679, 45.569911 ], [ -122.678531, 45.569892 ], [ -122.678745, 45.569907 ], [ -122.679602, 45.569904 ], [ -122.67979, 45.569894 ], [ -122.680116, 45.569902 ], [ -122.680386, 45.569899 ], [ -122.681025, 45.569898 ], [ -122.68153, 45.569896 ], [ -122.682144, 45.569894 ], [ -122.683257, 45.569891 ], [ -122.684019, 45.569893 ], [ -122.684279, 45.569895 ], [ -122.685291, 45.569905 ], [ -122.686347, 45.569913 ], [ -122.687326, 45.569917 ], [ -122.687453, 45.569916 ], [ -122.688586, 45.569919 ], [ -122.689227, 45.569921 ], [ -122.689874, 45.569924 ], [ -122.690143, 45.569924 ], [ -122.690421, 45.569925 ], [ -122.691406, 45.569929 ], [ -122.692483, 45.569933 ], [ -122.692485, 45.571661 ], [ -122.692512, 45.571743 ], [ -122.69254, 45.571826 ], [ -122.692532, 45.572635 ] ] ] } },
{ "type": "Feature", "properties": { "GEOID": "41051007201", "NAMELSAD": "Census Tract 72.01", "area_sqmi": 4.9445159557011795, "total_bike_miles": 0.751, "num_segments": 5, "bike_density": 0.15, "total_pop": 2454, "pop_white": 1658, "pop_black": 23, "pop_asian": 30, "pop_hispanic": 0, "pct_white": 67.6, "pct_nonwhite": 32.4, "pct_black": 0.9, "pct_asian": 1.2, "pct_hispanic": 0.0, "median_income": 62139.0 }, "geometry": { "type": "Polygon", "coordinates": [ [ [ -122.765094, 45.6529 ], [ -122.765066, 45.652928 ], [ -122.7644, 45.65359 ], [ -122.763775, 45.654424 ], [ -122.76241, 45.656438 ], [ -122.762316, 45.65639 ], [ -122.760907, 45.655674 ], [ -122.759498, 45.654958 ], [ -122.750523, 45.650395 ], [ -122.74451, 45.647338 ], [ -122.743553, 45.64686 ], [ -122.738109, 45.644138 ], [ -122.737545, 45.643986 ], [ -122.730144, 45.641986 ], [ -122.713309, 45.637438 ], [ -122.702745, 45.631422 ], [ -122.692182, 45.625407 ], [ -122.691716, 45.625142 ], [ -122.691687, 45.625125 ], [ -122.691382, 45.624951 ], [ -122.69125, 45.624876 ], [ -122.691185, 45.62484 ], [ -122.691123, 45.624804 ], [ -122.69101, 45.624739 ], [ -122.690999, 45.624734 ], [ -122.690423, 45.624493 ], [ -122.688206, 45.623565 ], [ -122.682795, 45.621133 ], [ -122.680225, 45.620224 ], [ -122.678475, 45.619491 ], [ -122.675332, 45.618162 ], [ -122.675099, 45.618066 ], [ -122.675038, 45.61804 ], [ -122.675001, 45.618025 ], [ -122.674831, 45.617979 ], [ -122.666302, 45.615715 ], [ -122.643907, 45.609739 ], [ -122.64254, 45.603162 ], [ -122.643317, 45.603042 ], [ -122.644772, 45.602818 ], [ -122.645417, 45.602719 ], [ -122.646084, 45.602617 ], [ -122.649731, 45.602507 ], [ -122.651589, 45.602511 ], [ -122.653794, 45.602517 ], [ -122.656483, 45.602844 ], [ -122.664213, 45.603483 ], [ -122.672111, 45.605244 ], [ -122.674475, 45.605851 ], [ -122.678776, 45.606958 ], [ -122.681134, 45.60778 ], [ -122.681348, 45.607855 ], [ -122.681807, 45.608009 ], [ -122.687907, 45.610068 ], [ -122.689985, 45.61077 ], [ -122.699716, 45.614494 ], [ -122.701384, 45.615097 ], [ -122.701683, 45.615248 ], [ -122.701702, 45.615231 ], [ -122.701753, 45.615204 ], [ -122.705377, 45.616686 ], [ -122.70659, 45.617123 ], [ -122.706761, 45.617185 ], [ -122.707732, 45.617535 ], [ -122.708504, 45.617818 ], [ -122.709227, 45.618103 ], [ -122.71024, 45.618562 ], [ -122.713509, 45.620044 ], [ -122.715317, 45.620863 ], [ -122.715536, 45.620962 ], [ -122.715803, 45.621083 ], [ -122.715805, 45.62058 ], [ -122.715449, 45.619748 ], [ -122.724317, 45.62392 ], [ -122.729722, 45.626948 ], [ -122.73501, 45.630755 ], [ -122.740076, 45.634486 ], [ -122.741292, 45.635381 ], [ -122.743589, 45.637068 ], [ -122.744193, 45.637512 ], [ -122.748087, 45.640378 ], [ -122.749226, 45.641217 ], [ -122.752101, 45.643333 ], [ -122.752284, 45.643439 ], [ -122.757665, 45.64738 ], [ -122.762062, 45.650692 ], [ -122.762467, 45.650913 ], [ -122.763161, 45.651477 ], [ -122.76354, 45.651756 ], [ -122.763835, 45.651973 ], [ -122.764245, 45.652274 ], [ -122.764797, 45.65268 ], [ -122.765077, 45.652887 ], [ -122.765094, 45.6529 ] ] ] } },
{ "type": "Feature", "properties": { "GEOID": "41051001301", "NAMELSAD": "Census Tract 13.01", "area_sqmi": 0.28756017683575275, "total_bike_miles": 0.625, "num_segments": 13, "bike_density": 2.18, "total_pop": 3717, "pop_white": 2924, "pop_black": 89, "pop_asian": 137, "pop_hispanic": 0, "pct_white": 78.7, "pct_nonwhite": 21.3, "pct_black": 2.4, "pct_asian": 3.7, "pct_hispanic": 0.0, "median_income": 95411.0 }, "geometry": { "type": "Polygon", "coordinates": [ [ [ -122.634826, 45.519311 ], [ -122.633881, 45.519309 ], [ -122.632943, 45.519308 ], [ -122.631967, 45.519307 ], [ -122.63093, 45.519306 ], [ -122.629549, 45.519307 ], [ -122.628343, 45.519322 ], [ -122.627679, 45.51932 ], [ -122.627084, 45.519305 ], [ -122.625835, 45.519303 ], [ -122.62441, 45.519296 ], [ -122.623007, 45.519293 ], [ -122.62302, 45.518578 ], [ -122.623005, 45.517867 ], [ -122.622987, 45.517154 ], [ -122.622973, 45.516625 ], [ -122.622954, 45.516521 ], [ -122.622932, 45.51579 ], [ -122.622908, 45.515017 ], [ -122.622897, 45.514386 ], [ -122.622909, 45.514304 ], [ -122.622921, 45.514221 ], [ -122.622923, 45.51359 ], [ -122.622912, 45.512876 ], [ -122.622824, 45.512043 ], [ -122.623953, 45.512051 ], [ -122.624486, 45.512052 ], [ -122.62581, 45.512054 ], [ -122.626751, 45.512055 ], [ -122.627635, 45.512057 ], [ -122.62821, 45.512058 ], [ -122.628653, 45.512058 ], [ -122.629579, 45.51206 ], [ -122.630575, 45.51206 ], [ -122.630876, 45.512062 ], [ -122.631659, 45.512064 ], [ -122.632722, 45.512067 ], [ -122.633768, 45.512069 ], [ -122.633877, 45.512074 ], [ -122.634772, 45.512069 ], [ -122.634774, 45.512865 ], [ -122.634776, 45.513581 ], [ -122.634778, 45.514304 ], [ -122.63478, 45.515017 ], [ -122.634781, 45.515744 ], [ -122.634783, 45.516443 ], [ -122.634785, 45.517156 ], [ -122.634787, 45.517854 ], [ -122.634788, 45.51806 ], [ -122.634788, 45.518284 ], [ -122.634788, 45.518337 ], [ -122.634783, 45.518568 ], [ -122.634791, 45.519228 ], [ -122.634826, 45.519311 ] ] ] } },
{ "type": "Feature", "properties": { "GEOID": "41051006100", "NAMELSAD": "Census Tract 61", "area_sqmi": 0.62937043798712722, "total_bike_miles": 2.545, "num_segments": 44, "bike_density": 4.04, "total_pop": 2360, "pop_white": 1997, "pop_black": 0, "pop_asian": 151, "pop_hispanic": 0, "pct_white": 84.6, "pct_nonwhite": 15.4, "pct_black": 0.0, "pct_asian": 6.4, "pct_hispanic": 0.0, "median_income": 167619.0 }, "geometry": { "type": "Polygon", "coordinates": [ [ [ -122.710347, 45.487819 ], [ -122.710331, 45.488734 ], [ -122.710331, 45.489192 ], [ -122.710329, 45.489454 ], [ -122.710344, 45.490007 ], [ -122.710339, 45.490586 ], [ -122.709235, 45.490569 ], [ -122.708064, 45.490568 ], [ -122.706472, 45.490544 ], [ -122.705494, 45.490532 ], [ -122.705357, 45.490507 ], [ -122.705192, 45.490502 ], [ -122.703752, 45.49049 ], [ -122.703106, 45.490513 ], [ -122.702882, 45.490514 ], [ -122.702653, 45.490516 ], [ -122.70259, 45.490574 ], [ -122.702594, 45.491105 ], [ -122.702613, 45.49116 ], [ -122.703047, 45.491163 ], [ -122.703276, 45.491202 ], [ -122.703744, 45.491329 ], [ -122.703976, 45.491414 ], [ -122.704266, 45.491537 ], [ -122.704493, 45.491653 ], [ -122.704788, 45.491855 ], [ -122.704898, 45.491937 ], [ -122.705065, 45.492078 ], [ -122.705202, 45.492223 ], [ -122.705352, 45.492397 ], [ -122.705458, 45.492565 ], [ -122.7055, 45.492687 ], [ -122.705511, 45.492773 ], [ -122.70551, 45.492861 ], [ -122.705311, 45.493617 ], [ -122.70527, 45.4938 ], [ -122.705242, 45.493884 ], [ -122.705209, 45.493933 ], [ -122.705119, 45.494025 ], [ -122.705092, 45.494068 ], [ -122.705102, 45.494109 ], [ -122.705132, 45.494143 ], [ -122.705174, 45.494162 ], [ -122.705228, 45.494165 ], [ -122.705672, 45.494119 ], [ -122.705746, 45.494118 ], [ -122.705896, 45.494131 ], [ -122.706161, 45.494198 ], [ -122.706815, 45.494447 ], [ -122.706896, 45.494494 ], [ -122.706935, 45.494531 ], [ -122.706977, 45.494592 ], [ -122.706979, 45.494643 ], [ -122.706961, 45.494694 ], [ -122.706906, 45.494756 ], [ -122.706857, 45.494802 ], [ -122.706796, 45.494831 ], [ -122.706731, 45.494849 ], [ -122.706705, 45.494768 ], [ -122.706679, 45.494719 ], [ -122.706656, 45.494691 ], [ -122.706618, 45.494662 ], [ -122.706532, 45.494626 ], [ -122.706417, 45.494595 ], [ -122.705973, 45.494557 ], [ -122.705773, 45.494563 ], [ -122.705575, 45.494575 ], [ -122.705378, 45.494602 ], [ -122.705165, 45.494648 ], [ -122.704859, 45.494737 ], [ -122.704764, 45.494748 ], [ -122.704682, 45.494748 ], [ -122.704608, 45.494742 ], [ -122.704556, 45.494733 ], [ -122.70445, 45.494686 ], [ -122.704372, 45.494637 ], [ -122.704322, 45.494571 ], [ -122.704296, 45.49452 ], [ -122.704289, 45.494461 ], [ -122.704299, 45.494393 ], [ -122.70432, 45.494321 ], [ -122.704361, 45.494212 ], [ -122.704386, 45.494115 ], [ -122.704387, 45.494012 ], [ -122.70435, 45.493933 ], [ -122.704303, 45.493873 ], [ -122.704246, 45.493833 ], [ -122.704206, 45.493818 ], [ -122.704046, 45.493792 ], [ -122.703703, 45.493786 ], [ -122.703613, 45.493769 ], [ -122.70354, 45.493739 ], [ -122.703483, 45.4937 ], [ -122.703439, 45.493648 ], [ -122.703425, 45.493548 ], [ -122.703437, 45.493449 ], [ -122.703477, 45.493255 ], [ -122.70351, 45.493033 ], [ -122.7035, 45.492956 ], [ -122.703477, 45.492895 ], [ -122.70343, 45.492839 ], [ -122.703337, 45.492712 ], [ -122.703234, 45.492591 ], [ -122.703124, 45.492481 ], [ -122.703035, 45.49241 ], [ -122.702951, 45.49236 ], [ -122.702825, 45.492306 ], [ -122.702695, 45.492259 ], [ -122.702542, 45.49221 ], [ -122.702393, 45.492194 ], [ -122.702217, 45.492181 ], [ -122.702052, 45.492194 ], [ -122.701898, 45.49222 ], [ -122.701333, 45.492367 ], [ -122.701111, 45.492437 ], [ -122.700786, 45.492451 ], [ -122.700789, 45.492377 ], [ -122.700699, 45.492319 ], [ -122.700632, 45.492257 ], [ -122.700588, 45.492185 ], [ -122.700571, 45.492124 ], [ -122.700562, 45.492094 ], [ -122.700572, 45.491975 ], [ -122.700701, 45.491578 ], [ -122.700706, 45.49148 ], [ -122.700684, 45.491392 ], [ -122.700626, 45.491318 ], [ -122.70054, 45.49125 ], [ -122.700386, 45.491193 ], [ -122.700146, 45.491145 ], [ -122.699999, 45.4911 ], [ -122.699919, 45.491061 ], [ -122.699847, 45.490996 ], [ -122.699676, 45.490801 ], [ -122.699603, 45.490694 ], [ -122.699541, 45.490583 ], [ -122.699519, 45.490497 ], [ -122.699526, 45.490393 ], [ -122.699503, 45.490255 ], [ -122.699467, 45.49013 ], [ -122.699386, 45.490028 ], [ -122.699288, 45.489939 ], [ -122.699107, 45.489864 ], [ -122.698874, 45.489818 ], [ -122.698537, 45.4897 ], [ -122.69842, 45.489634 ], [ -122.698353, 45.489532 ], [ -122.698276, 45.489269 ], [ -122.698168, 45.489092 ], [ -122.697788, 45.488944 ], [ -122.697647, 45.488903 ], [ -122.697517, 45.488828 ], [ -122.69741, 45.4887 ], [ -122.697303, 45.488559 ], [ -122.697139, 45.488415 ], [ -122.696782, 45.488189 ], [ -122.696571, 45.48807 ], [ -122.696383, 45.487957 ], [ -122.696092, 45.487843 ], [ -122.695887, 45.487763 ], [ -122.69493, 45.487457 ], [ -122.694535, 45.487313 ], [ -122.694633, 45.487167 ], [ -122.694651, 45.487058 ], [ -122.694619, 45.486971 ], [ -122.694565, 45.486876 ], [ -122.694469, 45.486801 ], [ -122.694357, 45.486745 ], [ -122.694199, 45.486695 ], [ -122.693934, 45.486604 ], [ -122.693563, 45.486306 ], [ -122.692738, 45.485688 ], [ -122.692526, 45.485607 ], [ -122.692363, 45.485559 ], [ -122.692283, 45.485546 ], [ -122.692146, 45.485537 ], [ -122.692017, 45.485534 ], [ -122.690926, 45.485534 ], [ -122.690131, 45.485528 ], [ -122.690016, 45.485489 ], [ -122.689903, 45.485454 ], [ -122.689848, 45.484994 ], [ -122.689791, 45.4847 ], [ -122.689787, 45.484612 ], [ -122.689804, 45.484546 ], [ -122.689863, 45.484453 ], [ -122.68997, 45.48434 ], [ -122.69004, 45.484292 ], [ -122.690121, 45.484252 ], [ -122.690211, 45.484222 ], [ -122.69031, 45.484202 ], [ -122.690411, 45.484193 ], [ -122.690826, 45.484195 ], [ -122.690985, 45.48419 ], [ -122.691319, 45.484244 ], [ -122.691526, 45.484255 ], [ -122.691603, 45.484236 ], [ -122.691649, 45.484199 ], [ -122.691662, 45.484114 ], [ -122.691549, 45.484096 ], [ -122.69144, 45.484074 ], [ -122.691215, 45.484036 ], [ -122.69108, 45.484 ], [ -122.690953, 45.483957 ], [ -122.690756, 45.483867 ], [ -122.690419, 45.483705 ], [ -122.690154, 45.483638 ], [ -122.689946, 45.483616 ], [ -122.689721, 45.483618 ], [ -122.689463, 45.483644 ], [ -122.68924, 45.483713 ], [ -122.689068, 45.483784 ], [ -122.68872, 45.484057 ], [ -122.688587, 45.484187 ], [ -122.688479, 45.484384 ], [ -122.688425, 45.484453 ], [ -122.688265, 45.484549 ], [ -122.688167, 45.484574 ], [ -122.688072, 45.484587 ], [ -122.687982, 45.484584 ], [ -122.687862, 45.484559 ], [ -122.687764, 45.484526 ], [ -122.687681, 45.484488 ], [ -122.687616, 45.484442 ], [ -122.687586, 45.484395 ], [ -122.687541, 45.48432 ], [ -122.68752, 45.484246 ], [ -122.687528, 45.484148 ], [ -122.687541, 45.484079 ], [ -122.687575, 45.484024 ], [ -122.687697, 45.483947 ], [ -122.687809, 45.483909 ], [ -122.687902, 45.483886 ], [ -122.688014, 45.483875 ], [ -122.68827, 45.483868 ], [ -122.688354, 45.483847 ], [ -122.688498, 45.483774 ], [ -122.688568, 45.483721 ], [ -122.688616, 45.483663 ], [ -122.688648, 45.483502 ], [ -122.688687, 45.483357 ], [ -122.688678, 45.483131 ], [ -122.688738, 45.482991 ], [ -122.688831, 45.482867 ], [ -122.688956, 45.482751 ], [ -122.689106, 45.482635 ], [ -122.689235, 45.482565 ], [ -122.689588, 45.482455 ], [ -122.689774, 45.482424 ], [ -122.689968, 45.482412 ], [ -122.690135, 45.482414 ], [ -122.690286, 45.482442 ], [ -122.690372, 45.482465 ], [ -122.690451, 45.482514 ], [ -122.690548, 45.482592 ], [ -122.690631, 45.482643 ], [ -122.690742, 45.48268 ], [ -122.690848, 45.482697 ], [ -122.690978, 45.482692 ], [ -122.691126, 45.482642 ], [ -122.691317, 45.48255 ], [ -122.691379, 45.482474 ], [ -122.691412, 45.482384 ], [ -122.691412, 45.482268 ], [ -122.69133, 45.482045 ], [ -122.691414, 45.481956 ], [ -122.691557, 45.481868 ], [ -122.691624, 45.481816 ], [ -122.691658, 45.48176 ], [ -122.691682, 45.481641 ], [ -122.691674, 45.481522 ], [ -122.691699, 45.481444 ], [ -122.691772, 45.481345 ], [ -122.692326, 45.481329 ], [ -122.692308, 45.480944 ], [ -122.692427, 45.480859 ], [ -122.692503, 45.480774 ], [ -122.692544, 45.480697 ], [ -122.692576, 45.480619 ], [ -122.692614, 45.480459 ], [ -122.692618, 45.480379 ], [ -122.692612, 45.480191 ], [ -122.692654, 45.479006 ], [ -122.692908, 45.478914 ], [ -122.693133, 45.478827 ], [ -122.69325, 45.478789 ], [ -122.693486, 45.478728 ], [ -122.694248, 45.478562 ], [ -122.696139, 45.478236 ], [ -122.697093, 45.478079 ], [ -122.69782, 45.477896 ], [ -122.698275, 45.477832 ], [ -122.699417, 45.478513 ], [ -122.699553, 45.478562 ], [ -122.699702, 45.478621 ], [ -122.699886, 45.4787 ], [ -122.700048, 45.478775 ], [ -122.700207, 45.478854 ], [ -122.700637, 45.479138 ], [ -122.700831, 45.479281 ], [ -122.700913, 45.479354 ], [ -122.701028, 45.479431 ], [ -122.701261, 45.47957 ], [ -122.701381, 45.479635 ], [ -122.701635, 45.479756 ], [ -122.701898, 45.479865 ], [ -122.701945, 45.479881 ], [ -122.702177, 45.479961 ], [ -122.702507, 45.48003 ], [ -122.703845, 45.48024 ], [ -122.704281, 45.480321 ], [ -122.70459, 45.480397 ], [ -122.704998, 45.48051 ], [ -122.705887, 45.480822 ], [ -122.706288, 45.480975 ], [ -122.706484, 45.481068 ], [ -122.70685, 45.481241 ], [ -122.707168, 45.481379 ], [ -122.707406, 45.481469 ], [ -122.707656, 45.481549 ], [ -122.707745, 45.481574 ], [ -122.707738, 45.481775 ], [ -122.707721, 45.482256 ], [ -122.707701, 45.482468 ], [ -122.707696, 45.482631 ], [ -122.707707, 45.482689 ], [ -122.707725, 45.482726 ], [ -122.707892, 45.482996 ], [ -122.70807, 45.483247 ], [ -122.708149, 45.483367 ], [ -122.708213, 45.483487 ], [ -122.708271, 45.483631 ], [ -122.70828, 45.483749 ], [ -122.708276, 45.48382 ], [ -122.708258, 45.483897 ], [ -122.708223, 45.483995 ], [ -122.708157, 45.484114 ], [ -122.708116, 45.484175 ], [ -122.70802, 45.484301 ], [ -122.707978, 45.484373 ], [ -122.707947, 45.484447 ], [ -122.707889, 45.484793 ], [ -122.707888, 45.485041 ], [ -122.707917, 45.485084 ], [ -122.707972, 45.485116 ], [ -122.708052, 45.485137 ], [ -122.708261, 45.485139 ], [ -122.710141, 45.485158 ], [ -122.710316, 45.485182 ], [ -122.710325, 45.48568 ], [ -122.710322, 45.486229 ], [ -122.710358, 45.487211 ], [ -122.710347, 45.487819 ] ] ] } },
{ "type": "Feature", "properties": { "GEOID": "41051000301", "NAMELSAD": "Census Tract 3.01", "area_sqmi": 0.89885251570398561, "total_bike_miles": 3.184, "num_segments": 46, "bike_density": 3.54, "total_pop": 5714, "pop_white": 4326, "pop_black": 218, "pop_asian": 362, "pop_hispanic": 0, "pct_white": 75.7, "pct_nonwhite": 24.3, "pct_black": 3.8, "pct_asian": 6.3, "pct_hispanic": 0.0, "median_income": 92633.0 }, "geometry": { "type": "Polygon", "coordinates": [ [ [ -122.643518, 45.490316 ], [ -122.643117, 45.490317 ], [ -122.642719, 45.490317 ], [ -122.641543, 45.4903 ], [ -122.640566, 45.490295 ], [ -122.639572, 45.490296 ], [ -122.638577, 45.490297 ], [ -122.63771, 45.490296 ], [ -122.637604, 45.490303 ], [ -122.637497, 45.49031 ], [ -122.636609, 45.490307 ], [ -122.636289, 45.490309 ], [ -122.635614, 45.490309 ], [ -122.635315, 45.490309 ], [ -122.634639, 45.490308 ], [ -122.634542, 45.490319 ], [ -122.634441, 45.490338 ], [ -122.634338, 45.490368 ], [ -122.634154, 45.490448 ], [ -122.634014, 45.490518 ], [ -122.63394, 45.490547 ], [ -122.633858, 45.490569 ], [ -122.633772, 45.490584 ], [ -122.633668, 45.490592 ], [ -122.632691, 45.490598 ], [ -122.631823, 45.4906 ], [ -122.631733, 45.4906 ], [ -122.631056, 45.490602 ], [ -122.630809, 45.490596 ], [ -122.630655, 45.490575 ], [ -122.630529, 45.490551 ], [ -122.630429, 45.490517 ], [ -122.630141, 45.490395 ], [ -122.629991, 45.490344 ], [ -122.629765, 45.490316 ], [ -122.62941, 45.490304 ], [ -122.628772, 45.490302 ], [ -122.628321, 45.490302 ], [ -122.627758, 45.490301 ], [ -122.627287, 45.4903 ], [ -122.62669, 45.4903 ], [ -122.625672, 45.490299 ], [ -122.625098, 45.490298 ], [ -122.624658, 45.490297 ], [ -122.624428, 45.490297 ], [ -122.623923, 45.490296 ], [ -122.622976, 45.490288 ], [ -122.622763, 45.490295 ], [ -122.62176, 45.490293 ], [ -122.619484, 45.490296 ], [ -122.619584, 45.490222 ], [ -122.619652, 45.490138 ], [ -122.619772, 45.489917 ], [ -122.619794, 45.489835 ], [ -122.619815, 45.489684 ], [ -122.619819, 45.489548 ], [ -122.619825, 45.489404 ], [ -122.619844, 45.489253 ], [ -122.619881, 45.489102 ], [ -122.619963, 45.48889 ], [ -122.619997, 45.488822 ], [ -122.620368, 45.488096 ], [ -122.620403, 45.488029 ], [ -122.620514, 45.487754 ], [ -122.620555, 45.487549 ], [ -122.620563, 45.487411 ], [ -122.620581, 45.486678 ], [ -122.620582, 45.485684 ], [ -122.620575, 45.485444 ], [ -122.620581, 45.485411 ], [ -122.620571, 45.48471 ], [ -122.620564, 45.483851 ], [ -122.620572, 45.482776 ], [ -122.620578, 45.4821 ], [ -122.620578, 45.482061 ], [ -122.620581, 45.48135 ], [ -122.620584, 45.480638 ], [ -122.620587, 45.479927 ], [ -122.62059, 45.47919 ], [ -122.621643, 45.479192 ], [ -122.622656, 45.479195 ], [ -122.623612, 45.479198 ], [ -122.625918, 45.479207 ], [ -122.626356, 45.479209 ], [ -122.62655, 45.479205 ], [ -122.626782, 45.479224 ], [ -122.626988, 45.479261 ], [ -122.627124, 45.479293 ], [ -122.627338, 45.479333 ], [ -122.627566, 45.479346 ], [ -122.627876, 45.479335 ], [ -122.628229, 45.479285 ], [ -122.628511, 45.479236 ], [ -122.62859, 45.479217 ], [ -122.62882, 45.479174 ], [ -122.62901, 45.479158 ], [ -122.62918, 45.479171 ], [ -122.629307, 45.47917 ], [ -122.629418, 45.479179 ], [ -122.629529, 45.479195 ], [ -122.629679, 45.479209 ], [ -122.629865, 45.479216 ], [ -122.630232, 45.479203 ], [ -122.630381, 45.47918 ], [ -122.630617, 45.479147 ], [ -122.630946, 45.479108 ], [ -122.631088, 45.479103 ], [ -122.631345, 45.479106 ], [ -122.631468, 45.479117 ], [ -122.631726, 45.479154 ], [ -122.632141, 45.479242 ], [ -122.632326, 45.479255 ], [ -122.632458, 45.479243 ], [ -122.632585, 45.47922 ], [ -122.632758, 45.479174 ], [ -122.633069, 45.479044 ], [ -122.633163, 45.479016 ], [ -122.6335, 45.478947 ], [ -122.63402, 45.478852 ], [ -122.634369, 45.478815 ], [ -122.634451, 45.478762 ], [ -122.634522, 45.478697 ], [ -122.634579, 45.478624 ], [ -122.634619, 45.478544 ], [ -122.634642, 45.478461 ], [ -122.634649, 45.478398 ], [ -122.634607, 45.478286 ], [ -122.634515, 45.478183 ], [ -122.634379, 45.478105 ], [ -122.634163, 45.477995 ], [ -122.634077, 45.477899 ], [ -122.634035, 45.477801 ], [ -122.634031, 45.47777 ], [ -122.634018, 45.477678 ], [ -122.634067, 45.477598 ], [ -122.634135, 45.477518 ], [ -122.634318, 45.477377 ], [ -122.634541, 45.477137 ], [ -122.634595, 45.477081 ], [ -122.634684, 45.47693 ], [ -122.634743, 45.476778 ], [ -122.634774, 45.476636 ], [ -122.634784, 45.47649 ], [ -122.634781, 45.476065 ], [ -122.634753, 45.47589 ], [ -122.634688, 45.475709 ], [ -122.63457, 45.475509 ], [ -122.634458, 45.475362 ], [ -122.634415, 45.475271 ], [ -122.63439, 45.475176 ], [ -122.63444, 45.474843 ], [ -122.634588, 45.47473 ], [ -122.634758, 45.474624 ], [ -122.634962, 45.474544 ], [ -122.635135, 45.47449 ], [ -122.635409, 45.474425 ], [ -122.635835, 45.474364 ], [ -122.63766, 45.474365 ], [ -122.638428, 45.474338 ], [ -122.639087, 45.474304 ], [ -122.639509, 45.474283 ], [ -122.640013, 45.476428 ], [ -122.640202, 45.477267 ], [ -122.640485, 45.478517 ], [ -122.640763, 45.479711 ], [ -122.641089, 45.480946 ], [ -122.641253, 45.481678 ], [ -122.641273, 45.481769 ], [ -122.641357, 45.482146 ], [ -122.641442, 45.482526 ], [ -122.641805, 45.484026 ], [ -122.641867, 45.484302 ], [ -122.642062, 45.48518 ], [ -122.643367, 45.489674 ], [ -122.643518, 45.490316 ] ] ] } },
{ "type": "Feature", "properties": { "GEOID": "41051006402", "NAMELSAD": "Census Tract 64.02", "area_sqmi": 2.2890158666797076, "total_bike_miles": 0.0, "num_segments": 0, "bike_density": 0.0, "total_pop": 6187, "pop_white": 4298, "pop_black": 102, "pop_asian": 943, "pop_hispanic": 0, "pct_white": 69.5, "pct_nonwhite": 30.5, "pct_black": 1.6, "pct_asian": 15.2, "pct_hispanic": 0.0, "median_income": 161613.0 }, "geometry": { "type": "Polygon", "coordinates": [ [ [ -122.712852, 45.445372 ], [ -122.712821, 45.445724 ], [ -122.712816, 45.446086 ], [ -122.712814, 45.446472 ], [ -122.712817, 45.44679 ], [ -122.712812, 45.447366 ], [ -122.712813, 45.447615 ], [ -122.712814, 45.448271 ], [ -122.712816, 45.449194 ], [ -122.712819, 45.450534 ], [ -122.712809, 45.451894 ], [ -122.712821, 45.453303 ], [ -122.712816, 45.453445 ], [ -122.712781, 45.4536 ], [ -122.71273, 45.453753 ], [ -122.712663, 45.453905 ], [ -122.712581, 45.454054 ], [ -122.712485, 45.454199 ], [ -122.712373, 45.45434 ], [ -122.712275, 45.454447 ], [ -122.712249, 45.454476 ], [ -122.712029, 45.454681 ], [ -122.711892, 45.454829 ], [ -122.711833, 45.454906 ], [ -122.711759, 45.455018 ], [ -122.711688, 45.455148 ], [ -122.711653, 45.45523 ], [ -122.711553, 45.455519 ], [ -122.711414, 45.455842 ], [ -122.711242, 45.455993 ], [ -122.711092, 45.456083 ], [ -122.71087, 45.456194 ], [ -122.710271, 45.456459 ], [ -122.710192, 45.456508 ], [ -122.710133, 45.456554 ], [ -122.71009, 45.456602 ], [ -122.710056, 45.456675 ], [ -122.70999, 45.457057 ], [ -122.709873, 45.45712 ], [ -122.707726, 45.457568 ], [ -122.706445, 45.457809 ], [ -122.7057, 45.45795 ], [ -122.705096, 45.458068 ], [ -122.704795, 45.458095 ], [ -122.704611, 45.458104 ], [ -122.704402, 45.458105 ], [ -122.703649, 45.458093 ], [ -122.703431, 45.458101 ], [ -122.703153, 45.458101 ], [ -122.702796, 45.458088 ], [ -122.70238, 45.458042 ], [ -122.701878, 45.458019 ], [ -122.701563, 45.45802 ], [ -122.701163, 45.458056 ], [ -122.70076, 45.458105 ], [ -122.700057, 45.458184 ], [ -122.699859, 45.458234 ], [ -122.699703, 45.458282 ], [ -122.699649, 45.458312 ], [ -122.699601, 45.458355 ], [ -122.69955, 45.458477 ], [ -122.699518, 45.458703 ], [ -122.699509, 45.458799 ], [ -122.699491, 45.458864 ], [ -122.69946, 45.458922 ], [ -122.699376, 45.459 ], [ -122.699351, 45.459008 ], [ -122.699286, 45.45903 ], [ -122.699191, 45.459045 ], [ -122.699023, 45.459041 ], [ -122.698953, 45.459025 ], [ -122.697813, 45.458694 ], [ -122.697293, 45.458603 ], [ -122.697124, 45.45857 ], [ -122.696982, 45.45855 ], [ -122.696859, 45.458539 ], [ -122.696747, 45.45854 ], [ -122.696502, 45.45856 ], [ -122.696384, 45.458448 ], [ -122.696317, 45.458368 ], [ -122.696285, 45.458267 ], [ -122.696282, 45.458198 ], [ -122.696311, 45.458124 ], [ -122.696396, 45.458038 ], [ -122.696647, 45.457913 ], [ -122.696693, 45.457862 ], [ -122.696719, 45.457816 ], [ -122.696714, 45.457716 ], [ -122.696675, 45.457529 ], [ -122.69665, 45.457448 ], [ -122.696617, 45.457343 ], [ -122.696543, 45.457267 ], [ -122.695746, 45.456727 ], [ -122.695661, 45.456657 ], [ -122.695581, 45.456582 ], [ -122.695405, 45.456397 ], [ -122.695351, 45.456292 ], [ -122.695336, 45.456228 ], [ -122.695362, 45.456026 ], [ -122.695389, 45.455837 ], [ -122.695762, 45.454982 ], [ -122.695782, 45.454858 ], [ -122.694733, 45.454817 ], [ -122.693599, 45.454766 ], [ -122.692443, 45.454374 ], [ -122.692373, 45.45435 ], [ -122.691818, 45.454044 ], [ -122.691391, 45.453666 ], [ -122.691369, 45.453654 ], [ -122.691344, 45.453645 ], [ -122.691335, 45.453616 ], [ -122.690891, 45.453222 ], [ -122.69057, 45.452937 ], [ -122.689914, 45.451936 ], [ -122.688844, 45.45087 ], [ -122.688414, 45.450371 ], [ -122.68818, 45.449652 ], [ -122.687924, 45.448353 ], [ -122.687492, 45.447693 ], [ -122.687269, 45.447352 ], [ -122.687095, 45.447123 ], [ -122.687078, 45.4471 ], [ -122.687058, 45.447074 ], [ -122.686944, 45.446923 ], [ -122.686784, 45.446804 ], [ -122.686624, 45.446683 ], [ -122.686096, 45.446288 ], [ -122.684938, 45.445586 ], [ -122.683765, 45.444522 ], [ -122.683336, 45.444184 ], [ -122.682599, 45.443603 ], [ -122.681532, 45.44261 ], [ -122.680785, 45.4419 ], [ -122.680635, 45.441702 ], [ -122.680352, 45.441329 ], [ -122.680082, 45.439668 ], [ -122.679618, 45.438301 ], [ -122.678744, 45.436544 ], [ -122.678409, 45.436423 ], [ -122.678352, 45.436388 ], [ -122.677798, 45.436049 ], [ -122.67588, 45.435385 ], [ -122.675513, 45.435073 ], [ -122.675155, 45.434769 ], [ -122.674759, 45.434434 ], [ -122.673846, 45.433496 ], [ -122.673311, 45.432795 ], [ -122.67335, 45.432793 ], [ -122.673993, 45.432797 ], [ -122.674437, 45.432833 ], [ -122.675572, 45.432867 ], [ -122.676533, 45.432897 ], [ -122.679205, 45.432841 ], [ -122.680805, 45.432841 ], [ -122.681893, 45.432841 ], [ -122.682015, 45.432841 ], [ -122.682185, 45.432841 ], [ -122.682241, 45.432841 ], [ -122.682505, 45.432841 ], [ -122.685167, 45.432927 ], [ -122.685417, 45.432935 ], [ -122.685634, 45.432939 ], [ -122.686118, 45.432913 ], [ -122.686595, 45.432918 ], [ -122.690779, 45.432966 ], [ -122.690798, 45.432966 ], [ -122.691836, 45.432978 ], [ -122.694678, 45.43301 ], [ -122.694762, 45.433011 ], [ -122.695818, 45.433023 ], [ -122.697305, 45.433041 ], [ -122.697382, 45.433041 ], [ -122.697947, 45.433041 ], [ -122.698204, 45.433041 ], [ -122.698357, 45.433041 ], [ -122.698595, 45.433041 ], [ -122.698697, 45.433041 ], [ -122.699915, 45.43304 ], [ -122.700007, 45.43304 ], [ -122.701287, 45.43304 ], [ -122.701808, 45.433041 ], [ -122.702001, 45.433056 ], [ -122.702345, 45.433046 ], [ -122.702854, 45.433032 ], [ -122.703304, 45.433038 ], [ -122.703943, 45.433038 ], [ -122.704467, 45.433035 ], [ -122.705021, 45.433037 ], [ -122.706395, 45.433037 ], [ -122.706999, 45.433041 ], [ -122.707893, 45.433042 ], [ -122.708301, 45.433041 ], [ -122.708446, 45.433041 ], [ -122.708579, 45.433041 ], [ -122.708722, 45.433041 ], [ -122.708999, 45.433042 ], [ -122.709293, 45.433043 ], [ -122.710179, 45.433047 ], [ -122.712169, 45.433056 ], [ -122.712172, 45.43326 ], [ -122.712268, 45.433332 ], [ -122.712281, 45.433349 ], [ -122.712334, 45.433407 ], [ -122.71236, 45.433473 ], [ -122.712395, 45.433561 ], [ -122.712417, 45.433615 ], [ -122.712242, 45.433646 ], [ -122.712096, 45.433677 ], [ -122.711659, 45.433821 ], [ -122.711329, 45.433904 ], [ -122.711353, 45.434124 ], [ -122.711329, 45.434216 ], [ -122.711278, 45.434303 ], [ -122.711202, 45.43438 ], [ -122.711106, 45.434445 ], [ -122.711216, 45.43468 ], [ -122.711217, 45.434797 ], [ -122.711219, 45.43492 ], [ -122.711322, 45.43492 ], [ -122.711521, 45.435511 ], [ -122.711518, 45.436133 ], [ -122.711536, 45.436234 ], [ -122.711692, 45.4363 ], [ -122.712324, 45.436776 ], [ -122.712324, 45.438136 ], [ -122.711515, 45.438521 ], [ -122.711509, 45.4389 ], [ -122.711516, 45.440135 ], [ -122.711547, 45.440218 ], [ -122.71171, 45.440211 ], [ -122.712821, 45.440225 ], [ -122.712821, 45.440312 ], [ -122.712819, 45.44087 ], [ -122.712794, 45.441031 ], [ -122.712803, 45.441122 ], [ -122.712803, 45.441911 ], [ -122.712802, 45.442539 ], [ -122.712798, 45.443249 ], [ -122.712804, 45.44379 ], [ -122.712814, 45.443957 ], [ -122.712829, 45.444427 ], [ -122.712835, 45.4446 ], [ -122.712854, 45.444682 ], [ -122.712852, 45.445372 ] ] ] } },
{ "type": "Feature", "properties": { "GEOID": "41051004002", "NAMELSAD": "Census Tract 40.02", "area_sqmi": 1.2159241754587011, "total_bike_miles": 3.026, "num_segments": 53, "bike_density": 2.49, "total_pop": 6456, "pop_white": 3929, "pop_black": 344, "pop_asian": 854, "pop_hispanic": 0, "pct_white": 60.9, "pct_nonwhite": 39.1, "pct_black": 5.3, "pct_asian": 13.2, "pct_hispanic": 0.0, "median_income": 105000.0 }, "geometry": { "type": "Polygon", "coordinates": [ [ [ -122.747077, 45.576997 ], [ -122.746767, 45.577242 ], [ -122.746571, 45.577396 ], [ -122.745543, 45.578268 ], [ -122.741718, 45.581513 ], [ -122.741673, 45.58155 ], [ -122.741257, 45.581871 ], [ -122.740995, 45.582056 ], [ -122.740832, 45.582191 ], [ -122.739987, 45.582888 ], [ -122.738732, 45.583945 ], [ -122.735885, 45.586343 ], [ -122.735854, 45.586335 ], [ -122.735821, 45.586327 ], [ -122.734991, 45.586123 ], [ -122.734874, 45.586092 ], [ -122.734348, 45.585956 ], [ -122.73382, 45.585838 ], [ -122.73331, 45.585713 ], [ -122.732803, 45.585588 ], [ -122.732305, 45.585476 ], [ -122.732097, 45.585423 ], [ -122.731113, 45.585059 ], [ -122.729681, 45.584529 ], [ -122.728307, 45.584023 ], [ -122.727376, 45.583683 ], [ -122.72695, 45.583527 ], [ -122.72651, 45.583366 ], [ -122.725625, 45.583042 ], [ -122.724778, 45.582731 ], [ -122.724628, 45.582676 ], [ -122.724086, 45.582478 ], [ -122.723559, 45.582285 ], [ -122.723393, 45.582224 ], [ -122.722755, 45.58199 ], [ -122.722528, 45.581907 ], [ -122.721662, 45.58159 ], [ -122.721427, 45.581504 ], [ -122.720101, 45.581018 ], [ -122.719903, 45.580945 ], [ -122.719652, 45.580853 ], [ -122.719202, 45.580688 ], [ -122.718752, 45.580523 ], [ -122.718295, 45.580367 ], [ -122.717855, 45.580217 ], [ -122.717423, 45.580058 ], [ -122.716557, 45.579741 ], [ -122.715692, 45.579423 ], [ -122.715463, 45.579316 ], [ -122.714573, 45.578989 ], [ -122.714568, 45.577128 ], [ -122.714034, 45.577121 ], [ -122.713513, 45.577122 ], [ -122.713495, 45.57678 ], [ -122.713498, 45.576055 ], [ -122.713496, 45.575296 ], [ -122.714262, 45.5753 ], [ -122.715864, 45.57503 ], [ -122.718534, 45.574564 ], [ -122.718586, 45.574551 ], [ -122.718712, 45.574521 ], [ -122.720249, 45.573964 ], [ -122.720443, 45.573873 ], [ -122.721407, 45.573393 ], [ -122.72201, 45.573092 ], [ -122.72219, 45.572978 ], [ -122.722277, 45.57291 ], [ -122.7224, 45.572813 ], [ -122.722876, 45.572478 ], [ -122.723302, 45.572171 ], [ -122.72364, 45.57192 ], [ -122.724103, 45.571624 ], [ -122.72323, 45.571256 ], [ -122.723237, 45.571212 ], [ -122.723271, 45.571013 ], [ -122.723902, 45.570501 ], [ -122.723992, 45.570411 ], [ -122.724199, 45.570206 ], [ -122.724565, 45.569919 ], [ -122.724945, 45.569623 ], [ -122.725757, 45.568997 ], [ -122.726018, 45.568795 ], [ -122.728131, 45.567149 ], [ -122.729337, 45.565807 ], [ -122.730239, 45.565145 ], [ -122.73038, 45.565038 ], [ -122.730522, 45.564932 ], [ -122.731446, 45.565523 ], [ -122.732359, 45.566109 ], [ -122.736197, 45.568535 ], [ -122.737299, 45.570865 ], [ -122.737361, 45.571009 ], [ -122.737433, 45.571158 ], [ -122.737594, 45.571535 ], [ -122.738349, 45.57205 ], [ -122.738578, 45.572029 ], [ -122.738774, 45.57201 ], [ -122.738944, 45.572107 ], [ -122.74297, 45.574546 ], [ -122.74703, 45.576967 ], [ -122.747077, 45.576997 ] ] ] } },
{ "type": "Feature", "properties": { "GEOID": "41051003902", "NAMELSAD": "Census Tract 39.02", "area_sqmi": 0.43680239830295486, "total_bike_miles": 2.264, "num_segments": 54, "bike_density": 5.18, "total_pop": 3337, "pop_white": 2274, "pop_black": 138, "pop_asian": 150, "pop_hispanic": 0, "pct_white": 68.1, "pct_nonwhite": 31.9, "pct_black": 4.1, "pct_asian": 4.5, "pct_hispanic": 0.0, "median_income": 138276.0 }, "geometry": { "type": "Polygon", "coordinates": [ [ [ -122.714573, 45.578989 ], [ -122.714038, 45.578793 ], [ -122.713502, 45.578598 ], [ -122.712394, 45.578192 ], [ -122.711595, 45.5779 ], [ -122.710925, 45.577654 ], [ -122.710476, 45.577497 ], [ -122.710182, 45.577407 ], [ -122.709947, 45.577343 ], [ -122.709715, 45.577291 ], [ -122.709501, 45.577249 ], [ -122.709018, 45.577175 ], [ -122.708721, 45.577147 ], [ -122.708459, 45.577131 ], [ -122.707958, 45.577127 ], [ -122.707576, 45.57712 ], [ -122.706864, 45.577127 ], [ -122.706124, 45.577129 ], [ -122.705849, 45.577131 ], [ -122.705387, 45.577134 ], [ -122.704835, 45.57713 ], [ -122.70382, 45.577131 ], [ -122.702757, 45.577136 ], [ -122.702161, 45.577138 ], [ -122.701464, 45.577137 ], [ -122.70102, 45.577136 ], [ -122.70045, 45.577135 ], [ -122.699902, 45.577134 ], [ -122.69931, 45.577133 ], [ -122.698904, 45.577132 ], [ -122.698171, 45.577129 ], [ -122.697898, 45.577131 ], [ -122.697502, 45.577129 ], [ -122.697238, 45.577128 ], [ -122.696492, 45.577125 ], [ -122.695481, 45.577126 ], [ -122.69485, 45.577128 ], [ -122.694459, 45.577125 ], [ -122.693444, 45.577123 ], [ -122.692421, 45.577121 ], [ -122.692444, 45.577011 ], [ -122.692445, 45.576705 ], [ -122.692454, 45.575344 ], [ -122.692466, 45.573541 ], [ -122.692472, 45.572703 ], [ -122.692532, 45.572635 ], [ -122.69254, 45.571826 ], [ -122.692512, 45.571743 ], [ -122.692485, 45.571661 ], [ -122.692483, 45.569933 ], [ -122.693517, 45.569933 ], [ -122.694533, 45.569933 ], [ -122.694549, 45.568178 ], [ -122.694567, 45.566369 ], [ -122.694585, 45.564561 ], [ -122.694612, 45.562931 ], [ -122.694602, 45.562741 ], [ -122.695615, 45.562738 ], [ -122.696632, 45.562736 ], [ -122.697189, 45.562735 ], [ -122.697399, 45.562735 ], [ -122.697557, 45.562699 ], [ -122.697604, 45.562712 ], [ -122.698193, 45.563067 ], [ -122.698293, 45.563159 ], [ -122.698335, 45.563271 ], [ -122.698327, 45.563386 ], [ -122.698288, 45.563559 ], [ -122.698288, 45.563618 ], [ -122.698304, 45.563722 ], [ -122.698297, 45.563801 ], [ -122.69827, 45.563875 ], [ -122.698188, 45.563981 ], [ -122.698046, 45.564073 ], [ -122.697947, 45.564116 ], [ -122.697912, 45.564138 ], [ -122.697901, 45.564173 ], [ -122.697916, 45.564502 ], [ -122.697865, 45.564576 ], [ -122.697255, 45.565011 ], [ -122.697114, 45.565138 ], [ -122.697057, 45.56524 ], [ -122.697046, 45.565332 ], [ -122.69707, 45.565431 ], [ -122.697146, 45.565528 ], [ -122.697222, 45.565574 ], [ -122.697345, 45.565609 ], [ -122.697483, 45.565612 ], [ -122.697619, 45.565588 ], [ -122.697856, 45.565525 ], [ -122.69808, 45.565482 ], [ -122.698422, 45.565458 ], [ -122.699009, 45.565447 ], [ -122.699137, 45.565481 ], [ -122.699217, 45.565543 ], [ -122.699243, 45.56559 ], [ -122.699247, 45.56566 ], [ -122.699156, 45.565819 ], [ -122.699154, 45.565911 ], [ -122.699331, 45.566386 ], [ -122.699396, 45.567307 ], [ -122.699437, 45.568197 ], [ -122.699509, 45.568617 ], [ -122.699608, 45.568987 ], [ -122.699777, 45.569363 ], [ -122.70002, 45.569934 ], [ -122.700548, 45.570835 ], [ -122.700701, 45.571117 ], [ -122.700832, 45.571293 ], [ -122.701798, 45.572357 ], [ -122.701977, 45.57253 ], [ -122.702309, 45.572807 ], [ -122.702795, 45.57316 ], [ -122.703493, 45.573588 ], [ -122.703805, 45.573758 ], [ -122.704015, 45.573871 ], [ -122.704829, 45.574117 ], [ -122.705848, 45.574425 ], [ -122.706849, 45.574688 ], [ -122.707945, 45.57495 ], [ -122.708177, 45.574982 ], [ -122.709021, 45.5751 ], [ -122.710001, 45.575164 ], [ -122.711073, 45.575219 ], [ -122.712169, 45.575275 ], [ -122.712388, 45.575278 ], [ -122.71247, 45.575279 ], [ -122.712904, 45.575293 ], [ -122.713496, 45.575296 ], [ -122.713498, 45.576055 ], [ -122.713495, 45.57678 ], [ -122.713513, 45.577122 ], [ -122.714034, 45.577121 ], [ -122.714568, 45.577128 ], [ -122.714573, 45.578989 ] ] ] } },
{ "type": "Feature", "properties": { "GEOID": "41051003301", "NAMELSAD": "Census Tract 33.01", "area_sqmi": 0.28618920799202507, "total_bike_miles": 0.573, "num_segments": 13, "bike_density": 2.0, "total_pop": 2796, "pop_white": 1685, "pop_black": 390, "pop_asian": 59, "pop_hispanic": 0, "pct_white": 60.3, "pct_nonwhite": 39.7, "pct_black": 13.9, "pct_asian": 2.1, "pct_hispanic": 0.0, "median_income": 136447.0 }, "geometry": { "type": "Polygon", "coordinates": [ [ [ -122.661552, 45.556408 ], [ -122.661536, 45.557315 ], [ -122.661529, 45.557667 ], [ -122.661502, 45.559123 ], [ -122.661484, 45.560028 ], [ -122.661475, 45.560492 ], [ -122.661472, 45.560631 ], [ -122.661462, 45.56116 ], [ -122.661453, 45.561616 ], [ -122.66145, 45.561812 ], [ -122.661432, 45.562735 ], [ -122.659599, 45.56274 ], [ -122.658688, 45.562738 ], [ -122.657921, 45.562737 ], [ -122.656133, 45.562734 ], [ -122.655121, 45.562733 ], [ -122.654109, 45.562731 ], [ -122.653097, 45.562729 ], [ -122.652085, 45.562728 ], [ -122.65109, 45.562726 ], [ -122.650662, 45.562724 ], [ -122.650075, 45.562722 ], [ -122.649686, 45.56272 ], [ -122.649694, 45.561572 ], [ -122.649704, 45.560339 ], [ -122.649713, 45.559091 ], [ -122.649724, 45.557707 ], [ -122.649735, 45.556367 ], [ -122.64974, 45.555681 ], [ -122.649804, 45.555531 ], [ -122.649911, 45.555456 ], [ -122.650718, 45.555459 ], [ -122.651743, 45.55547 ], [ -122.65272, 45.555473 ], [ -122.653697, 45.555477 ], [ -122.654674, 45.55548 ], [ -122.655651, 45.555483 ], [ -122.656628, 45.555487 ], [ -122.656983, 45.555492 ], [ -122.657605, 45.55549 ], [ -122.658581, 45.555494 ], [ -122.659557, 45.555497 ], [ -122.660533, 45.555501 ], [ -122.661537, 45.555503 ], [ -122.661552, 45.556408 ] ] ] } },
{ "type": "Feature", "properties": { "GEOID": "41051004800", "NAMELSAD": "Census Tract 48", "area_sqmi": 0.11954157650507262, "total_bike_miles": 1.033, "num_segments": 18, "bike_density": 8.64, "total_pop": 2523, "pop_white": 1937, "pop_black": 104, "pop_asian": 66, "pop_hispanic": 0, "pct_white": 76.8, "pct_nonwhite": 23.2, "pct_black": 4.1, "pct_asian": 2.6, "pct_hispanic": 0.0, "median_income": 70460.0 }, "geometry": { "type": "Polygon", "coordinates": [ [ [ -122.698662, 45.531215 ], [ -122.697953, 45.531228 ], [ -122.697276, 45.53124 ], [ -122.696634, 45.531252 ], [ -122.696611, 45.530643 ], [ -122.696607, 45.530539 ], [ -122.695189, 45.530565 ], [ -122.695088, 45.530567 ], [ -122.694579, 45.530577 ], [ -122.694552, 45.529864 ], [ -122.692524, 45.529901 ], [ -122.692516, 45.529688 ], [ -122.692497, 45.529188 ], [ -122.69247, 45.528475 ], [ -122.692444, 45.527763 ], [ -122.692417, 45.52705 ], [ -122.692391, 45.526337 ], [ -122.692364, 45.525624 ], [ -122.692338, 45.524911 ], [ -122.692271, 45.523118 ], [ -122.693279, 45.523161 ], [ -122.693955, 45.523193 ], [ -122.69429, 45.523215 ], [ -122.695041, 45.523255 ], [ -122.695394, 45.523272 ], [ -122.696326, 45.523315 ], [ -122.696368, 45.524124 ], [ -122.696394, 45.524837 ], [ -122.696421, 45.525549 ], [ -122.696432, 45.525851 ], [ -122.696448, 45.526262 ], [ -122.696474, 45.526975 ], [ -122.696501, 45.527688 ], [ -122.698529, 45.527651 ], [ -122.698556, 45.528363 ], [ -122.698582, 45.529076 ], [ -122.698609, 45.529789 ], [ -122.698635, 45.530502 ], [ -122.698639, 45.530597 ], [ -122.698662, 45.531215 ] ] ] } },
{ "type": "Feature", "properties": { "GEOID": "41051007202", "NAMELSAD": "Census Tract 72.02", "area_sqmi": 12.905096542691989, "total_bike_miles": 24.164, "num_segments": 114, "bike_density": 1.87, "total_pop": 4003, "pop_white": 1901, "pop_black": 415, "pop_asian": 359, "pop_hispanic": 0, "pct_white": 47.5, "pct_nonwhite": 52.5, "pct_black": 10.4, "pct_asian": 9.0, "pct_hispanic": 0.0, "median_income": 94761.0 }, "geometry": { "type": "Polygon", "coordinates": [ [ [ -122.791101, 45.622817 ], [ -122.791073, 45.625615 ], [ -122.791065, 45.626451 ], [ -122.79097, 45.626774 ], [ -122.790883, 45.62707 ], [ -122.790567, 45.628146 ], [ -122.790265, 45.62917 ], [ -122.790254, 45.629209 ], [ -122.790201, 45.629391 ], [ -122.790147, 45.629571 ], [ -122.790139, 45.629599 ], [ -122.790091, 45.62976 ], [ -122.790067, 45.629844 ], [ -122.790051, 45.6299 ], [ -122.790042, 45.62993 ], [ -122.790027, 45.629963 ], [ -122.790018, 45.629984 ], [ -122.789994, 45.63004 ], [ -122.789953, 45.630133 ], [ -122.789891, 45.630278 ], [ -122.789798, 45.630493 ], [ -122.789751, 45.6306 ], [ -122.789653, 45.630827 ], [ -122.789628, 45.630884 ], [ -122.789553, 45.631058 ], [ -122.789522, 45.631128 ], [ -122.789461, 45.631268 ], [ -122.789428, 45.631346 ], [ -122.789405, 45.6314 ], [ -122.788733, 45.632952 ], [ -122.78871, 45.633006 ], [ -122.787721, 45.63397 ], [ -122.786679, 45.634855 ], [ -122.78661, 45.634911 ], [ -122.786597, 45.634922 ], [ -122.78628, 45.635191 ], [ -122.785986, 45.635441 ], [ -122.785701, 45.635682 ], [ -122.785651, 45.635725 ], [ -122.785607, 45.635762 ], [ -122.78557, 45.635794 ], [ -122.785167, 45.636136 ], [ -122.785146, 45.636154 ], [ -122.78513, 45.636164 ], [ -122.779294, 45.639859 ], [ -122.778709, 45.64023 ], [ -122.777768, 45.640826 ], [ -122.775291, 45.642394 ], [ -122.773444, 45.643563 ], [ -122.773314, 45.643646 ], [ -122.772872, 45.643925 ], [ -122.772202, 45.644342 ], [ -122.771821, 45.64459 ], [ -122.771321, 45.644907 ], [ -122.771242, 45.645 ], [ -122.771139, 45.645118 ], [ -122.770921, 45.645376 ], [ -122.770413, 45.645969 ], [ -122.767767, 45.649076 ], [ -122.767672, 45.649211 ], [ -122.767652, 45.649239 ], [ -122.766709, 45.650575 ], [ -122.766278, 45.651185 ], [ -122.766262, 45.651208 ], [ -122.766167, 45.651342 ], [ -122.765533, 45.652239 ], [ -122.765077, 45.652887 ], [ -122.764797, 45.65268 ], [ -122.764245, 45.652274 ], [ -122.763835, 45.651973 ], [ -122.76354, 45.651756 ], [ -122.763161, 45.651477 ], [ -122.762467, 45.650913 ], [ -122.762062, 45.650692 ], [ -122.757665, 45.64738 ], [ -122.752284, 45.643439 ], [ -122.752101, 45.643333 ], [ -122.749226, 45.641217 ], [ -122.748087, 45.640378 ], [ -122.744193, 45.637512 ], [ -122.743589, 45.637068 ], [ -122.741292, 45.635381 ], [ -122.740076, 45.634486 ], [ -122.73501, 45.630755 ], [ -122.729722, 45.626948 ], [ -122.724317, 45.62392 ], [ -122.715449, 45.619748 ], [ -122.715805, 45.62058 ], [ -122.715803, 45.621083 ], [ -122.715536, 45.620962 ], [ -122.715317, 45.620863 ], [ -122.713509, 45.620044 ], [ -122.71024, 45.618562 ], [ -122.709227, 45.618103 ], [ -122.708504, 45.617818 ], [ -122.707732, 45.617535 ], [ -122.706761, 45.617185 ], [ -122.70659, 45.617123 ], [ -122.705377, 45.616686 ], [ -122.701753, 45.615204 ], [ -122.701702, 45.615231 ], [ -122.701683, 45.615248 ], [ -122.701384, 45.615097 ], [ -122.699716, 45.614494 ], [ -122.689985, 45.61077 ], [ -122.687907, 45.610068 ], [ -122.681807, 45.608009 ], [ -122.681348, 45.607855 ], [ -122.681134, 45.60778 ], [ -122.678776, 45.606958 ], [ -122.674475, 45.605851 ], [ -122.672111, 45.605244 ], [ -122.664213, 45.603483 ], [ -122.656483, 45.602844 ], [ -122.653794, 45.602517 ], [ -122.651589, 45.602511 ], [ -122.649731, 45.602507 ], [ -122.646084, 45.602617 ], [ -122.645417, 45.602719 ], [ -122.644772, 45.602818 ], [ -122.643317, 45.603042 ], [ -122.64254, 45.603162 ], [ -122.642493, 45.602936 ], [ -122.642766, 45.601893 ], [ -122.642727, 45.600983 ], [ -122.642565, 45.600418 ], [ -122.641452, 45.596534 ], [ -122.640963, 45.594831 ], [ -122.640718, 45.593848 ], [ -122.640472, 45.592401 ], [ -122.640419, 45.591903 ], [ -122.640468, 45.591377 ], [ -122.640561, 45.591071 ], [ -122.640734, 45.590592 ], [ -122.641032, 45.590208 ], [ -122.641511, 45.589553 ], [ -122.642228, 45.588772 ], [ -122.64327, 45.587862 ], [ -122.643963, 45.587337 ], [ -122.644845, 45.586796 ], [ -122.646257, 45.586014 ], [ -122.646499, 45.585843 ], [ -122.647052, 45.585451 ], [ -122.647618, 45.584668 ], [ -122.647629, 45.58462 ], [ -122.647697, 45.584327 ], [ -122.647768, 45.584023 ], [ -122.647987, 45.583077 ], [ -122.647397, 45.582717 ], [ -122.647185, 45.582588 ], [ -122.646957, 45.582449 ], [ -122.64572, 45.581863 ], [ -122.643896, 45.581157 ], [ -122.640791, 45.579945 ], [ -122.638398, 45.579019 ], [ -122.638238, 45.578957 ], [ -122.637585, 45.578878 ], [ -122.636186, 45.578569 ], [ -122.634609, 45.578172 ], [ -122.6334, 45.57811 ], [ -122.633402, 45.57796 ], [ -122.633404, 45.577844 ], [ -122.633383, 45.576704 ], [ -122.633381, 45.576562 ], [ -122.633375, 45.576011 ], [ -122.633368, 45.575816 ], [ -122.633374, 45.575513 ], [ -122.633368, 45.57487 ], [ -122.633412, 45.574662 ], [ -122.633475, 45.574455 ], [ -122.633555, 45.574262 ], [ -122.634024, 45.574366 ], [ -122.634737, 45.574522 ], [ -122.635702, 45.574736 ], [ -122.638127, 45.57526 ], [ -122.641341, 45.575962 ], [ -122.643965, 45.576586 ], [ -122.647108, 45.577244 ], [ -122.648207, 45.577518 ], [ -122.650359, 45.577991 ], [ -122.65176, 45.57831 ], [ -122.653524, 45.578817 ], [ -122.653911, 45.578944 ], [ -122.654329, 45.579082 ], [ -122.65484, 45.57922 ], [ -122.65789, 45.580153 ], [ -122.660358, 45.580854 ], [ -122.661221, 45.581092 ], [ -122.661419, 45.581139 ], [ -122.663342, 45.581678 ], [ -122.664963, 45.582146 ], [ -122.665194, 45.582212 ], [ -122.665737, 45.58237 ], [ -122.666426, 45.582568 ], [ -122.667147, 45.582777 ], [ -122.667649, 45.582899 ], [ -122.66781, 45.58293 ], [ -122.668391, 45.583065 ], [ -122.668768, 45.583146 ], [ -122.669147, 45.583222 ], [ -122.669619, 45.583305 ], [ -122.670102, 45.5834 ], [ -122.670786, 45.583496 ], [ -122.671686, 45.583594 ], [ -122.672333, 45.583664 ], [ -122.673329, 45.58377 ], [ -122.674335, 45.583903 ], [ -122.674853, 45.584003 ], [ -122.675522, 45.58408 ], [ -122.675894, 45.584119 ], [ -122.676345, 45.584147 ], [ -122.677316, 45.584269 ], [ -122.677994, 45.58428 ], [ -122.678511, 45.584223 ], [ -122.678841, 45.584166 ], [ -122.679002, 45.584138 ], [ -122.6791, 45.584116 ], [ -122.679235, 45.584102 ], [ -122.679568, 45.584051 ], [ -122.67972, 45.584028 ], [ -122.680158, 45.584003 ], [ -122.68032, 45.584013 ], [ -122.680672, 45.584034 ], [ -122.680937, 45.58409 ], [ -122.681313, 45.584198 ], [ -122.682661, 45.58468 ], [ -122.68348, 45.584965 ], [ -122.684011, 45.585126 ], [ -122.684575, 45.585266 ], [ -122.686915, 45.585784 ], [ -122.689041, 45.586257 ], [ -122.690821, 45.586637 ], [ -122.69118, 45.586731 ], [ -122.691473, 45.586796 ], [ -122.692256, 45.586969 ], [ -122.692581, 45.587034 ], [ -122.692798, 45.58711 ], [ -122.69301, 45.587194 ], [ -122.693273, 45.587312 ], [ -122.694165, 45.587652 ], [ -122.694382, 45.587733 ], [ -122.695158, 45.588023 ], [ -122.696192, 45.588413 ], [ -122.696323, 45.588462 ], [ -122.697216, 45.5888 ], [ -122.698476, 45.589146 ], [ -122.699433, 45.589408 ], [ -122.700436, 45.589683 ], [ -122.70144, 45.589958 ], [ -122.702404, 45.590221 ], [ -122.705408, 45.59104 ], [ -122.706422, 45.591304 ], [ -122.709681, 45.592117 ], [ -122.710215, 45.592248 ], [ -122.710496, 45.592318 ], [ -122.711295, 45.592516 ], [ -122.71221, 45.592746 ], [ -122.712361, 45.592784 ], [ -122.713183, 45.592984 ], [ -122.713974, 45.593178 ], [ -122.715086, 45.593455 ], [ -122.716676, 45.593841 ], [ -122.717342, 45.593975 ], [ -122.7177, 45.594035 ], [ -122.718088, 45.594071 ], [ -122.718685, 45.594093 ], [ -122.718688, 45.594349 ], [ -122.718735, 45.594483 ], [ -122.718749, 45.594547 ], [ -122.718731, 45.594642 ], [ -122.723975, 45.595957 ], [ -122.724067, 45.595981 ], [ -122.724111, 45.595993 ], [ -122.723735, 45.596304 ], [ -122.7197, 45.599644 ], [ -122.719674, 45.599653 ], [ -122.719606, 45.599722 ], [ -122.719197, 45.600059 ], [ -122.719031, 45.600198 ], [ -122.719016, 45.600215 ], [ -122.719288, 45.600383 ], [ -122.719426, 45.60043 ], [ -122.719555, 45.600474 ], [ -122.719798, 45.600556 ], [ -122.720571, 45.600772 ], [ -122.721519, 45.601022 ], [ -122.722582, 45.601124 ], [ -122.723506, 45.601191 ], [ -122.724705, 45.601205 ], [ -122.725785, 45.601293 ], [ -122.726538, 45.60145 ], [ -122.727154, 45.601645 ], [ -122.727809, 45.601962 ], [ -122.728342, 45.602256 ], [ -122.729392, 45.602888 ], [ -122.729747, 45.603088 ], [ -122.730415, 45.603283 ], [ -122.7312, 45.603365 ], [ -122.732437, 45.603463 ], [ -122.734354, 45.603621 ], [ -122.735298, 45.603773 ], [ -122.736455, 45.604031 ], [ -122.737144, 45.604335 ], [ -122.738092, 45.605012 ], [ -122.738831, 45.605692 ], [ -122.739337, 45.606207 ], [ -122.739821, 45.606575 ], [ -122.7403, 45.606834 ], [ -122.740916, 45.60703 ], [ -122.74186, 45.607129 ], [ -122.743637, 45.607264 ], [ -122.744415, 45.607457 ], [ -122.745027, 45.607639 ], [ -122.745628, 45.607812 ], [ -122.745801, 45.607921 ], [ -122.746279, 45.607583 ], [ -122.746928, 45.607852 ], [ -122.74741, 45.608082 ], [ -122.747907, 45.60842 ], [ -122.748722, 45.608991 ], [ -122.749559, 45.609291 ], [ -122.750566, 45.609449 ], [ -122.751528, 45.609562 ], [ -122.752339, 45.60977 ], [ -122.753626, 45.610304 ], [ -122.754206, 45.610509 ], [ -122.754471, 45.610611 ], [ -122.754954, 45.610796 ], [ -122.756133, 45.611382 ], [ -122.758016, 45.612519 ], [ -122.758616, 45.612963 ], [ -122.759494, 45.613455 ], [ -122.759988, 45.613708 ], [ -122.761408, 45.614452 ], [ -122.7623, 45.614935 ], [ -122.762693, 45.615156 ], [ -122.762842, 45.615337 ], [ -122.76305, 45.61529 ], [ -122.763269, 45.61524 ], [ -122.763601, 45.615336 ], [ -122.763772, 45.615379 ], [ -122.764049, 45.61544 ], [ -122.764179, 45.615468 ], [ -122.764456, 45.61552 ], [ -122.765134, 45.615637 ], [ -122.766566, 45.615834 ], [ -122.766988, 45.615881 ], [ -122.768693, 45.61607 ], [ -122.770215, 45.616191 ], [ -122.771365, 45.616312 ], [ -122.771658, 45.616342 ], [ -122.773283, 45.61651 ], [ -122.778387, 45.617086 ], [ -122.778538, 45.617097 ], [ -122.77911, 45.617184 ], [ -122.779332, 45.617256 ], [ -122.779545, 45.617343 ], [ -122.779795, 45.617482 ], [ -122.78012, 45.617752 ], [ -122.78022, 45.617879 ], [ -122.780287, 45.617965 ], [ -122.780387, 45.617963 ], [ -122.781702, 45.61794 ], [ -122.782037, 45.617954 ], [ -122.782559, 45.617936 ], [ -122.786263, 45.616039 ], [ -122.78645, 45.615944 ], [ -122.788341, 45.614874 ], [ -122.789487, 45.615878 ], [ -122.790063, 45.616892 ], [ -122.790845, 45.619479 ], [ -122.79101, 45.620025 ], [ -122.791098, 45.622189 ], [ -122.791102, 45.622682 ], [ -122.791101, 45.622817 ] ] ] } },
{ "type": "Feature", "properties": { "GEOID": "41051001602", "NAMELSAD": "Census Tract 16.02", "area_sqmi": 0.64366302356745342, "total_bike_miles": 4.613, "num_segments": 60, "bike_density": 7.17, "total_pop": 4712, "pop_white": 2699, "pop_black": 196, "pop_asian": 1080, "pop_hispanic": 0, "pct_white": 57.3, "pct_nonwhite": 42.7, "pct_black": 4.2, "pct_asian": 22.9, "pct_hispanic": 0.0, "median_income": 90023.0 }, "geometry": { "type": "Polygon", "coordinates": [ [ [ -122.579046, 45.51913 ], [ -122.57805, 45.519126 ], [ -122.577223, 45.519121 ], [ -122.577035, 45.519118 ], [ -122.576022, 45.519113 ], [ -122.575007, 45.519106 ], [ -122.573934, 45.519099 ], [ -122.572975, 45.519093 ], [ -122.57202, 45.519087 ], [ -122.571341, 45.519082 ], [ -122.570164, 45.519074 ], [ -122.569101, 45.51907 ], [ -122.566863, 45.519069 ], [ -122.566061, 45.519048 ], [ -122.565516, 45.519042 ], [ -122.565513, 45.518335 ], [ -122.565564, 45.516465 ], [ -122.565586, 45.516061 ], [ -122.565633, 45.515244 ], [ -122.565609, 45.514243 ], [ -122.565683, 45.510786 ], [ -122.565673, 45.510434 ], [ -122.565501, 45.507912 ], [ -122.565499, 45.507545 ], [ -122.565457, 45.506962 ], [ -122.565408, 45.505758 ], [ -122.565462, 45.50442 ], [ -122.565945, 45.504437 ], [ -122.56638, 45.504435 ], [ -122.56742, 45.504449 ], [ -122.568633, 45.504475 ], [ -122.568868, 45.504479 ], [ -122.570483, 45.504508 ], [ -122.571749, 45.504528 ], [ -122.572268, 45.504541 ], [ -122.573349, 45.504561 ], [ -122.574236, 45.504578 ], [ -122.574609, 45.504591 ], [ -122.574875, 45.504591 ], [ -122.575582, 45.504609 ], [ -122.575863, 45.504615 ], [ -122.576683, 45.504642 ], [ -122.577084, 45.504673 ], [ -122.577557, 45.50469 ], [ -122.578354, 45.50477 ], [ -122.578679, 45.504821 ], [ -122.578672, 45.508347 ], [ -122.578675, 45.509132 ], [ -122.578671, 45.510092 ], [ -122.57867, 45.510826 ], [ -122.578669, 45.511311 ], [ -122.578674, 45.511518 ], [ -122.578694, 45.511967 ], [ -122.578704, 45.512223 ], [ -122.578713, 45.512627 ], [ -122.578721, 45.512852 ], [ -122.578748, 45.513513 ], [ -122.578784, 45.514171 ], [ -122.578828, 45.514815 ], [ -122.578865, 45.515482 ], [ -122.578903, 45.51617 ], [ -122.578942, 45.516911 ], [ -122.578983, 45.517652 ], [ -122.579023, 45.518392 ], [ -122.579046, 45.51913 ] ] ] } },
{ "type": "Feature", "properties": { "GEOID": "41051002801", "NAMELSAD": "Census Tract 28.01", "area_sqmi": 0.35402915753141589, "total_bike_miles": 2.345, "num_segments": 46, "bike_density": 6.62, "total_pop": 3351, "pop_white": 2910, "pop_black": 38, "pop_asian": 196, "pop_hispanic": 0, "pct_white": 86.8, "pct_nonwhite": 13.2, "pct_black": 1.1, "pct_asian": 5.8, "pct_hispanic": 0.0, "median_income": 128125.0 }, "geometry": { "type": "Polygon", "coordinates": [ [ [ -122.610959, 45.541912 ], [ -122.61072, 45.541919 ], [ -122.610691, 45.542029 ], [ -122.610677, 45.543728 ], [ -122.610668, 45.544335 ], [ -122.610662, 45.545401 ], [ -122.610649, 45.546936 ], [ -122.610636, 45.548274 ], [ -122.610237, 45.548271 ], [ -122.609623, 45.548268 ], [ -122.608608, 45.548263 ], [ -122.607593, 45.548258 ], [ -122.606578, 45.548252 ], [ -122.605564, 45.548247 ], [ -122.604542, 45.548242 ], [ -122.60349, 45.548237 ], [ -122.602737, 45.548232 ], [ -122.602475, 45.54823 ], [ -122.601441, 45.548225 ], [ -122.600941, 45.548223 ], [ -122.600427, 45.54822 ], [ -122.599373, 45.548216 ], [ -122.599384, 45.546888 ], [ -122.599398, 45.545353 ], [ -122.599399, 45.544246 ], [ -122.599413, 45.543679 ], [ -122.599425, 45.542253 ], [ -122.599437, 45.540964 ], [ -122.599442, 45.540334 ], [ -122.59947, 45.539944 ], [ -122.59948, 45.53874 ], [ -122.600525, 45.538742 ], [ -122.601539, 45.538743 ], [ -122.601894, 45.538749 ], [ -122.602069, 45.538774 ], [ -122.602287, 45.538799 ], [ -122.602575, 45.538802 ], [ -122.603602, 45.538807 ], [ -122.604504, 45.538814 ], [ -122.604639, 45.538809 ], [ -122.604637, 45.538921 ], [ -122.60462, 45.53903 ], [ -122.605843, 45.539029 ], [ -122.606858, 45.53903 ], [ -122.607872, 45.53903 ], [ -122.608887, 45.539031 ], [ -122.609902, 45.539031 ], [ -122.610916, 45.539032 ], [ -122.610916, 45.539676 ], [ -122.610929, 45.539793 ], [ -122.610943, 45.539911 ], [ -122.610939, 45.541004 ], [ -122.610853, 45.541049 ], [ -122.61064, 45.541354 ], [ -122.610747, 45.541405 ], [ -122.610778, 45.541427 ], [ -122.61084, 45.54149 ], [ -122.610873, 45.541535 ], [ -122.610902, 45.541586 ], [ -122.610916, 45.541622 ], [ -122.610936, 45.541716 ], [ -122.610959, 45.541912 ] ] ] } },
{ "type": "Feature", "properties": { "GEOID": "41051008301", "NAMELSAD": "Census Tract 83.01", "area_sqmi": 0.63429156139030196, "total_bike_miles": 3.507, "num_segments": 32, "bike_density": 5.53, "total_pop": 4372, "pop_white": 1288, "pop_black": 576, "pop_asian": 1396, "pop_hispanic": 0, "pct_white": 29.5, "pct_nonwhite": 70.5, "pct_black": 13.2, "pct_asian": 31.9, "pct_hispanic": 0.0, "median_income": 70644.0 }, "geometry": { "type": "Polygon", "coordinates": [ [ [ -122.578786, 45.491413 ], [ -122.57878, 45.492081 ], [ -122.578773, 45.492753 ], [ -122.578766, 45.493438 ], [ -122.578762, 45.494124 ], [ -122.578756, 45.49481 ], [ -122.578747, 45.495495 ], [ -122.578738, 45.496181 ], [ -122.578729, 45.496874 ], [ -122.578702, 45.497411 ], [ -122.57871, 45.498537 ], [ -122.578707, 45.499169 ], [ -122.578703, 45.500037 ], [ -122.578679, 45.500509 ], [ -122.578694, 45.501422 ], [ -122.578695, 45.502143 ], [ -122.578676, 45.50341 ], [ -122.578679, 45.504821 ], [ -122.578354, 45.50477 ], [ -122.577557, 45.50469 ], [ -122.577084, 45.504673 ], [ -122.576683, 45.504642 ], [ -122.575863, 45.504615 ], [ -122.575582, 45.504609 ], [ -122.574875, 45.504591 ], [ -122.574609, 45.504591 ], [ -122.574236, 45.504578 ], [ -122.573349, 45.504561 ], [ -122.572268, 45.504541 ], [ -122.571749, 45.504528 ], [ -122.570483, 45.504508 ], [ -122.568868, 45.504479 ], [ -122.568633, 45.504475 ], [ -122.56742, 45.504449 ], [ -122.56638, 45.504435 ], [ -122.565945, 45.504437 ], [ -122.565462, 45.50442 ], [ -122.565484, 45.502123 ], [ -122.565576, 45.4996 ], [ -122.565522, 45.497965 ], [ -122.565535, 45.497363 ], [ -122.565528, 45.497016 ], [ -122.565552, 45.494808 ], [ -122.565711, 45.493801 ], [ -122.565759, 45.493235 ], [ -122.565867, 45.49198 ], [ -122.565963, 45.490855 ], [ -122.566093, 45.489976 ], [ -122.566619, 45.489998 ], [ -122.568605, 45.490022 ], [ -122.569542, 45.490033 ], [ -122.570484, 45.490051 ], [ -122.571427, 45.490073 ], [ -122.57224, 45.490089 ], [ -122.572338, 45.490105 ], [ -122.573293, 45.490139 ], [ -122.57391, 45.49015 ], [ -122.574096, 45.490174 ], [ -122.574956, 45.490244 ], [ -122.575799, 45.490237 ], [ -122.576792, 45.490238 ], [ -122.577732, 45.490239 ], [ -122.578224, 45.49024 ], [ -122.578614, 45.490255 ], [ -122.578789, 45.490277 ], [ -122.578786, 45.490504 ], [ -122.578794, 45.491097 ], [ -122.578786, 45.491413 ] ] ] } },
{ "type": "Feature", "properties": { "GEOID": "41051003803", "NAMELSAD": "Census Tract 38.03", "area_sqmi": 0.47531655385872751, "total_bike_miles": 2.252, "num_segments": 36, "bike_density": 4.74, "total_pop": 4522, "pop_white": 3664, "pop_black": 157, "pop_asian": 229, "pop_hispanic": 0, "pct_white": 81.0, "pct_nonwhite": 19.0, "pct_black": 3.5, "pct_asian": 5.1, "pct_hispanic": 0.0, "median_income": 101500.0 }, "geometry": { "type": "Polygon", "coordinates": [ [ [ -122.694612, 45.562931 ], [ -122.694585, 45.564561 ], [ -122.694567, 45.566369 ], [ -122.694549, 45.568178 ], [ -122.694533, 45.569933 ], [ -122.693517, 45.569933 ], [ -122.692483, 45.569933 ], [ -122.691406, 45.569929 ], [ -122.690421, 45.569925 ], [ -122.690143, 45.569924 ], [ -122.689874, 45.569924 ], [ -122.689227, 45.569921 ], [ -122.688586, 45.569919 ], [ -122.687453, 45.569916 ], [ -122.687326, 45.569917 ], [ -122.686347, 45.569913 ], [ -122.685291, 45.569905 ], [ -122.684279, 45.569895 ], [ -122.684019, 45.569893 ], [ -122.683257, 45.569891 ], [ -122.682144, 45.569894 ], [ -122.68153, 45.569896 ], [ -122.681025, 45.569898 ], [ -122.680386, 45.569899 ], [ -122.680116, 45.569902 ], [ -122.67979, 45.569894 ], [ -122.679602, 45.569904 ], [ -122.678745, 45.569907 ], [ -122.678531, 45.569892 ], [ -122.677679, 45.569911 ], [ -122.67755, 45.569906 ], [ -122.676838, 45.569915 ], [ -122.675886, 45.569919 ], [ -122.67487, 45.569923 ], [ -122.674892, 45.568441 ], [ -122.67492, 45.566414 ], [ -122.674933, 45.565534 ], [ -122.674948, 45.564107 ], [ -122.674949, 45.563037 ], [ -122.674966, 45.562681 ], [ -122.675987, 45.562677 ], [ -122.676986, 45.562673 ], [ -122.67809, 45.562669 ], [ -122.678521, 45.562661 ], [ -122.678727, 45.562659 ], [ -122.679105, 45.562665 ], [ -122.680108, 45.562651 ], [ -122.681136, 45.562657 ], [ -122.682233, 45.562655 ], [ -122.684816, 45.562676 ], [ -122.686462, 45.562691 ], [ -122.687467, 45.562698 ], [ -122.688659, 45.562708 ], [ -122.6893, 45.562714 ], [ -122.689998, 45.562721 ], [ -122.690214, 45.562723 ], [ -122.690449, 45.562725 ], [ -122.691464, 45.562734 ], [ -122.692569, 45.562744 ], [ -122.693587, 45.562743 ], [ -122.694602, 45.562741 ], [ -122.694612, 45.562931 ] ] ] } },
{ "type": "Feature", "properties": { "GEOID": "41051006001", "NAMELSAD": "Census Tract 60.01", "area_sqmi": 0.70169552277154446, "total_bike_miles": 5.031, "num_segments": 47, "bike_density": 7.17, "total_pop": 1521, "pop_white": 1110, "pop_black": 18, "pop_asian": 95, "pop_hispanic": 0, "pct_white": 73.0, "pct_nonwhite": 27.0, "pct_black": 1.2, "pct_asian": 6.2, "pct_hispanic": 0.0, "median_income": 107750.0 }, "geometry": { "type": "Polygon", "coordinates": [ [ [ -122.698003, 45.495377 ], [ -122.697522, 45.495657 ], [ -122.697337, 45.49572 ], [ -122.697234, 45.495791 ], [ -122.697297, 45.495389 ], [ -122.696395, 45.49574 ], [ -122.695236, 45.496068 ], [ -122.694111, 45.496148 ], [ -122.693049, 45.496111 ], [ -122.692332, 45.49599 ], [ -122.691489, 45.495919 ], [ -122.690894, 45.49569 ], [ -122.690469, 45.495309 ], [ -122.690267, 45.495127 ], [ -122.689571, 45.494736 ], [ -122.68848, 45.494226 ], [ -122.68761, 45.493762 ], [ -122.687015, 45.493391 ], [ -122.686801, 45.493011 ], [ -122.686754, 45.492729 ], [ -122.686703, 45.492424 ], [ -122.686663, 45.492199 ], [ -122.686645, 45.4921 ], [ -122.686614, 45.491978 ], [ -122.686587, 45.491984 ], [ -122.686416, 45.492 ], [ -122.686255, 45.492009 ], [ -122.686112, 45.492004 ], [ -122.68594, 45.491992 ], [ -122.685703, 45.491963 ], [ -122.685473, 45.491924 ], [ -122.685268, 45.491876 ], [ -122.68462, 45.491712 ], [ -122.684297, 45.491598 ], [ -122.684143, 45.491546 ], [ -122.68401, 45.491506 ], [ -122.683897, 45.491484 ], [ -122.68376, 45.491467 ], [ -122.683488, 45.491445 ], [ -122.683263, 45.491442 ], [ -122.683006, 45.491476 ], [ -122.682804, 45.491521 ], [ -122.682471, 45.491607 ], [ -122.682284, 45.491683 ], [ -122.682022, 45.4918 ], [ -122.681823, 45.491932 ], [ -122.68167, 45.492066 ], [ -122.681556, 45.492186 ], [ -122.681441, 45.492393 ], [ -122.681375, 45.492508 ], [ -122.681284, 45.493172 ], [ -122.681304, 45.493493 ], [ -122.681313, 45.493564 ], [ -122.681349, 45.493702 ], [ -122.681413, 45.493838 ], [ -122.681455, 45.493944 ], [ -122.681543, 45.49407 ], [ -122.681609, 45.494139 ], [ -122.68166, 45.494192 ], [ -122.681838, 45.494316 ], [ -122.682057, 45.494448 ], [ -122.682227, 45.494561 ], [ -122.682365, 45.494672 ], [ -122.682429, 45.494778 ], [ -122.682454, 45.494887 ], [ -122.68246, 45.494979 ], [ -122.682445, 45.495115 ], [ -122.682379, 45.495249 ], [ -122.682323, 45.495314 ], [ -122.682201, 45.495401 ], [ -122.682046, 45.495483 ], [ -122.681194, 45.495801 ], [ -122.680943, 45.495914 ], [ -122.680773, 45.496029 ], [ -122.680689, 45.4961 ], [ -122.680611, 45.496191 ], [ -122.680489, 45.496374 ], [ -122.680448, 45.496462 ], [ -122.680413, 45.496569 ], [ -122.680392, 45.496656 ], [ -122.680379, 45.496778 ], [ -122.680391, 45.496966 ], [ -122.680413, 45.497113 ], [ -122.681189, 45.498488 ], [ -122.681314, 45.498699 ], [ -122.681399, 45.498789 ], [ -122.681505, 45.498879 ], [ -122.681586, 45.498938 ], [ -122.681672, 45.498981 ], [ -122.681876, 45.499038 ], [ -122.682117, 45.499083 ], [ -122.682167, 45.499094 ], [ -122.682336, 45.499131 ], [ -122.682456, 45.499163 ], [ -122.682566, 45.499218 ], [ -122.682659, 45.499295 ], [ -122.682697, 45.49938 ], [ -122.682702, 45.499448 ], [ -122.682687, 45.49952 ], [ -122.682617, 45.499631 ], [ -122.682429, 45.499825 ], [ -122.682351, 45.499922 ], [ -122.6823, 45.500013 ], [ -122.682268, 45.500083 ], [ -122.682253, 45.500157 ], [ -122.682254, 45.500247 ], [ -122.682265, 45.500333 ], [ -122.682296, 45.500469 ], [ -122.683281, 45.502295 ], [ -122.683504, 45.502709 ], [ -122.683635, 45.502821 ], [ -122.683763, 45.502876 ], [ -122.68392, 45.502921 ], [ -122.684131, 45.502951 ], [ -122.684356, 45.502937 ], [ -122.684683, 45.502869 ], [ -122.685447, 45.502614 ], [ -122.685906, 45.50251 ], [ -122.686332, 45.502439 ], [ -122.686577, 45.502406 ], [ -122.686844, 45.502405 ], [ -122.68712, 45.502453 ], [ -122.687305, 45.502507 ], [ -122.687414, 45.50261 ], [ -122.687439, 45.502696 ], [ -122.687426, 45.502797 ], [ -122.687421, 45.502879 ], [ -122.687158, 45.502939 ], [ -122.686937, 45.502989 ], [ -122.686576, 45.503083 ], [ -122.686421, 45.503142 ], [ -122.68625, 45.503219 ], [ -122.68456, 45.504131 ], [ -122.684412, 45.504248 ], [ -122.684317, 45.504381 ], [ -122.68427, 45.504521 ], [ -122.684254, 45.505124 ], [ -122.684343, 45.505214 ], [ -122.683184, 45.505187 ], [ -122.682525, 45.505181 ], [ -122.682017, 45.505125 ], [ -122.682023, 45.504043 ], [ -122.682026, 45.50353 ], [ -122.682029, 45.503012 ], [ -122.682006, 45.502867 ], [ -122.681926, 45.502682 ], [ -122.681727, 45.502286 ], [ -122.68133, 45.501567 ], [ -122.680917, 45.50086 ], [ -122.680831, 45.500714 ], [ -122.68056, 45.500202 ], [ -122.680516, 45.500115 ], [ -122.68017, 45.499433 ], [ -122.679738, 45.49872 ], [ -122.679352, 45.498003 ], [ -122.678985, 45.497362 ], [ -122.678901, 45.497243 ], [ -122.678843, 45.497107 ], [ -122.678775, 45.496927 ], [ -122.67866, 45.496681 ], [ -122.678526, 45.49644 ], [ -122.678375, 45.496205 ], [ -122.678096, 45.495831 ], [ -122.677984, 45.495699 ], [ -122.677831, 45.495547 ], [ -122.677775, 45.495335 ], [ -122.677673, 45.4951 ], [ -122.677565, 45.494924 ], [ -122.677467, 45.494789 ], [ -122.677377, 45.494631 ], [ -122.677276, 45.494413 ], [ -122.677253, 45.494329 ], [ -122.677226, 45.49423 ], [ -122.67714, 45.493964 ], [ -122.677112, 45.493831 ], [ -122.676965, 45.493125 ], [ -122.676963, 45.49265 ], [ -122.676933, 45.492368 ], [ -122.677136, 45.492024 ], [ -122.677257, 45.49186 ], [ -122.677394, 45.491703 ], [ -122.677549, 45.491544 ], [ -122.677635, 45.491465 ], [ -122.677808, 45.491317 ], [ -122.678023, 45.491176 ], [ -122.678133, 45.49111 ], [ -122.678484, 45.490883 ], [ -122.678903, 45.490732 ], [ -122.680932, 45.490231 ], [ -122.681227, 45.490138 ], [ -122.681466, 45.490035 ], [ -122.681591, 45.489973 ], [ -122.681771, 45.489862 ], [ -122.682045, 45.48966 ], [ -122.682207, 45.489506 ], [ -122.682446, 45.489275 ], [ -122.682638, 45.488991 ], [ -122.682714, 45.488753 ], [ -122.682754, 45.488626 ], [ -122.682755, 45.488327 ], [ -122.682755, 45.488067 ], [ -122.682689, 45.487592 ], [ -122.682558, 45.486953 ], [ -122.682518, 45.486756 ], [ -122.682122, 45.485636 ], [ -122.682104, 45.485553 ], [ -122.681873, 45.485149 ], [ -122.681431, 45.484624 ], [ -122.681302, 45.484471 ], [ -122.680905, 45.483916 ], [ -122.680827, 45.483773 ], [ -122.680758, 45.483617 ], [ -122.680697, 45.483396 ], [ -122.680657, 45.483209 ], [ -122.680632, 45.483052 ], [ -122.680398, 45.481898 ], [ -122.680247, 45.48059 ], [ -122.680216, 45.480325 ], [ -122.680507, 45.480228 ], [ -122.681208, 45.480132 ], [ -122.681834, 45.480045 ], [ -122.682808, 45.479911 ], [ -122.683048, 45.479895 ], [ -122.683348, 45.479898 ], [ -122.683635, 45.479925 ], [ -122.683663, 45.479929 ], [ -122.683987, 45.480014 ], [ -122.684297, 45.480077 ], [ -122.68455, 45.480152 ], [ -122.684753, 45.48019 ], [ -122.685088, 45.480235 ], [ -122.685763, 45.480308 ], [ -122.685973, 45.480319 ], [ -122.686437, 45.480336 ], [ -122.686632, 45.480313 ], [ -122.686804, 45.480259 ], [ -122.687002, 45.480204 ], [ -122.687404, 45.480183 ], [ -122.687873, 45.480235 ], [ -122.688742, 45.480255 ], [ -122.68929, 45.480228 ], [ -122.689738, 45.480103 ], [ -122.692003, 45.47924 ], [ -122.692654, 45.479006 ], [ -122.692612, 45.480191 ], [ -122.692618, 45.480379 ], [ -122.692614, 45.480459 ], [ -122.692576, 45.480619 ], [ -122.692544, 45.480697 ], [ -122.692503, 45.480774 ], [ -122.692427, 45.480859 ], [ -122.692308, 45.480944 ], [ -122.692326, 45.481329 ], [ -122.691772, 45.481345 ], [ -122.691699, 45.481444 ], [ -122.691674, 45.481522 ], [ -122.691682, 45.481641 ], [ -122.691658, 45.48176 ], [ -122.691624, 45.481816 ], [ -122.691557, 45.481868 ], [ -122.691414, 45.481956 ], [ -122.69133, 45.482045 ], [ -122.691412, 45.482268 ], [ -122.691412, 45.482384 ], [ -122.691379, 45.482474 ], [ -122.691317, 45.48255 ], [ -122.691126, 45.482642 ], [ -122.690978, 45.482692 ], [ -122.690848, 45.482697 ], [ -122.690742, 45.48268 ], [ -122.690631, 45.482643 ], [ -122.690548, 45.482592 ], [ -122.690451, 45.482514 ], [ -122.690372, 45.482465 ], [ -122.690286, 45.482442 ], [ -122.690135, 45.482414 ], [ -122.689968, 45.482412 ], [ -122.689774, 45.482424 ], [ -122.689588, 45.482455 ], [ -122.689235, 45.482565 ], [ -122.689106, 45.482635 ], [ -122.688956, 45.482751 ], [ -122.688831, 45.482867 ], [ -122.688738, 45.482991 ], [ -122.688678, 45.483131 ], [ -122.688687, 45.483357 ], [ -122.688648, 45.483502 ], [ -122.688616, 45.483663 ], [ -122.688568, 45.483721 ], [ -122.688498, 45.483774 ], [ -122.688354, 45.483847 ], [ -122.68827, 45.483868 ], [ -122.688014, 45.483875 ], [ -122.687902, 45.483886 ], [ -122.687809, 45.483909 ], [ -122.687697, 45.483947 ], [ -122.687575, 45.484024 ], [ -122.687541, 45.484079 ], [ -122.687528, 45.484148 ], [ -122.68752, 45.484246 ], [ -122.687541, 45.48432 ], [ -122.687586, 45.484395 ], [ -122.687616, 45.484442 ], [ -122.687681, 45.484488 ], [ -122.687764, 45.484526 ], [ -122.687862, 45.484559 ], [ -122.687982, 45.484584 ], [ -122.688072, 45.484587 ], [ -122.688167, 45.484574 ], [ -122.688265, 45.484549 ], [ -122.688425, 45.484453 ], [ -122.688479, 45.484384 ], [ -122.688587, 45.484187 ], [ -122.68872, 45.484057 ], [ -122.689068, 45.483784 ], [ -122.68924, 45.483713 ], [ -122.689463, 45.483644 ], [ -122.689721, 45.483618 ], [ -122.689946, 45.483616 ], [ -122.690154, 45.483638 ], [ -122.690419, 45.483705 ], [ -122.690756, 45.483867 ], [ -122.690953, 45.483957 ], [ -122.69108, 45.484 ], [ -122.691215, 45.484036 ], [ -122.69144, 45.484074 ], [ -122.691549, 45.484096 ], [ -122.691662, 45.484114 ], [ -122.691649, 45.484199 ], [ -122.691603, 45.484236 ], [ -122.691526, 45.484255 ], [ -122.691319, 45.484244 ], [ -122.690985, 45.48419 ], [ -122.690826, 45.484195 ], [ -122.690411, 45.484193 ], [ -122.69031, 45.484202 ], [ -122.690211, 45.484222 ], [ -122.690121, 45.484252 ], [ -122.69004, 45.484292 ], [ -122.68997, 45.48434 ], [ -122.689863, 45.484453 ], [ -122.689804, 45.484546 ], [ -122.689787, 45.484612 ], [ -122.689791, 45.4847 ], [ -122.689848, 45.484994 ], [ -122.689903, 45.485454 ], [ -122.690016, 45.485489 ], [ -122.690131, 45.485528 ], [ -122.690926, 45.485534 ], [ -122.692017, 45.485534 ], [ -122.692146, 45.485537 ], [ -122.692283, 45.485546 ], [ -122.692363, 45.485559 ], [ -122.692526, 45.485607 ], [ -122.692738, 45.485688 ], [ -122.693563, 45.486306 ], [ -122.693934, 45.486604 ], [ -122.694199, 45.486695 ], [ -122.694357, 45.486745 ], [ -122.694469, 45.486801 ], [ -122.694565, 45.486876 ], [ -122.694619, 45.486971 ], [ -122.694651, 45.487058 ], [ -122.694633, 45.487167 ], [ -122.694535, 45.487313 ], [ -122.694333, 45.487254 ], [ -122.694176, 45.487235 ], [ -122.694076, 45.487233 ], [ -122.69397, 45.487248 ], [ -122.69385, 45.487287 ], [ -122.693754, 45.487333 ], [ -122.693696, 45.487367 ], [ -122.693654, 45.487397 ], [ -122.693593, 45.487454 ], [ -122.693545, 45.487524 ], [ -122.693504, 45.48758 ], [ -122.693488, 45.487653 ], [ -122.693481, 45.487727 ], [ -122.693483, 45.487799 ], [ -122.693513, 45.487937 ], [ -122.69354, 45.488002 ], [ -122.693575, 45.488062 ], [ -122.693617, 45.488118 ], [ -122.693666, 45.488169 ], [ -122.693721, 45.488214 ], [ -122.693964, 45.48837 ], [ -122.694327, 45.48854 ], [ -122.694543, 45.488704 ], [ -122.694618, 45.488818 ], [ -122.694635, 45.488982 ], [ -122.694642, 45.489161 ], [ -122.694681, 45.489325 ], [ -122.694786, 45.48944 ], [ -122.695635, 45.489869 ], [ -122.695706, 45.489977 ], [ -122.695656, 45.490126 ], [ -122.695395, 45.490264 ], [ -122.695279, 45.490414 ], [ -122.69525, 45.490547 ], [ -122.695267, 45.490688 ], [ -122.695394, 45.490818 ], [ -122.695489, 45.490905 ], [ -122.6956, 45.491006 ], [ -122.695626, 45.491079 ], [ -122.695612, 45.491152 ], [ -122.695398, 45.491497 ], [ -122.69539, 45.491568 ], [ -122.695437, 45.49168 ], [ -122.695507, 45.491729 ], [ -122.695721, 45.491803 ], [ -122.695946, 45.491893 ], [ -122.696445, 45.492156 ], [ -122.696508, 45.492209 ], [ -122.696539, 45.492279 ], [ -122.696569, 45.49237 ], [ -122.696545, 45.492459 ], [ -122.696293, 45.492797 ], [ -122.695841, 45.493468 ], [ -122.695847, 45.493624 ], [ -122.695962, 45.493731 ], [ -122.696141, 45.493767 ], [ -122.696339, 45.493732 ], [ -122.696677, 45.493569 ], [ -122.696963, 45.493509 ], [ -122.697188, 45.493583 ], [ -122.697388, 45.493728 ], [ -122.69725, 45.494019 ], [ -122.696926, 45.494705 ], [ -122.696839, 45.494832 ], [ -122.696824, 45.494888 ], [ -122.696834, 45.494942 ], [ -122.696881, 45.494988 ], [ -122.697013, 45.49504 ], [ -122.69718, 45.495066 ], [ -122.697364, 45.495083 ], [ -122.697577, 45.495076 ], [ -122.697805, 45.495081 ], [ -122.697941, 45.495108 ], [ -122.697995, 45.495155 ], [ -122.69802, 45.495223 ], [ -122.698003, 45.495377 ] ] ] } },
{ "type": "Feature", "properties": { "GEOID": "41051005800", "NAMELSAD": "Census Tract 58", "area_sqmi": 1.46681194808608, "total_bike_miles": 5.734, "num_segments": 68, "bike_density": 3.91, "total_pop": 4946, "pop_white": 3700, "pop_black": 243, "pop_asian": 432, "pop_hispanic": 0, "pct_white": 74.8, "pct_nonwhite": 25.2, "pct_black": 4.9, "pct_asian": 8.7, "pct_hispanic": 0.0, "median_income": 131205.0 }, "geometry": { "type": "Polygon", "coordinates": [ [ [ -122.713606, 45.50187 ], [ -122.713294, 45.502103 ], [ -122.713216, 45.502181 ], [ -122.713144, 45.502272 ], [ -122.713085, 45.502356 ], [ -122.713039, 45.502443 ], [ -122.712998, 45.502544 ], [ -122.71276, 45.503122 ], [ -122.712684, 45.503207 ], [ -122.712582, 45.503265 ], [ -122.712453, 45.503316 ], [ -122.712298, 45.503346 ], [ -122.711941, 45.503317 ], [ -122.71155, 45.50322 ], [ -122.7113, 45.503185 ], [ -122.711125, 45.503193 ], [ -122.711008, 45.503222 ], [ -122.710919, 45.503277 ], [ -122.710818, 45.50335 ], [ -122.710653, 45.503443 ], [ -122.710465, 45.503503 ], [ -122.710271, 45.503529 ], [ -122.710004, 45.503505 ], [ -122.708744, 45.503088 ], [ -122.708599, 45.503059 ], [ -122.708471, 45.503062 ], [ -122.708365, 45.503097 ], [ -122.708276, 45.503148 ], [ -122.708181, 45.503236 ], [ -122.707792, 45.503559 ], [ -122.707052, 45.504075 ], [ -122.706445, 45.504506 ], [ -122.706297, 45.504629 ], [ -122.706191, 45.504729 ], [ -122.705938, 45.504997 ], [ -122.705856, 45.505088 ], [ -122.705792, 45.505131 ], [ -122.705675, 45.505148 ], [ -122.705599, 45.505146 ], [ -122.705497, 45.505124 ], [ -122.70535, 45.505107 ], [ -122.705212, 45.505106 ], [ -122.704976, 45.505118 ], [ -122.704793, 45.505142 ], [ -122.704573, 45.505187 ], [ -122.70432, 45.505253 ], [ -122.703753, 45.505467 ], [ -122.703482, 45.505548 ], [ -122.703286, 45.50557 ], [ -122.703018, 45.505569 ], [ -122.702734, 45.505499 ], [ -122.702456, 45.505442 ], [ -122.702208, 45.50541 ], [ -122.70157, 45.505359 ], [ -122.701347, 45.505336 ], [ -122.70113, 45.505332 ], [ -122.700982, 45.505345 ], [ -122.700851, 45.505465 ], [ -122.700587, 45.506044 ], [ -122.700462, 45.506172 ], [ -122.700309, 45.50623 ], [ -122.700149, 45.506247 ], [ -122.699939, 45.506241 ], [ -122.699374, 45.506016 ], [ -122.699022, 45.505925 ], [ -122.698217, 45.505831 ], [ -122.697574, 45.505771 ], [ -122.697435, 45.505768 ], [ -122.697337, 45.50578 ], [ -122.697264, 45.505798 ], [ -122.697279, 45.505874 ], [ -122.697273, 45.505925 ], [ -122.697259, 45.50598 ], [ -122.697164, 45.506265 ], [ -122.697127, 45.506339 ], [ -122.697075, 45.506415 ], [ -122.697019, 45.506484 ], [ -122.696955, 45.506549 ], [ -122.696883, 45.506609 ], [ -122.696799, 45.506663 ], [ -122.69671, 45.506711 ], [ -122.696618, 45.506754 ], [ -122.696517, 45.506789 ], [ -122.696412, 45.506817 ], [ -122.696303, 45.506836 ], [ -122.69619, 45.506848 ], [ -122.696089, 45.506854 ], [ -122.696102, 45.506979 ], [ -122.695757, 45.507628 ], [ -122.695364, 45.508299 ], [ -122.695002, 45.508966 ], [ -122.694641, 45.509632 ], [ -122.694281, 45.510299 ], [ -122.69392, 45.510965 ], [ -122.69356, 45.511632 ], [ -122.692565, 45.511372 ], [ -122.692341, 45.511335 ], [ -122.692192, 45.511318 ], [ -122.692021, 45.51131 ], [ -122.691611, 45.511308 ], [ -122.691532, 45.511303 ], [ -122.691471, 45.511282 ], [ -122.691406, 45.511236 ], [ -122.691374, 45.511165 ], [ -122.691372, 45.511113 ], [ -122.691405, 45.511062 ], [ -122.691708, 45.510876 ], [ -122.691772, 45.510823 ], [ -122.691827, 45.510765 ], [ -122.69187, 45.510703 ], [ -122.691917, 45.510594 ], [ -122.6919, 45.510523 ], [ -122.691882, 45.510474 ], [ -122.691795, 45.510441 ], [ -122.690982, 45.510436 ], [ -122.690897, 45.510423 ], [ -122.690839, 45.510394 ], [ -122.6908, 45.510358 ], [ -122.690772, 45.510225 ], [ -122.690733, 45.510187 ], [ -122.690662, 45.510149 ], [ -122.690543, 45.510145 ], [ -122.690086, 45.510228 ], [ -122.689927, 45.510243 ], [ -122.689809, 45.510237 ], [ -122.689733, 45.510221 ], [ -122.689602, 45.510188 ], [ -122.689516, 45.510142 ], [ -122.689408, 45.510058 ], [ -122.689322, 45.509975 ], [ -122.688891, 45.50956 ], [ -122.68881, 45.509477 ], [ -122.688781, 45.5094 ], [ -122.688773, 45.509321 ], [ -122.688775, 45.509243 ], [ -122.688833, 45.509142 ], [ -122.688909, 45.50906 ], [ -122.688947, 45.508999 ], [ -122.688954, 45.508965 ], [ -122.68895, 45.508937 ], [ -122.688928, 45.508908 ], [ -122.688889, 45.508876 ], [ -122.688826, 45.508841 ], [ -122.688736, 45.508838 ], [ -122.688619, 45.508846 ], [ -122.68853, 45.508876 ], [ -122.688478, 45.508904 ], [ -122.688417, 45.508954 ], [ -122.688391, 45.508996 ], [ -122.68837, 45.509045 ], [ -122.688366, 45.509107 ], [ -122.688379, 45.509157 ], [ -122.688819, 45.510238 ], [ -122.689322, 45.510956 ], [ -122.689348, 45.51107 ], [ -122.689247, 45.511256 ], [ -122.689084, 45.511567 ], [ -122.68901, 45.511679 ], [ -122.688908, 45.511858 ], [ -122.688538, 45.511306 ], [ -122.688239, 45.51092 ], [ -122.687963, 45.510606 ], [ -122.687698, 45.510336 ], [ -122.687529, 45.510169 ], [ -122.687414, 45.510061 ], [ -122.687284, 45.509938 ], [ -122.687113, 45.509801 ], [ -122.686485, 45.509299 ], [ -122.685666, 45.508781 ], [ -122.685611, 45.508746 ], [ -122.685459, 45.50865 ], [ -122.685281, 45.508522 ], [ -122.685138, 45.508424 ], [ -122.684735, 45.508166 ], [ -122.684406, 45.507966 ], [ -122.684198, 45.507799 ], [ -122.684103, 45.507738 ], [ -122.68376, 45.507517 ], [ -122.683566, 45.507399 ], [ -122.683012, 45.507061 ], [ -122.681987, 45.506422 ], [ -122.682001, 45.506186 ], [ -122.682014, 45.505867 ], [ -122.682017, 45.505125 ], [ -122.682525, 45.505181 ], [ -122.683184, 45.505187 ], [ -122.684343, 45.505214 ], [ -122.684254, 45.505124 ], [ -122.68427, 45.504521 ], [ -122.684317, 45.504381 ], [ -122.684412, 45.504248 ], [ -122.68456, 45.504131 ], [ -122.68625, 45.503219 ], [ -122.686421, 45.503142 ], [ -122.686576, 45.503083 ], [ -122.686937, 45.502989 ], [ -122.687158, 45.502939 ], [ -122.687421, 45.502879 ], [ -122.687426, 45.502797 ], [ -122.687439, 45.502696 ], [ -122.687414, 45.50261 ], [ -122.687305, 45.502507 ], [ -122.68712, 45.502453 ], [ -122.686844, 45.502405 ], [ -122.686577, 45.502406 ], [ -122.686332, 45.502439 ], [ -122.685906, 45.50251 ], [ -122.685447, 45.502614 ], [ -122.684683, 45.502869 ], [ -122.684356, 45.502937 ], [ -122.684131, 45.502951 ], [ -122.68392, 45.502921 ], [ -122.683763, 45.502876 ], [ -122.683635, 45.502821 ], [ -122.683504, 45.502709 ], [ -122.683281, 45.502295 ], [ -122.682296, 45.500469 ], [ -122.682265, 45.500333 ], [ -122.682254, 45.500247 ], [ -122.682253, 45.500157 ], [ -122.682268, 45.500083 ], [ -122.6823, 45.500013 ], [ -122.682351, 45.499922 ], [ -122.682429, 45.499825 ], [ -122.682617, 45.499631 ], [ -122.682687, 45.49952 ], [ -122.682702, 45.499448 ], [ -122.682697, 45.49938 ], [ -122.682659, 45.499295 ], [ -122.682566, 45.499218 ], [ -122.682456, 45.499163 ], [ -122.682336, 45.499131 ], [ -122.682167, 45.499094 ], [ -122.682117, 45.499083 ], [ -122.681876, 45.499038 ], [ -122.681672, 45.498981 ], [ -122.681586, 45.498938 ], [ -122.681505, 45.498879 ], [ -122.681399, 45.498789 ], [ -122.681314, 45.498699 ], [ -122.681189, 45.498488 ], [ -122.680413, 45.497113 ], [ -122.680391, 45.496966 ], [ -122.680379, 45.496778 ], [ -122.680392, 45.496656 ], [ -122.680413, 45.496569 ], [ -122.680448, 45.496462 ], [ -122.680489, 45.496374 ], [ -122.680611, 45.496191 ], [ -122.680689, 45.4961 ], [ -122.680773, 45.496029 ], [ -122.680943, 45.495914 ], [ -122.681194, 45.495801 ], [ -122.682046, 45.495483 ], [ -122.682201, 45.495401 ], [ -122.682323, 45.495314 ], [ -122.682379, 45.495249 ], [ -122.682445, 45.495115 ], [ -122.68246, 45.494979 ], [ -122.682454, 45.494887 ], [ -122.682429, 45.494778 ], [ -122.682365, 45.494672 ], [ -122.682227, 45.494561 ], [ -122.682057, 45.494448 ], [ -122.681838, 45.494316 ], [ -122.68166, 45.494192 ], [ -122.681609, 45.494139 ], [ -122.681543, 45.49407 ], [ -122.681455, 45.493944 ], [ -122.681413, 45.493838 ], [ -122.681349, 45.493702 ], [ -122.681313, 45.493564 ], [ -122.681304, 45.493493 ], [ -122.681284, 45.493172 ], [ -122.681375, 45.492508 ], [ -122.681441, 45.492393 ], [ -122.681556, 45.492186 ], [ -122.68167, 45.492066 ], [ -122.681823, 45.491932 ], [ -122.682022, 45.4918 ], [ -122.682284, 45.491683 ], [ -122.682471, 45.491607 ], [ -122.682804, 45.491521 ], [ -122.683006, 45.491476 ], [ -122.683263, 45.491442 ], [ -122.683488, 45.491445 ], [ -122.68376, 45.491467 ], [ -122.683897, 45.491484 ], [ -122.68401, 45.491506 ], [ -122.684143, 45.491546 ], [ -122.684297, 45.491598 ], [ -122.68462, 45.491712 ], [ -122.685268, 45.491876 ], [ -122.685473, 45.491924 ], [ -122.685703, 45.491963 ], [ -122.68594, 45.491992 ], [ -122.686112, 45.492004 ], [ -122.686255, 45.492009 ], [ -122.686416, 45.492 ], [ -122.686587, 45.491984 ], [ -122.686614, 45.491978 ], [ -122.686645, 45.4921 ], [ -122.686663, 45.492199 ], [ -122.686703, 45.492424 ], [ -122.686754, 45.492729 ], [ -122.686801, 45.493011 ], [ -122.687015, 45.493391 ], [ -122.68761, 45.493762 ], [ -122.68848, 45.494226 ], [ -122.689571, 45.494736 ], [ -122.690267, 45.495127 ], [ -122.690469, 45.495309 ], [ -122.690894, 45.49569 ], [ -122.691489, 45.495919 ], [ -122.692332, 45.49599 ], [ -122.693049, 45.496111 ], [ -122.694111, 45.496148 ], [ -122.695236, 45.496068 ], [ -122.696395, 45.49574 ], [ -122.697297, 45.495389 ], [ -122.697234, 45.495791 ], [ -122.697337, 45.49572 ], [ -122.697522, 45.495657 ], [ -122.698003, 45.495377 ], [ -122.69802, 45.495223 ], [ -122.697995, 45.495155 ], [ -122.697941, 45.495108 ], [ -122.697805, 45.495081 ], [ -122.697577, 45.495076 ], [ -122.697364, 45.495083 ], [ -122.69718, 45.495066 ], [ -122.697013, 45.49504 ], [ -122.696881, 45.494988 ], [ -122.696834, 45.494942 ], [ -122.696824, 45.494888 ], [ -122.696839, 45.494832 ], [ -122.696926, 45.494705 ], [ -122.69725, 45.494019 ], [ -122.697388, 45.493728 ], [ -122.697188, 45.493583 ], [ -122.696963, 45.493509 ], [ -122.696677, 45.493569 ], [ -122.696339, 45.493732 ], [ -122.696141, 45.493767 ], [ -122.695962, 45.493731 ], [ -122.695847, 45.493624 ], [ -122.695841, 45.493468 ], [ -122.696293, 45.492797 ], [ -122.696545, 45.492459 ], [ -122.696569, 45.49237 ], [ -122.696539, 45.492279 ], [ -122.696508, 45.492209 ], [ -122.696445, 45.492156 ], [ -122.695946, 45.491893 ], [ -122.695721, 45.491803 ], [ -122.695507, 45.491729 ], [ -122.695437, 45.49168 ], [ -122.69539, 45.491568 ], [ -122.695398, 45.491497 ], [ -122.695612, 45.491152 ], [ -122.695626, 45.491079 ], [ -122.6956, 45.491006 ], [ -122.695489, 45.490905 ], [ -122.695394, 45.490818 ], [ -122.695267, 45.490688 ], [ -122.69525, 45.490547 ], [ -122.695279, 45.490414 ], [ -122.695395, 45.490264 ], [ -122.695656, 45.490126 ], [ -122.695706, 45.489977 ], [ -122.695635, 45.489869 ], [ -122.694786, 45.48944 ], [ -122.694681, 45.489325 ], [ -122.694642, 45.489161 ], [ -122.694635, 45.488982 ], [ -122.694618, 45.488818 ], [ -122.694543, 45.488704 ], [ -122.694327, 45.48854 ], [ -122.693964, 45.48837 ], [ -122.693721, 45.488214 ], [ -122.693666, 45.488169 ], [ -122.693617, 45.488118 ], [ -122.693575, 45.488062 ], [ -122.69354, 45.488002 ], [ -122.693513, 45.487937 ], [ -122.693483, 45.487799 ], [ -122.693481, 45.487727 ], [ -122.693488, 45.487653 ], [ -122.693504, 45.48758 ], [ -122.693545, 45.487524 ], [ -122.693593, 45.487454 ], [ -122.693654, 45.487397 ], [ -122.693696, 45.487367 ], [ -122.693754, 45.487333 ], [ -122.69385, 45.487287 ], [ -122.69397, 45.487248 ], [ -122.694076, 45.487233 ], [ -122.694176, 45.487235 ], [ -122.694333, 45.487254 ], [ -122.694535, 45.487313 ], [ -122.69493, 45.487457 ], [ -122.695887, 45.487763 ], [ -122.696092, 45.487843 ], [ -122.696383, 45.487957 ], [ -122.696571, 45.48807 ], [ -122.696782, 45.488189 ], [ -122.697139, 45.488415 ], [ -122.697303, 45.488559 ], [ -122.69741, 45.4887 ], [ -122.697517, 45.488828 ], [ -122.697647, 45.488903 ], [ -122.697788, 45.488944 ], [ -122.698168, 45.489092 ], [ -122.698276, 45.489269 ], [ -122.698353, 45.489532 ], [ -122.69842, 45.489634 ], [ -122.698537, 45.4897 ], [ -122.698874, 45.489818 ], [ -122.699107, 45.489864 ], [ -122.699288, 45.489939 ], [ -122.699386, 45.490028 ], [ -122.699467, 45.49013 ], [ -122.699503, 45.490255 ], [ -122.699526, 45.490393 ], [ -122.699519, 45.490497 ], [ -122.699541, 45.490583 ], [ -122.699603, 45.490694 ], [ -122.699676, 45.490801 ], [ -122.699847, 45.490996 ], [ -122.699919, 45.491061 ], [ -122.699999, 45.4911 ], [ -122.700146, 45.491145 ], [ -122.700386, 45.491193 ], [ -122.70054, 45.49125 ], [ -122.700626, 45.491318 ], [ -122.700684, 45.491392 ], [ -122.700706, 45.49148 ], [ -122.700701, 45.491578 ], [ -122.700572, 45.491975 ], [ -122.700562, 45.492094 ], [ -122.700571, 45.492124 ], [ -122.700588, 45.492185 ], [ -122.700632, 45.492257 ], [ -122.700699, 45.492319 ], [ -122.700789, 45.492377 ], [ -122.700786, 45.492451 ], [ -122.701111, 45.492437 ], [ -122.701333, 45.492367 ], [ -122.701898, 45.49222 ], [ -122.702052, 45.492194 ], [ -122.702217, 45.492181 ], [ -122.702393, 45.492194 ], [ -122.702542, 45.49221 ], [ -122.702695, 45.492259 ], [ -122.702825, 45.492306 ], [ -122.702951, 45.49236 ], [ -122.703035, 45.49241 ], [ -122.703124, 45.492481 ], [ -122.703234, 45.492591 ], [ -122.703337, 45.492712 ], [ -122.70343, 45.492839 ], [ -122.703477, 45.492895 ], [ -122.7035, 45.492956 ], [ -122.70351, 45.493033 ], [ -122.703477, 45.493255 ], [ -122.703437, 45.493449 ], [ -122.703425, 45.493548 ], [ -122.703439, 45.493648 ], [ -122.703483, 45.4937 ], [ -122.70354, 45.493739 ], [ -122.703613, 45.493769 ], [ -122.703703, 45.493786 ], [ -122.704046, 45.493792 ], [ -122.704206, 45.493818 ], [ -122.704246, 45.493833 ], [ -122.704303, 45.493873 ], [ -122.70435, 45.493933 ], [ -122.704387, 45.494012 ], [ -122.704386, 45.494115 ], [ -122.704361, 45.494212 ], [ -122.70432, 45.494321 ], [ -122.704299, 45.494393 ], [ -122.704289, 45.494461 ], [ -122.704296, 45.49452 ], [ -122.704322, 45.494571 ], [ -122.704372, 45.494637 ], [ -122.70445, 45.494686 ], [ -122.704556, 45.494733 ], [ -122.704608, 45.494742 ], [ -122.704682, 45.494748 ], [ -122.704764, 45.494748 ], [ -122.704859, 45.494737 ], [ -122.705165, 45.494648 ], [ -122.705378, 45.494602 ], [ -122.705575, 45.494575 ], [ -122.705773, 45.494563 ], [ -122.705973, 45.494557 ], [ -122.706417, 45.494595 ], [ -122.706532, 45.494626 ], [ -122.706618, 45.494662 ], [ -122.706656, 45.494691 ], [ -122.706679, 45.494719 ], [ -122.706705, 45.494768 ], [ -122.706731, 45.494849 ], [ -122.706796, 45.494831 ], [ -122.706857, 45.494802 ], [ -122.706906, 45.494756 ], [ -122.706961, 45.494694 ], [ -122.706979, 45.494643 ], [ -122.706977, 45.494592 ], [ -122.706935, 45.494531 ], [ -122.706896, 45.494494 ], [ -122.706815, 45.494447 ], [ -122.706161, 45.494198 ], [ -122.705896, 45.494131 ], [ -122.705746, 45.494118 ], [ -122.705672, 45.494119 ], [ -122.705228, 45.494165 ], [ -122.705174, 45.494162 ], [ -122.705132, 45.494143 ], [ -122.705102, 45.494109 ], [ -122.705092, 45.494068 ], [ -122.705119, 45.494025 ], [ -122.705209, 45.493933 ], [ -122.705242, 45.493884 ], [ -122.70527, 45.4938 ], [ -122.705311, 45.493617 ], [ -122.70551, 45.492861 ], [ -122.705511, 45.492773 ], [ -122.7055, 45.492687 ], [ -122.705458, 45.492565 ], [ -122.705352, 45.492397 ], [ -122.705202, 45.492223 ], [ -122.705065, 45.492078 ], [ -122.704898, 45.491937 ], [ -122.704788, 45.491855 ], [ -122.704493, 45.491653 ], [ -122.704266, 45.491537 ], [ -122.703976, 45.491414 ], [ -122.703744, 45.491329 ], [ -122.703276, 45.491202 ], [ -122.703047, 45.491163 ], [ -122.702613, 45.49116 ], [ -122.702594, 45.491105 ], [ -122.70259, 45.490574 ], [ -122.702653, 45.490516 ], [ -122.702882, 45.490514 ], [ -122.703106, 45.490513 ], [ -122.703752, 45.49049 ], [ -122.705192, 45.490502 ], [ -122.705357, 45.490507 ], [ -122.705494, 45.490532 ], [ -122.706472, 45.490544 ], [ -122.708064, 45.490568 ], [ -122.709235, 45.490569 ], [ -122.710339, 45.490586 ], [ -122.710337, 45.491432 ], [ -122.710356, 45.491546 ], [ -122.710389, 45.491636 ], [ -122.710444, 45.491699 ], [ -122.710556, 45.49185 ], [ -122.710651, 45.491959 ], [ -122.710738, 45.492081 ], [ -122.710781, 45.492197 ], [ -122.710785, 45.492299 ], [ -122.710769, 45.492426 ], [ -122.710727, 45.492536 ], [ -122.710657, 45.492662 ], [ -122.710623, 45.492746 ], [ -122.710621, 45.492817 ], [ -122.710639, 45.492885 ], [ -122.710673, 45.492949 ], [ -122.710727, 45.493007 ], [ -122.710797, 45.493056 ], [ -122.710879, 45.493094 ], [ -122.711121, 45.493159 ], [ -122.711215, 45.493191 ], [ -122.711304, 45.493228 ], [ -122.711386, 45.49327 ], [ -122.711464, 45.493318 ], [ -122.711537, 45.493371 ], [ -122.711603, 45.493428 ], [ -122.711661, 45.493489 ], [ -122.711712, 45.493554 ], [ -122.711755, 45.493622 ], [ -122.711791, 45.493699 ], [ -122.711955, 45.494098 ], [ -122.712037, 45.494476 ], [ -122.712141, 45.495013 ], [ -122.712148, 45.495171 ], [ -122.712132, 45.495283 ], [ -122.712088, 45.495421 ], [ -122.712012, 45.495556 ], [ -122.71192, 45.495668 ], [ -122.711804, 45.495778 ], [ -122.71173, 45.495837 ], [ -122.711664, 45.495902 ], [ -122.711625, 45.495964 ], [ -122.711595, 45.49605 ], [ -122.711595, 45.496145 ], [ -122.711611, 45.496211 ], [ -122.711656, 45.496279 ], [ -122.712211, 45.497006 ], [ -122.712918, 45.49779 ], [ -122.712998, 45.497917 ], [ -122.713023, 45.498 ], [ -122.713027, 45.498098 ], [ -122.712993, 45.498206 ], [ -122.712893, 45.498418 ], [ -122.712273, 45.499754 ], [ -122.712239, 45.499852 ], [ -122.712234, 45.499947 ], [ -122.712252, 45.500346 ], [ -122.712268, 45.500434 ], [ -122.712293, 45.500507 ], [ -122.712325, 45.500561 ], [ -122.712635, 45.500906 ], [ -122.712702, 45.50103 ], [ -122.712888, 45.501488 ], [ -122.712931, 45.501564 ], [ -122.712989, 45.501614 ], [ -122.713106, 45.501664 ], [ -122.713437, 45.501769 ], [ -122.713522, 45.501813 ], [ -122.713606, 45.50187 ] ] ] } },
{ "type": "Feature", "properties": { "GEOID": "41051009903", "NAMELSAD": "Census Tract 99.03", "area_sqmi": 2.8279877038768531, "total_bike_miles": 0.0, "num_segments": 0, "bike_density": 0.0, "total_pop": 8722, "pop_white": 6791, "pop_black": 68, "pop_asian": 841, "pop_hispanic": 0, "pct_white": 77.9, "pct_nonwhite": 22.1, "pct_black": 0.8, "pct_asian": 9.6, "pct_hispanic": 0.0, "median_income": 128059.0 }, "geometry": { "type": "Polygon", "coordinates": [ [ [ -122.494366, 45.47402 ], [ -122.493955, 45.474602 ], [ -122.49323, 45.475626 ], [ -122.492956, 45.475947 ], [ -122.492882, 45.476034 ], [ -122.492578, 45.47633 ], [ -122.492396, 45.476489 ], [ -122.491463, 45.477212 ], [ -122.49098, 45.477586 ], [ -122.490309, 45.478106 ], [ -122.489794, 45.478699 ], [ -122.48965, 45.478857 ], [ -122.489429, 45.479099 ], [ -122.489369, 45.479164 ], [ -122.489218, 45.479331 ], [ -122.489084, 45.479564 ], [ -122.488389, 45.480778 ], [ -122.488259, 45.481005 ], [ -122.488202, 45.481132 ], [ -122.488115, 45.481363 ], [ -122.488065, 45.481525 ], [ -122.487935, 45.481944 ], [ -122.487873, 45.482043 ], [ -122.487802, 45.482117 ], [ -122.487213, 45.482571 ], [ -122.485351, 45.484071 ], [ -122.485287, 45.484132 ], [ -122.485236, 45.484198 ], [ -122.485221, 45.484231 ], [ -122.485199, 45.484269 ], [ -122.485176, 45.484342 ], [ -122.485167, 45.484417 ], [ -122.485173, 45.484492 ], [ -122.48517, 45.484656 ], [ -122.48516, 45.485466 ], [ -122.481574, 45.48609 ], [ -122.480748, 45.486251 ], [ -122.480721, 45.486257 ], [ -122.480126, 45.486372 ], [ -122.478796, 45.486628 ], [ -122.478715, 45.486644 ], [ -122.478685, 45.48665 ], [ -122.475473, 45.487269 ], [ -122.475433, 45.487109 ], [ -122.475424, 45.48709 ], [ -122.475414, 45.487067 ], [ -122.475405, 45.487046 ], [ -122.475381, 45.486993 ], [ -122.475246, 45.48678 ], [ -122.475104, 45.486611 ], [ -122.47496, 45.486477 ], [ -122.474713, 45.486312 ], [ -122.474541, 45.486216 ], [ -122.474352, 45.486133 ], [ -122.473431, 45.485817 ], [ -122.472928, 45.485645 ], [ -122.472282, 45.485442 ], [ -122.471975, 45.485341 ], [ -122.471685, 45.485246 ], [ -122.470834, 45.484919 ], [ -122.470071, 45.484596 ], [ -122.469549, 45.48427 ], [ -122.469335, 45.484136 ], [ -122.469585, 45.483878 ], [ -122.469645, 45.483795 ], [ -122.469687, 45.4837 ], [ -122.469721, 45.483584 ], [ -122.469732, 45.483477 ], [ -122.469739, 45.481937 ], [ -122.469698, 45.48094 ], [ -122.469678, 45.480788 ], [ -122.469626, 45.480637 ], [ -122.469589, 45.480563 ], [ -122.469521, 45.480463 ], [ -122.46945, 45.48039 ], [ -122.469358, 45.480308 ], [ -122.46927, 45.480243 ], [ -122.469166, 45.48018 ], [ -122.468929, 45.480064 ], [ -122.468772, 45.480006 ], [ -122.468676, 45.479985 ], [ -122.46858, 45.47997 ], [ -122.468314, 45.47994 ], [ -122.468248, 45.47994 ], [ -122.467518, 45.479938 ], [ -122.466779, 45.479952 ], [ -122.465605, 45.479947 ], [ -122.464197, 45.479946 ], [ -122.463831, 45.479947 ], [ -122.463057, 45.47994 ], [ -122.461817, 45.479938 ], [ -122.461811, 45.480291 ], [ -122.461825, 45.480387 ], [ -122.46185, 45.480462 ], [ -122.461886, 45.480535 ], [ -122.461995, 45.480677 ], [ -122.462114, 45.480779 ], [ -122.462355, 45.48101 ], [ -122.46242, 45.481166 ], [ -122.462455, 45.481325 ], [ -122.462446, 45.481701 ], [ -122.462449, 45.482094 ], [ -122.462487, 45.482243 ], [ -122.462586, 45.48247 ], [ -122.462649, 45.482581 ], [ -122.46272, 45.482687 ], [ -122.462794, 45.482781 ], [ -122.462836, 45.482827 ], [ -122.462888, 45.48287 ], [ -122.462944, 45.482924 ], [ -122.462977, 45.482966 ], [ -122.463026, 45.483062 ], [ -122.463022, 45.483171 ], [ -122.462992, 45.483277 ], [ -122.462843, 45.483605 ], [ -122.462667, 45.483571 ], [ -122.462532, 45.483551 ], [ -122.462387, 45.483536 ], [ -122.462239, 45.483529 ], [ -122.462034, 45.483543 ], [ -122.461304, 45.483634 ], [ -122.460639, 45.483717 ], [ -122.459969, 45.483801 ], [ -122.459856, 45.483809 ], [ -122.459734, 45.4838 ], [ -122.459608, 45.483772 ], [ -122.459498, 45.483737 ], [ -122.459335, 45.48367 ], [ -122.45926, 45.483627 ], [ -122.458891, 45.483234 ], [ -122.458774, 45.483155 ], [ -122.458581, 45.483069 ], [ -122.458361, 45.482958 ], [ -122.458249, 45.482891 ], [ -122.458123, 45.482807 ], [ -122.458053, 45.482742 ], [ -122.457987, 45.482641 ], [ -122.45741, 45.481742 ], [ -122.457353, 45.481685 ], [ -122.457289, 45.48163 ], [ -122.457218, 45.481579 ], [ -122.457144, 45.481533 ], [ -122.457039, 45.481483 ], [ -122.456855, 45.481416 ], [ -122.456661, 45.481367 ], [ -122.456335, 45.481319 ], [ -122.456193, 45.481314 ], [ -122.45491, 45.481316 ], [ -122.45486, 45.481316 ], [ -122.454664, 45.481323 ], [ -122.454282, 45.481336 ], [ -122.454169, 45.481332 ], [ -122.454055, 45.481322 ], [ -122.453944, 45.481304 ], [ -122.453834, 45.48128 ], [ -122.453727, 45.481249 ], [ -122.453627, 45.481212 ], [ -122.453563, 45.481183 ], [ -122.45353, 45.481168 ], [ -122.453343, 45.481071 ], [ -122.453246, 45.481037 ], [ -122.453148, 45.481009 ], [ -122.453048, 45.480988 ], [ -122.452944, 45.480973 ], [ -122.452838, 45.480964 ], [ -122.452728, 45.480963 ], [ -122.452571, 45.480973 ], [ -122.451026, 45.480978 ], [ -122.448347, 45.480962 ], [ -122.448304, 45.480248 ], [ -122.448321, 45.479665 ], [ -122.448333, 45.479439 ], [ -122.448323, 45.478966 ], [ -122.448298, 45.47797 ], [ -122.448293, 45.477685 ], [ -122.448265, 45.477274 ], [ -122.448325, 45.476984 ], [ -122.448284, 45.47499 ], [ -122.448308, 45.473869 ], [ -122.448265, 45.473671 ], [ -122.448278, 45.473405 ], [ -122.448251, 45.471368 ], [ -122.448234, 45.470126 ], [ -122.449829, 45.470434 ], [ -122.450136, 45.470481 ], [ -122.450446, 45.470518 ], [ -122.45076, 45.470543 ], [ -122.451045, 45.470557 ], [ -122.451326, 45.470576 ], [ -122.451777, 45.470606 ], [ -122.453524, 45.470724 ], [ -122.453626, 45.470734 ], [ -122.453728, 45.470737 ], [ -122.453831, 45.470733 ], [ -122.453932, 45.47072 ], [ -122.454031, 45.470701 ], [ -122.454128, 45.470675 ], [ -122.454218, 45.470641 ], [ -122.454303, 45.470601 ], [ -122.454383, 45.470555 ], [ -122.454453, 45.470504 ], [ -122.454517, 45.470448 ], [ -122.454572, 45.470387 ], [ -122.454616, 45.470323 ], [ -122.454653, 45.470255 ], [ -122.454677, 45.470185 ], [ -122.454694, 45.470106 ], [ -122.454651, 45.468672 ], [ -122.454642, 45.468489 ], [ -122.454614, 45.467872 ], [ -122.454619, 45.467521 ], [ -122.454627, 45.467031 ], [ -122.45463, 45.466863 ], [ -122.454635, 45.466693 ], [ -122.454636, 45.466667 ], [ -122.454591, 45.466459 ], [ -122.454476, 45.466372 ], [ -122.454357, 45.466281 ], [ -122.452954, 45.465213 ], [ -122.452341, 45.464798 ], [ -122.452038, 45.464385 ], [ -122.451788, 45.463908 ], [ -122.451731, 45.463718 ], [ -122.451686, 45.463567 ], [ -122.451608, 45.463403 ], [ -122.450578, 45.462799 ], [ -122.450322, 45.462677 ], [ -122.449588, 45.462367 ], [ -122.449524, 45.462299 ], [ -122.448778, 45.461505 ], [ -122.448148, 45.461134 ], [ -122.447993, 45.461075 ], [ -122.447889, 45.460997 ], [ -122.447789, 45.460974 ], [ -122.448153, 45.460962 ], [ -122.448264, 45.460962 ], [ -122.448419, 45.460962 ], [ -122.448637, 45.460965 ], [ -122.450068, 45.460961 ], [ -122.45172, 45.460964 ], [ -122.452763, 45.460951 ], [ -122.453357, 45.46095 ], [ -122.45466, 45.460941 ], [ -122.459681, 45.461016 ], [ -122.463902, 45.461083 ], [ -122.464283, 45.461098 ], [ -122.465765, 45.461102 ], [ -122.466028, 45.461103 ], [ -122.466264, 45.461112 ], [ -122.466639, 45.461127 ], [ -122.466752, 45.461128 ], [ -122.468001, 45.461135 ], [ -122.468136, 45.461136 ], [ -122.468626, 45.461142 ], [ -122.469599, 45.461154 ], [ -122.469798, 45.461154 ], [ -122.46992, 45.461154 ], [ -122.469969, 45.461154 ], [ -122.470244, 45.461155 ], [ -122.470429, 45.461157 ], [ -122.470816, 45.461159 ], [ -122.47253, 45.461173 ], [ -122.47276, 45.461179 ], [ -122.473074, 45.461187 ], [ -122.474558, 45.461184 ], [ -122.47555, 45.461183 ], [ -122.479942, 45.461176 ], [ -122.480115, 45.462429 ], [ -122.48013, 45.462612 ], [ -122.480174, 45.462793 ], [ -122.480206, 45.462883 ], [ -122.48029, 45.46306 ], [ -122.48034, 45.463145 ], [ -122.48046, 45.463313 ], [ -122.480854, 45.463905 ], [ -122.48145, 45.464829 ], [ -122.481577, 45.464958 ], [ -122.481638, 45.465014 ], [ -122.481711, 45.465061 ], [ -122.481779, 45.465104 ], [ -122.482978, 45.465597 ], [ -122.484648, 45.466283 ], [ -122.485796, 45.466779 ], [ -122.486037, 45.46692 ], [ -122.486207, 45.467031 ], [ -122.48722, 45.467768 ], [ -122.487317, 45.467845 ], [ -122.487642, 45.468104 ], [ -122.487869, 45.468274 ], [ -122.488331, 45.468607 ], [ -122.488564, 45.468772 ], [ -122.48904, 45.469094 ], [ -122.489284, 45.46925 ], [ -122.492423, 45.47115 ], [ -122.492599, 45.471263 ], [ -122.492731, 45.471358 ], [ -122.492841, 45.471505 ], [ -122.492909, 45.471647 ], [ -122.493175, 45.472442 ], [ -122.493406, 45.473133 ], [ -122.493501, 45.473377 ], [ -122.493581, 45.473501 ], [ -122.493663, 45.473588 ], [ -122.493834, 45.473722 ], [ -122.494081, 45.473834 ], [ -122.49412, 45.473852 ], [ -122.494404, 45.473943 ], [ -122.494366, 45.47402 ] ] ] } },
{ "type": "Feature", "properties": { "GEOID": "41051009202", "NAMELSAD": "Census Tract 92.02", "area_sqmi": 0.62829012839950671, "total_bike_miles": 2.747, "num_segments": 33, "bike_density": 4.37, "total_pop": 5771, "pop_white": 3659, "pop_black": 504, "pop_asian": 471, "pop_hispanic": 0, "pct_white": 63.4, "pct_nonwhite": 36.6, "pct_black": 8.7, "pct_asian": 8.2, "pct_hispanic": 0.0, "median_income": 42616.0 }, "geometry": { "type": "Polygon", "coordinates": [ [ [ -122.521033, 45.518988 ], [ -122.521021, 45.519103 ], [ -122.521002, 45.519212 ], [ -122.520997, 45.519988 ], [ -122.52099, 45.520223 ], [ -122.520972, 45.52089 ], [ -122.520953, 45.522278 ], [ -122.520952, 45.52236 ], [ -122.520952, 45.52238 ], [ -122.52095, 45.522458 ], [ -122.519659, 45.52245 ], [ -122.519248, 45.522447 ], [ -122.518378, 45.522435 ], [ -122.517987, 45.522432 ], [ -122.516909, 45.522424 ], [ -122.515795, 45.522415 ], [ -122.514765, 45.522405 ], [ -122.513221, 45.522392 ], [ -122.512148, 45.522354 ], [ -122.510653, 45.522303 ], [ -122.510654, 45.522246 ], [ -122.510654, 45.522208 ], [ -122.510655, 45.522168 ], [ -122.510656, 45.522111 ], [ -122.510656, 45.522088 ], [ -122.510656, 45.522061 ], [ -122.510656, 45.522022 ], [ -122.510657, 45.521967 ], [ -122.51066, 45.521747 ], [ -122.510665, 45.521355 ], [ -122.510693, 45.519156 ], [ -122.510711, 45.518288 ], [ -122.510727, 45.51757 ], [ -122.510752, 45.516378 ], [ -122.510713, 45.514942 ], [ -122.510715, 45.513831 ], [ -122.51072, 45.513046 ], [ -122.510722, 45.512769 ], [ -122.510725, 45.512403 ], [ -122.510728, 45.512033 ], [ -122.510729, 45.510216 ], [ -122.510723, 45.510106 ], [ -122.510731, 45.509509 ], [ -122.510748, 45.508106 ], [ -122.510758, 45.507693 ], [ -122.510771, 45.507397 ], [ -122.510779, 45.507228 ], [ -122.510775, 45.50695 ], [ -122.510783, 45.506497 ], [ -122.510804, 45.505107 ], [ -122.510782, 45.504784 ], [ -122.51077, 45.504689 ], [ -122.51075, 45.504595 ], [ -122.510721, 45.504501 ], [ -122.510684, 45.50441 ], [ -122.510597, 45.504222 ], [ -122.511071, 45.504216 ], [ -122.513137, 45.50419 ], [ -122.513302, 45.504188 ], [ -122.513886, 45.504189 ], [ -122.515278, 45.50417 ], [ -122.515612, 45.504166 ], [ -122.515733, 45.504163 ], [ -122.515994, 45.504157 ], [ -122.516838, 45.504139 ], [ -122.517024, 45.504135 ], [ -122.517268, 45.504129 ], [ -122.518477, 45.504116 ], [ -122.518923, 45.504106 ], [ -122.520681, 45.504093 ], [ -122.520957, 45.504091 ], [ -122.520959, 45.504311 ], [ -122.520962, 45.504756 ], [ -122.520964, 45.504979 ], [ -122.520968, 45.50553 ], [ -122.520971, 45.505768 ], [ -122.520972, 45.506339 ], [ -122.520975, 45.507196 ], [ -122.520979, 45.507864 ], [ -122.520981, 45.508156 ], [ -122.520993, 45.510237 ], [ -122.520984, 45.511739 ], [ -122.521014, 45.513863 ], [ -122.521024, 45.515667 ], [ -122.521033, 45.518988 ] ] ] } },
{ "type": "Feature", "properties": { "GEOID": "41051001400", "NAMELSAD": "Census Tract 14", "area_sqmi": 0.46923692259174798, "total_bike_miles": 2.238, "num_segments": 46, "bike_density": 4.77, "total_pop": 5734, "pop_white": 4408, "pop_black": 124, "pop_asian": 99, "pop_hispanic": 0, "pct_white": 76.9, "pct_nonwhite": 23.1, "pct_black": 2.2, "pct_asian": 1.7, "pct_hispanic": 0.0, "median_income": 99041.0 }, "geometry": { "type": "Polygon", "coordinates": [ [ [ -122.623007, 45.519293 ], [ -122.621758, 45.519294 ], [ -122.620494, 45.519294 ], [ -122.620042, 45.519292 ], [ -122.619529, 45.519286 ], [ -122.617802, 45.519282 ], [ -122.617798, 45.518596 ], [ -122.617793, 45.517938 ], [ -122.617789, 45.51728 ], [ -122.617783, 45.516564 ], [ -122.617081, 45.516563 ], [ -122.616148, 45.516561 ], [ -122.615212, 45.51656 ], [ -122.614619, 45.51656 ], [ -122.614425, 45.51656 ], [ -122.613501, 45.516559 ], [ -122.612566, 45.516558 ], [ -122.612562, 45.51596 ], [ -122.612556, 45.515416 ], [ -122.612547, 45.515296 ], [ -122.612538, 45.514828 ], [ -122.612524, 45.514636 ], [ -122.6125, 45.514278 ], [ -122.612395, 45.512797 ], [ -122.612379, 45.512123 ], [ -122.612359, 45.512023 ], [ -122.611493, 45.51201 ], [ -122.611572, 45.511921 ], [ -122.611528, 45.511325 ], [ -122.611481, 45.510681 ], [ -122.611434, 45.510037 ], [ -122.611386, 45.509394 ], [ -122.611339, 45.508752 ], [ -122.611283, 45.50802 ], [ -122.61126, 45.507377 ], [ -122.61124, 45.506692 ], [ -122.611221, 45.506006 ], [ -122.611207, 45.505528 ], [ -122.611124, 45.505302 ], [ -122.612023, 45.505301 ], [ -122.612967, 45.505295 ], [ -122.61321, 45.505295 ], [ -122.614102, 45.505292 ], [ -122.615169, 45.505288 ], [ -122.616143, 45.505284 ], [ -122.617119, 45.50528 ], [ -122.618039, 45.505276 ], [ -122.618368, 45.505263 ], [ -122.618532, 45.505245 ], [ -122.618658, 45.50522 ], [ -122.618761, 45.505191 ], [ -122.618885, 45.50513 ], [ -122.619272, 45.504873 ], [ -122.619354, 45.504839 ], [ -122.619448, 45.504811 ], [ -122.619568, 45.504795 ], [ -122.619845, 45.504786 ], [ -122.620367, 45.504784 ], [ -122.621468, 45.504788 ], [ -122.622655, 45.504801 ], [ -122.622637, 45.505485 ], [ -122.622658, 45.506171 ], [ -122.622679, 45.506857 ], [ -122.622697, 45.507542 ], [ -122.622713, 45.508062 ], [ -122.622736, 45.508775 ], [ -122.622759, 45.509489 ], [ -122.622798, 45.510843 ], [ -122.622811, 45.511941 ], [ -122.622824, 45.512043 ], [ -122.622912, 45.512876 ], [ -122.622923, 45.51359 ], [ -122.622921, 45.514221 ], [ -122.622909, 45.514304 ], [ -122.622897, 45.514386 ], [ -122.622908, 45.515017 ], [ -122.622932, 45.51579 ], [ -122.622954, 45.516521 ], [ -122.622973, 45.516625 ], [ -122.622987, 45.517154 ], [ -122.623005, 45.517867 ], [ -122.62302, 45.518578 ], [ -122.623007, 45.519293 ] ] ] } },
{ "type": "Feature", "properties": { "GEOID": "41051001500", "NAMELSAD": "Census Tract 15", "area_sqmi": 0.3786638609754121, "total_bike_miles": 2.065, "num_segments": 43, "bike_density": 5.45, "total_pop": 3644, "pop_white": 2850, "pop_black": 150, "pop_asian": 183, "pop_hispanic": 0, "pct_white": 78.2, "pct_nonwhite": 21.8, "pct_black": 4.1, "pct_asian": 5.0, "pct_hispanic": 0.0, "median_income": 147823.0 }, "geometry": { "type": "Polygon", "coordinates": [ [ [ -122.612566, 45.516558 ], [ -122.611239, 45.516557 ], [ -122.61043, 45.516555 ], [ -122.609892, 45.516554 ], [ -122.608836, 45.516553 ], [ -122.607861, 45.516551 ], [ -122.607097, 45.516551 ], [ -122.60682, 45.516641 ], [ -122.606447, 45.516751 ], [ -122.604199, 45.516758 ], [ -122.601994, 45.516765 ], [ -122.601994, 45.516092 ], [ -122.601954, 45.515247 ], [ -122.601941, 45.514866 ], [ -122.601922, 45.514081 ], [ -122.601888, 45.513252 ], [ -122.601893, 45.512896 ], [ -122.601881, 45.512518 ], [ -122.601862, 45.511906 ], [ -122.601809, 45.509839 ], [ -122.601799, 45.50943 ], [ -122.60177, 45.508593 ], [ -122.601765, 45.508078 ], [ -122.601742, 45.507993 ], [ -122.601726, 45.507375 ], [ -122.601711, 45.506687 ], [ -122.6017, 45.506341 ], [ -122.601671, 45.505355 ], [ -122.602744, 45.505354 ], [ -122.603101, 45.505351 ], [ -122.603758, 45.505348 ], [ -122.604883, 45.505341 ], [ -122.606025, 45.505335 ], [ -122.607041, 45.505329 ], [ -122.608043, 45.505315 ], [ -122.608992, 45.505317 ], [ -122.610011, 45.505311 ], [ -122.611124, 45.505302 ], [ -122.611207, 45.505528 ], [ -122.611221, 45.506006 ], [ -122.61124, 45.506692 ], [ -122.61126, 45.507377 ], [ -122.611283, 45.50802 ], [ -122.611339, 45.508752 ], [ -122.611386, 45.509394 ], [ -122.611434, 45.510037 ], [ -122.611481, 45.510681 ], [ -122.611528, 45.511325 ], [ -122.611572, 45.511921 ], [ -122.611493, 45.51201 ], [ -122.612359, 45.512023 ], [ -122.612379, 45.512123 ], [ -122.612395, 45.512797 ], [ -122.6125, 45.514278 ], [ -122.612524, 45.514636 ], [ -122.612538, 45.514828 ], [ -122.612547, 45.515296 ], [ -122.612556, 45.515416 ], [ -122.612562, 45.51596 ], [ -122.612566, 45.516558 ] ] ] } },
{ "type": "Feature", "properties": { "GEOID": "41051001601", "NAMELSAD": "Census Tract 16.01", "area_sqmi": 1.1367102174018704, "total_bike_miles": 4.497, "num_segments": 92, "bike_density": 3.96, "total_pop": 5729, "pop_white": 4614, "pop_black": 20, "pop_asian": 424, "pop_hispanic": 0, "pct_white": 80.5, "pct_nonwhite": 19.5, "pct_black": 0.3, "pct_asian": 7.4, "pct_hispanic": 0.0, "median_income": 113051.0 }, "geometry": { "type": "Polygon", "coordinates": [ [ [ -122.601994, 45.516765 ], [ -122.601592, 45.516758 ], [ -122.601195, 45.516763 ], [ -122.600241, 45.516752 ], [ -122.60023, 45.517177 ], [ -122.600218, 45.517939 ], [ -122.600226, 45.519253 ], [ -122.599602, 45.519252 ], [ -122.599076, 45.519251 ], [ -122.598765, 45.519248 ], [ -122.598431, 45.519247 ], [ -122.598049, 45.519453 ], [ -122.597657, 45.519873 ], [ -122.597156, 45.520406 ], [ -122.597052, 45.52092 ], [ -122.596896, 45.520999 ], [ -122.596039, 45.521424 ], [ -122.595473, 45.521917 ], [ -122.594897, 45.522165 ], [ -122.594586, 45.522253 ], [ -122.594435, 45.522263 ], [ -122.594249, 45.522257 ], [ -122.592341, 45.52211 ], [ -122.591901, 45.522103 ], [ -122.591384, 45.521887 ], [ -122.590891, 45.521704 ], [ -122.589887, 45.521248 ], [ -122.588943, 45.520797 ], [ -122.588136, 45.520404 ], [ -122.588071, 45.520352 ], [ -122.586845, 45.519354 ], [ -122.586638, 45.519191 ], [ -122.585865, 45.519185 ], [ -122.585249, 45.51918 ], [ -122.584757, 45.519176 ], [ -122.583515, 45.519177 ], [ -122.583237, 45.519158 ], [ -122.582439, 45.519158 ], [ -122.581469, 45.519151 ], [ -122.580508, 45.519144 ], [ -122.580293, 45.519142 ], [ -122.579046, 45.51913 ], [ -122.579023, 45.518392 ], [ -122.578983, 45.517652 ], [ -122.578942, 45.516911 ], [ -122.578903, 45.51617 ], [ -122.578865, 45.515482 ], [ -122.578828, 45.514815 ], [ -122.578784, 45.514171 ], [ -122.578748, 45.513513 ], [ -122.578721, 45.512852 ], [ -122.578713, 45.512627 ], [ -122.578704, 45.512223 ], [ -122.578694, 45.511967 ], [ -122.578674, 45.511518 ], [ -122.578669, 45.511311 ], [ -122.57867, 45.510826 ], [ -122.578671, 45.510092 ], [ -122.578675, 45.509132 ], [ -122.578672, 45.508347 ], [ -122.578679, 45.504821 ], [ -122.579785, 45.505003 ], [ -122.580827, 45.505183 ], [ -122.581293, 45.505256 ], [ -122.58189, 45.505342 ], [ -122.582202, 45.505381 ], [ -122.582864, 45.505383 ], [ -122.5837, 45.505381 ], [ -122.584432, 45.50538 ], [ -122.585255, 45.505379 ], [ -122.585372, 45.505392 ], [ -122.58576, 45.505391 ], [ -122.586329, 45.505392 ], [ -122.586764, 45.505388 ], [ -122.588861, 45.505386 ], [ -122.589801, 45.505384 ], [ -122.5904, 45.505371 ], [ -122.590745, 45.505364 ], [ -122.591589, 45.505377 ], [ -122.592091, 45.505379 ], [ -122.593711, 45.505375 ], [ -122.594583, 45.505374 ], [ -122.595097, 45.505373 ], [ -122.595558, 45.505373 ], [ -122.595899, 45.505373 ], [ -122.596081, 45.505372 ], [ -122.596488, 45.505372 ], [ -122.596799, 45.505402 ], [ -122.597505, 45.505397 ], [ -122.598586, 45.505394 ], [ -122.599443, 45.505392 ], [ -122.600295, 45.505391 ], [ -122.601189, 45.505389 ], [ -122.601671, 45.505355 ], [ -122.6017, 45.506341 ], [ -122.601711, 45.506687 ], [ -122.601726, 45.507375 ], [ -122.601742, 45.507993 ], [ -122.601765, 45.508078 ], [ -122.60177, 45.508593 ], [ -122.601799, 45.50943 ], [ -122.601809, 45.509839 ], [ -122.601862, 45.511906 ], [ -122.601881, 45.512518 ], [ -122.601893, 45.512896 ], [ -122.601888, 45.513252 ], [ -122.601922, 45.514081 ], [ -122.601941, 45.514866 ], [ -122.601954, 45.515247 ], [ -122.601994, 45.516092 ], [ -122.601994, 45.516765 ] ] ] } },
{ "type": "Feature", "properties": { "GEOID": "41051001702", "NAMELSAD": "Census Tract 17.02", "area_sqmi": 0.51721970173869147, "total_bike_miles": 2.031, "num_segments": 37, "bike_density": 3.93, "total_pop": 3884, "pop_white": 2874, "pop_black": 167, "pop_asian": 378, "pop_hispanic": 0, "pct_white": 74.0, "pct_nonwhite": 26.0, "pct_black": 4.3, "pct_asian": 9.7, "pct_hispanic": 0.0, "median_income": 81361.0 }, "geometry": { "type": "Polygon", "coordinates": [ [ [ -122.579061, 45.52045 ], [ -122.579059, 45.521108 ], [ -122.579056, 45.522781 ], [ -122.579053, 45.523563 ], [ -122.579051, 45.52459 ], [ -122.57905, 45.525184 ], [ -122.579038, 45.526423 ], [ -122.579031, 45.528385 ], [ -122.579037, 45.529474 ], [ -122.579034, 45.530184 ], [ -122.579042, 45.530945 ], [ -122.57903, 45.531601 ], [ -122.579019, 45.531703 ], [ -122.579024, 45.532407 ], [ -122.579027, 45.532477 ], [ -122.57902, 45.532836 ], [ -122.579019, 45.533342 ], [ -122.579022, 45.533481 ], [ -122.579039, 45.533725 ], [ -122.579038, 45.533747 ], [ -122.575195, 45.53247 ], [ -122.574329, 45.532227 ], [ -122.573508, 45.532084 ], [ -122.572305, 45.531949 ], [ -122.572098, 45.531933 ], [ -122.571448, 45.531881 ], [ -122.570907, 45.531881 ], [ -122.56978, 45.531916 ], [ -122.569497, 45.531912 ], [ -122.569416, 45.531908 ], [ -122.569099, 45.53195 ], [ -122.568916, 45.531978 ], [ -122.568908, 45.531947 ], [ -122.568911, 45.531855 ], [ -122.568931, 45.531599 ], [ -122.568941, 45.531453 ], [ -122.568956, 45.531223 ], [ -122.56874, 45.531211 ], [ -122.568233, 45.531169 ], [ -122.567706, 45.531107 ], [ -122.567451, 45.531043 ], [ -122.567209, 45.530963 ], [ -122.56691, 45.530856 ], [ -122.566685, 45.530744 ], [ -122.566527, 45.530653 ], [ -122.566386, 45.530557 ], [ -122.566274, 45.530459 ], [ -122.566079, 45.530267 ], [ -122.566148, 45.530083 ], [ -122.566179, 45.529927 ], [ -122.566863, 45.529872 ], [ -122.567382, 45.529868 ], [ -122.567649, 45.529867 ], [ -122.568102, 45.529871 ], [ -122.568609, 45.529866 ], [ -122.568619, 45.528761 ], [ -122.568622, 45.528487 ], [ -122.568629, 45.527772 ], [ -122.568634, 45.527554 ], [ -122.568641, 45.527061 ], [ -122.568647, 45.526593 ], [ -122.56865, 45.526347 ], [ -122.568346, 45.526345 ], [ -122.567704, 45.526341 ], [ -122.567443, 45.526339 ], [ -122.566773, 45.526334 ], [ -122.566795, 45.524844 ], [ -122.566827, 45.522695 ], [ -122.566863, 45.519069 ], [ -122.569101, 45.51907 ], [ -122.570164, 45.519074 ], [ -122.571341, 45.519082 ], [ -122.57202, 45.519087 ], [ -122.572975, 45.519093 ], [ -122.573934, 45.519099 ], [ -122.575007, 45.519106 ], [ -122.576022, 45.519113 ], [ -122.577035, 45.519118 ], [ -122.577223, 45.519121 ], [ -122.57805, 45.519126 ], [ -122.579046, 45.51913 ], [ -122.579061, 45.519805 ], [ -122.579061, 45.52045 ] ] ] } },
{ "type": "Feature", "properties": { "GEOID": "41051001801", "NAMELSAD": "Census Tract 18.01", "area_sqmi": 0.45486941372007589, "total_bike_miles": 1.531, "num_segments": 34, "bike_density": 3.37, "total_pop": 4292, "pop_white": 3387, "pop_black": 104, "pop_asian": 331, "pop_hispanic": 0, "pct_white": 78.9, "pct_nonwhite": 21.1, "pct_black": 2.4, "pct_asian": 7.7, "pct_hispanic": 0.0, "median_income": 71573.0 }, "geometry": { "type": "Polygon", "coordinates": [ [ [ -122.617303, 45.523901 ], [ -122.617304, 45.524746 ], [ -122.617301, 45.525506 ], [ -122.6173, 45.526423 ], [ -122.617186, 45.526417 ], [ -122.616164, 45.526414 ], [ -122.615125, 45.526412 ], [ -122.615003, 45.526465 ], [ -122.615002, 45.527336 ], [ -122.614999, 45.527908 ], [ -122.614998, 45.528487 ], [ -122.614994, 45.528888 ], [ -122.614989, 45.529324 ], [ -122.614992, 45.52989 ], [ -122.614991, 45.530129 ], [ -122.61501, 45.530269 ], [ -122.615006, 45.530448 ], [ -122.61499, 45.530711 ], [ -122.614469, 45.530336 ], [ -122.613422, 45.52961 ], [ -122.61246, 45.528976 ], [ -122.611905, 45.52863 ], [ -122.611407, 45.528375 ], [ -122.610933, 45.528159 ], [ -122.610438, 45.527976 ], [ -122.610078, 45.527882 ], [ -122.609882, 45.52783 ], [ -122.609328, 45.527715 ], [ -122.608845, 45.527652 ], [ -122.608557, 45.527616 ], [ -122.608107, 45.527604 ], [ -122.607665, 45.527602 ], [ -122.607484, 45.527601 ], [ -122.606388, 45.527679 ], [ -122.606014, 45.527729 ], [ -122.605689, 45.527796 ], [ -122.605194, 45.527928 ], [ -122.604577, 45.528113 ], [ -122.604063, 45.528296 ], [ -122.603128, 45.528708 ], [ -122.602225, 45.529163 ], [ -122.601148, 45.529745 ], [ -122.600178, 45.53027 ], [ -122.599131, 45.530811 ], [ -122.596679, 45.532076 ], [ -122.594323, 45.533254 ], [ -122.593532, 45.533644 ], [ -122.593493, 45.533643 ], [ -122.593116, 45.533633 ], [ -122.592771, 45.533636 ], [ -122.592579, 45.533631 ], [ -122.592383, 45.533622 ], [ -122.592409, 45.533534 ], [ -122.592401, 45.533388 ], [ -122.592389, 45.533352 ], [ -122.592827, 45.532817 ], [ -122.593026, 45.532291 ], [ -122.593271, 45.531654 ], [ -122.59345, 45.531375 ], [ -122.593567, 45.53122 ], [ -122.593671, 45.531101 ], [ -122.593799, 45.530973 ], [ -122.593929, 45.53086 ], [ -122.594271, 45.530615 ], [ -122.594335, 45.530575 ], [ -122.594379, 45.530533 ], [ -122.594397, 45.530495 ], [ -122.594402, 45.530401 ], [ -122.595417, 45.530413 ], [ -122.596314, 45.530466 ], [ -122.596431, 45.530467 ], [ -122.596445, 45.529867 ], [ -122.596461, 45.529343 ], [ -122.596466, 45.529155 ], [ -122.596473, 45.528716 ], [ -122.596482, 45.528266 ], [ -122.597596, 45.528287 ], [ -122.597618, 45.527176 ], [ -122.598145, 45.52718 ], [ -122.598672, 45.527184 ], [ -122.598682, 45.526595 ], [ -122.59862, 45.526476 ], [ -122.597089, 45.526475 ], [ -122.596386, 45.526477 ], [ -122.595684, 45.526474 ], [ -122.595078, 45.526473 ], [ -122.594475, 45.526472 ], [ -122.59448, 45.525371 ], [ -122.594487, 45.524255 ], [ -122.594362, 45.524141 ], [ -122.594277, 45.524007 ], [ -122.594113, 45.523578 ], [ -122.594036, 45.52344 ], [ -122.593987, 45.523373 ], [ -122.593935, 45.523313 ], [ -122.593731, 45.523129 ], [ -122.595099, 45.523123 ], [ -122.596113, 45.523117 ], [ -122.59657, 45.523114 ], [ -122.59713, 45.52311 ], [ -122.597548, 45.523036 ], [ -122.598376, 45.522879 ], [ -122.598546, 45.522871 ], [ -122.599594, 45.522871 ], [ -122.60098, 45.522862 ], [ -122.602317, 45.522874 ], [ -122.603309, 45.522879 ], [ -122.6037, 45.52288 ], [ -122.604327, 45.522881 ], [ -122.604966, 45.522884 ], [ -122.605426, 45.522885 ], [ -122.605926, 45.522885 ], [ -122.606376, 45.522886 ], [ -122.607525, 45.522884 ], [ -122.608855, 45.522883 ], [ -122.610249, 45.522887 ], [ -122.612027, 45.522894 ], [ -122.613453, 45.5229 ], [ -122.613747, 45.5229 ], [ -122.614559, 45.522914 ], [ -122.614697, 45.52292 ], [ -122.614827, 45.522934 ], [ -122.615003, 45.522974 ], [ -122.615139, 45.523 ], [ -122.615277, 45.523039 ], [ -122.615484, 45.523091 ], [ -122.615678, 45.523115 ], [ -122.616165, 45.523118 ], [ -122.616694, 45.523119 ], [ -122.616915, 45.523109 ], [ -122.617305, 45.52307 ], [ -122.617303, 45.523901 ] ] ] } },
{ "type": "Feature", "properties": { "GEOID": "41051001802", "NAMELSAD": "Census Tract 18.02", "area_sqmi": 0.41805146918514979, "total_bike_miles": 0.438, "num_segments": 6, "bike_density": 1.05, "total_pop": 3722, "pop_white": 2898, "pop_black": 44, "pop_asian": 496, "pop_hispanic": 0, "pct_white": 77.9, "pct_nonwhite": 22.1, "pct_black": 1.2, "pct_asian": 13.3, "pct_hispanic": 0.0, "median_income": 95568.0 }, "geometry": { "type": "Polygon", "coordinates": [ [ [ -122.617802, 45.519282 ], [ -122.617307, 45.519281 ], [ -122.617307, 45.519714 ], [ -122.617303, 45.520266 ], [ -122.617305, 45.521263 ], [ -122.617295, 45.521976 ], [ -122.617302, 45.522368 ], [ -122.617305, 45.52307 ], [ -122.616915, 45.523109 ], [ -122.616694, 45.523119 ], [ -122.616165, 45.523118 ], [ -122.615678, 45.523115 ], [ -122.615484, 45.523091 ], [ -122.615277, 45.523039 ], [ -122.615139, 45.523 ], [ -122.615003, 45.522974 ], [ -122.614827, 45.522934 ], [ -122.614697, 45.52292 ], [ -122.614559, 45.522914 ], [ -122.613747, 45.5229 ], [ -122.613453, 45.5229 ], [ -122.612027, 45.522894 ], [ -122.610249, 45.522887 ], [ -122.608855, 45.522883 ], [ -122.607525, 45.522884 ], [ -122.606376, 45.522886 ], [ -122.605926, 45.522885 ], [ -122.605426, 45.522885 ], [ -122.604966, 45.522884 ], [ -122.604327, 45.522881 ], [ -122.6037, 45.52288 ], [ -122.603309, 45.522879 ], [ -122.602317, 45.522874 ], [ -122.60098, 45.522862 ], [ -122.599594, 45.522871 ], [ -122.598546, 45.522871 ], [ -122.598376, 45.522879 ], [ -122.597548, 45.523036 ], [ -122.59713, 45.52311 ], [ -122.59657, 45.523114 ], [ -122.596113, 45.523117 ], [ -122.595099, 45.523123 ], [ -122.593731, 45.523129 ], [ -122.593217, 45.522826 ], [ -122.592651, 45.522477 ], [ -122.592565, 45.522428 ], [ -122.592446, 45.522373 ], [ -122.591901, 45.522103 ], [ -122.592341, 45.52211 ], [ -122.594249, 45.522257 ], [ -122.594435, 45.522263 ], [ -122.594586, 45.522253 ], [ -122.594897, 45.522165 ], [ -122.595473, 45.521917 ], [ -122.596039, 45.521424 ], [ -122.596896, 45.520999 ], [ -122.597052, 45.52092 ], [ -122.597156, 45.520406 ], [ -122.597657, 45.519873 ], [ -122.598049, 45.519453 ], [ -122.598431, 45.519247 ], [ -122.598765, 45.519248 ], [ -122.599076, 45.519251 ], [ -122.599602, 45.519252 ], [ -122.600226, 45.519253 ], [ -122.600218, 45.517939 ], [ -122.60023, 45.517177 ], [ -122.600241, 45.516752 ], [ -122.601195, 45.516763 ], [ -122.601592, 45.516758 ], [ -122.601994, 45.516765 ], [ -122.604199, 45.516758 ], [ -122.606447, 45.516751 ], [ -122.60682, 45.516641 ], [ -122.607097, 45.516551 ], [ -122.607861, 45.516551 ], [ -122.608836, 45.516553 ], [ -122.609892, 45.516554 ], [ -122.61043, 45.516555 ], [ -122.611239, 45.516557 ], [ -122.612566, 45.516558 ], [ -122.613501, 45.516559 ], [ -122.614425, 45.51656 ], [ -122.614619, 45.51656 ], [ -122.615212, 45.51656 ], [ -122.616148, 45.516561 ], [ -122.617081, 45.516563 ], [ -122.617783, 45.516564 ], [ -122.617789, 45.51728 ], [ -122.617793, 45.517938 ], [ -122.617798, 45.518596 ], [ -122.617802, 45.519282 ] ] ] } },
{ "type": "Feature", "properties": { "GEOID": "41051001900", "NAMELSAD": "Census Tract 19", "area_sqmi": 0.68788448446109285, "total_bike_miles": 3.407, "num_segments": 58, "bike_density": 4.95, "total_pop": 4929, "pop_white": 4134, "pop_black": 20, "pop_asian": 179, "pop_hispanic": 0, "pct_white": 83.9, "pct_nonwhite": 16.1, "pct_black": 0.4, "pct_asian": 3.6, "pct_hispanic": 0.0, "median_income": 198750.0 }, "geometry": { "type": "Polygon", "coordinates": [ [ [ -122.631692, 45.523608 ], [ -122.631683, 45.524327 ], [ -122.631674, 45.525035 ], [ -122.631677, 45.525748 ], [ -122.631675, 45.526461 ], [ -122.631676, 45.526611 ], [ -122.631632, 45.52686 ], [ -122.631562, 45.527074 ], [ -122.63151, 45.527204 ], [ -122.631361, 45.527479 ], [ -122.631313, 45.527556 ], [ -122.631146, 45.527764 ], [ -122.631013, 45.52791 ], [ -122.630913, 45.528011 ], [ -122.630847, 45.5281 ], [ -122.630762, 45.528247 ], [ -122.630711, 45.528377 ], [ -122.630678, 45.528617 ], [ -122.630664, 45.529347 ], [ -122.630657, 45.530052 ], [ -122.630669, 45.531436 ], [ -122.630653, 45.531588 ], [ -122.63064, 45.531713 ], [ -122.630654, 45.531854 ], [ -122.630672, 45.532414 ], [ -122.630657, 45.533104 ], [ -122.630658, 45.533694 ], [ -122.630624, 45.533925 ], [ -122.63064, 45.534137 ], [ -122.630457, 45.534178 ], [ -122.629976, 45.534285 ], [ -122.629595, 45.534345 ], [ -122.629342, 45.534366 ], [ -122.629296, 45.53437 ], [ -122.629234, 45.534375 ], [ -122.628802, 45.534375 ], [ -122.628429, 45.534355 ], [ -122.627941, 45.534288 ], [ -122.627491, 45.534211 ], [ -122.625886, 45.533869 ], [ -122.625494, 45.533785 ], [ -122.625093, 45.533691 ], [ -122.624513, 45.533555 ], [ -122.622928, 45.533184 ], [ -122.622927, 45.53321 ], [ -122.620772, 45.532715 ], [ -122.620401, 45.532638 ], [ -122.620252, 45.532607 ], [ -122.617884, 45.532114 ], [ -122.61776, 45.532088 ], [ -122.617312, 45.531954 ], [ -122.617018, 45.531867 ], [ -122.616511, 45.531646 ], [ -122.615918, 45.531327 ], [ -122.61499, 45.530711 ], [ -122.615006, 45.530448 ], [ -122.61501, 45.530269 ], [ -122.614991, 45.530129 ], [ -122.614992, 45.52989 ], [ -122.614989, 45.529324 ], [ -122.614994, 45.528888 ], [ -122.614998, 45.528487 ], [ -122.614999, 45.527908 ], [ -122.615002, 45.527336 ], [ -122.615003, 45.526465 ], [ -122.615125, 45.526412 ], [ -122.616164, 45.526414 ], [ -122.617186, 45.526417 ], [ -122.6173, 45.526423 ], [ -122.617301, 45.525506 ], [ -122.617304, 45.524746 ], [ -122.617303, 45.523901 ], [ -122.617305, 45.52307 ], [ -122.617302, 45.522368 ], [ -122.617295, 45.521976 ], [ -122.617305, 45.521263 ], [ -122.617303, 45.520266 ], [ -122.617307, 45.519714 ], [ -122.617307, 45.519281 ], [ -122.617802, 45.519282 ], [ -122.619529, 45.519286 ], [ -122.620042, 45.519292 ], [ -122.620494, 45.519294 ], [ -122.621758, 45.519294 ], [ -122.623007, 45.519293 ], [ -122.62441, 45.519296 ], [ -122.625835, 45.519303 ], [ -122.627084, 45.519305 ], [ -122.627679, 45.51932 ], [ -122.628343, 45.519322 ], [ -122.629549, 45.519307 ], [ -122.63093, 45.519306 ], [ -122.630928, 45.520166 ], [ -122.630869, 45.52029 ], [ -122.630807, 45.520365 ], [ -122.630803, 45.520404 ], [ -122.630806, 45.520463 ], [ -122.630841, 45.52054 ], [ -122.630891, 45.520599 ], [ -122.630922, 45.520665 ], [ -122.630882, 45.520721 ], [ -122.630843, 45.520787 ], [ -122.630197, 45.521716 ], [ -122.630093, 45.521852 ], [ -122.629879, 45.522115 ], [ -122.631551, 45.522125 ], [ -122.631687, 45.522118 ], [ -122.631688, 45.522866 ], [ -122.631689, 45.523233 ], [ -122.631692, 45.523608 ] ] ] } },
{ "type": "Feature", "properties": { "GEOID": "41051004500", "NAMELSAD": "Census Tract 45", "area_sqmi": 0.66924206613034321, "total_bike_miles": 2.677, "num_segments": 42, "bike_density": 4.0, "total_pop": 3134, "pop_white": 2398, "pop_black": 66, "pop_asian": 149, "pop_hispanic": 0, "pct_white": 76.5, "pct_nonwhite": 23.5, "pct_black": 2.1, "pct_asian": 4.8, "pct_hispanic": 0.0, "median_income": 111439.0 }, "geometry": { "type": "Polygon", "coordinates": [ [ [ -122.726715, 45.538351 ], [ -122.726652, 45.53848 ], [ -122.726334, 45.538704 ], [ -122.725821, 45.53925 ], [ -122.72516, 45.539871 ], [ -122.724676, 45.54009 ], [ -122.724297, 45.540262 ], [ -122.724114, 45.540344 ], [ -122.724045, 45.54037 ], [ -122.723082, 45.540714 ], [ -122.723, 45.540745 ], [ -122.722951, 45.540764 ], [ -122.722923, 45.540774 ], [ -122.72263, 45.540809 ], [ -122.722465, 45.540862 ], [ -122.7224, 45.540884 ], [ -122.722186, 45.540953 ], [ -122.721862, 45.541058 ], [ -122.721734, 45.541062 ], [ -122.721084, 45.541085 ], [ -122.720203, 45.541043 ], [ -122.720108, 45.541061 ], [ -122.72001, 45.54108 ], [ -122.720587, 45.541566 ], [ -122.719813, 45.541939 ], [ -122.719114, 45.541184 ], [ -122.717845, 45.539811 ], [ -122.717748, 45.539712 ], [ -122.71754, 45.53952 ], [ -122.717429, 45.539428 ], [ -122.717314, 45.53934 ], [ -122.717148, 45.539224 ], [ -122.717079, 45.539176 ], [ -122.716954, 45.539099 ], [ -122.716698, 45.538954 ], [ -122.716426, 45.538823 ], [ -122.716141, 45.538706 ], [ -122.715847, 45.538603 ], [ -122.715685, 45.538556 ], [ -122.715543, 45.538515 ], [ -122.715275, 45.538453 ], [ -122.715001, 45.538404 ], [ -122.714904, 45.53839 ], [ -122.714589, 45.538346 ], [ -122.71431, 45.538319 ], [ -122.714025, 45.538298 ], [ -122.713874, 45.538311 ], [ -122.712509, 45.538415 ], [ -122.711564, 45.538501 ], [ -122.711099, 45.538543 ], [ -122.710632, 45.538608 ], [ -122.710202, 45.538668 ], [ -122.709121, 45.538963 ], [ -122.708659, 45.5391 ], [ -122.707936, 45.539376 ], [ -122.707158, 45.53964 ], [ -122.705922, 45.54006 ], [ -122.705716, 45.540113 ], [ -122.705505, 45.54015 ], [ -122.705212, 45.54018 ], [ -122.70392, 45.540341 ], [ -122.703268, 45.540423 ], [ -122.70198, 45.540588 ], [ -122.701206, 45.540687 ], [ -122.700043, 45.540834 ], [ -122.699653, 45.540884 ], [ -122.69916, 45.540946 ], [ -122.698572, 45.541004 ], [ -122.697931, 45.541076 ], [ -122.697108, 45.541176 ], [ -122.696989, 45.54119 ], [ -122.696571, 45.541245 ], [ -122.696207, 45.541541 ], [ -122.696149, 45.541599 ], [ -122.696076, 45.541682 ], [ -122.695461, 45.542151 ], [ -122.693554, 45.543818 ], [ -122.69341, 45.543945 ], [ -122.692003, 45.544869 ], [ -122.691447, 45.544347 ], [ -122.691429, 45.54433 ], [ -122.690863, 45.543782 ], [ -122.688372, 45.54186 ], [ -122.686216, 45.540196 ], [ -122.683689, 45.538245 ], [ -122.683269, 45.537922 ], [ -122.683342, 45.537858 ], [ -122.684327, 45.536947 ], [ -122.68528, 45.536163 ], [ -122.685342, 45.536112 ], [ -122.685444, 45.53603 ], [ -122.685473, 45.536006 ], [ -122.68552, 45.535968 ], [ -122.685617, 45.535889 ], [ -122.685653, 45.53586 ], [ -122.685933, 45.535633 ], [ -122.686324, 45.535857 ], [ -122.686424, 45.535784 ], [ -122.686493, 45.535752 ], [ -122.686557, 45.535731 ], [ -122.68665, 45.535716 ], [ -122.687666, 45.535699 ], [ -122.688678, 45.535678 ], [ -122.689693, 45.53566 ], [ -122.690716, 45.535637 ], [ -122.691024, 45.535575 ], [ -122.691216, 45.535551 ], [ -122.691431, 45.53553 ], [ -122.691775, 45.535512 ], [ -122.692024, 45.535516 ], [ -122.692171, 45.535511 ], [ -122.692354, 45.535519 ], [ -122.692527, 45.535535 ], [ -122.692765, 45.53557 ], [ -122.692918, 45.535549 ], [ -122.693033, 45.535547 ], [ -122.693241, 45.535586 ], [ -122.694762, 45.53557 ], [ -122.6948, 45.535569 ], [ -122.695717, 45.535551 ], [ -122.6968, 45.53553 ], [ -122.697085, 45.535525 ], [ -122.697576, 45.535516 ], [ -122.698822, 45.535492 ], [ -122.699841, 45.535473 ], [ -122.700853, 45.535454 ], [ -122.701884, 45.535441 ], [ -122.70284, 45.535418 ], [ -122.70483, 45.535381 ], [ -122.705679, 45.535368 ], [ -122.706819, 45.535344 ], [ -122.708803, 45.535309 ], [ -122.710983, 45.535273 ], [ -122.7111, 45.535272 ], [ -122.711961, 45.53543 ], [ -122.712028, 45.535442 ], [ -122.712296, 45.53549 ], [ -122.712327, 45.535496 ], [ -122.712363, 45.535502 ], [ -122.712497, 45.535526 ], [ -122.712752, 45.535572 ], [ -122.713365, 45.535683 ], [ -122.713654, 45.535736 ], [ -122.713597, 45.534181 ], [ -122.714219, 45.534049 ], [ -122.714288, 45.533725 ], [ -122.714914, 45.53366 ], [ -122.715097, 45.533558 ], [ -122.715175, 45.533414 ], [ -122.71827, 45.533254 ], [ -122.718669, 45.533678 ], [ -122.718878, 45.535974 ], [ -122.718282, 45.535846 ], [ -122.718464, 45.535913 ], [ -122.718614, 45.536053 ], [ -122.718748, 45.536198 ], [ -122.718835, 45.536318 ], [ -122.718946, 45.536516 ], [ -122.718973, 45.536564 ], [ -122.719014, 45.536709 ], [ -122.719075, 45.53685 ], [ -122.719114, 45.536919 ], [ -122.719212, 45.537049 ], [ -122.719311, 45.537134 ], [ -122.719388, 45.537212 ], [ -122.719479, 45.537349 ], [ -122.719682, 45.537705 ], [ -122.719759, 45.537783 ], [ -122.719836, 45.53784 ], [ -122.71995, 45.537907 ], [ -122.720075, 45.537959 ], [ -122.720548, 45.53812 ], [ -122.720668, 45.538161 ], [ -122.720744, 45.538203 ], [ -122.720866, 45.538352 ], [ -122.720913, 45.538462 ], [ -122.720898, 45.538623 ], [ -122.720901, 45.538716 ], [ -122.720928, 45.538779 ], [ -122.720972, 45.538836 ], [ -122.721033, 45.538878 ], [ -122.721971, 45.539352 ], [ -122.722227, 45.539481 ], [ -122.722421, 45.539548 ], [ -122.722548, 45.539569 ], [ -122.72292, 45.539597 ], [ -122.723086, 45.53962 ], [ -122.723616, 45.539801 ], [ -122.723724, 45.539817 ], [ -122.723821, 45.539813 ], [ -122.723914, 45.539792 ], [ -122.724235, 45.539684 ], [ -122.724622, 45.539516 ], [ -122.725247, 45.539151 ], [ -122.725346, 45.539101 ], [ -122.725399, 45.538997 ], [ -122.725491, 45.538864 ], [ -122.725581, 45.538767 ], [ -122.725814, 45.53863 ], [ -122.726422, 45.538368 ], [ -122.726581, 45.538334 ], [ -122.726713, 45.538328 ], [ -122.726715, 45.538351 ] ] ] } },
{ "type": "Feature", "properties": { "GEOID": "41051004601", "NAMELSAD": "Census Tract 46.01", "area_sqmi": 1.3759290503199464, "total_bike_miles": 1.668, "num_segments": 18, "bike_density": 1.21, "total_pop": 3329, "pop_white": 2624, "pop_black": 10, "pop_asian": 299, "pop_hispanic": 0, "pct_white": 78.8, "pct_nonwhite": 21.2, "pct_black": 0.3, "pct_asian": 9.0, "pct_hispanic": 0.0, "median_income": 163043.0 }, "geometry": { "type": "Polygon", "coordinates": [ [ [ -122.720892, 45.520439 ], [ -122.720605, 45.520699 ], [ -122.719839, 45.521386 ], [ -122.71964, 45.521517 ], [ -122.719446, 45.521593 ], [ -122.719231, 45.521644 ], [ -122.719, 45.521676 ], [ -122.718748, 45.521683 ], [ -122.718897, 45.522602 ], [ -122.71972, 45.522983 ], [ -122.719769, 45.52329 ], [ -122.719608, 45.526439 ], [ -122.716259, 45.526714 ], [ -122.71496, 45.52682 ], [ -122.715042, 45.527432 ], [ -122.714993, 45.529331 ], [ -122.715048, 45.529544 ], [ -122.714983, 45.530127 ], [ -122.715201, 45.529906 ], [ -122.716584, 45.529983 ], [ -122.716821, 45.530588 ], [ -122.716618, 45.530755 ], [ -122.715936, 45.531296 ], [ -122.715297, 45.531804 ], [ -122.715112, 45.531884 ], [ -122.714887, 45.531964 ], [ -122.714768, 45.531995 ], [ -122.714648, 45.532021 ], [ -122.714218, 45.532097 ], [ -122.713522, 45.532219 ], [ -122.713031, 45.532305 ], [ -122.712582, 45.53237 ], [ -122.712141, 45.532401 ], [ -122.710573, 45.532425 ], [ -122.710572, 45.532909 ], [ -122.710564, 45.532958 ], [ -122.710551, 45.532985 ], [ -122.710511, 45.533014 ], [ -122.710462, 45.533037 ], [ -122.710363, 45.53306 ], [ -122.709621, 45.533073 ], [ -122.709533, 45.533068 ], [ -122.709469, 45.533056 ], [ -122.70941, 45.533037 ], [ -122.709326, 45.533001 ], [ -122.70901, 45.532828 ], [ -122.708644, 45.532616 ], [ -122.708375, 45.532452 ], [ -122.707428, 45.531906 ], [ -122.707198, 45.531771 ], [ -122.706183, 45.531021 ], [ -122.70549, 45.530507 ], [ -122.705312, 45.530378 ], [ -122.704539, 45.529808 ], [ -122.704374, 45.529687 ], [ -122.70368, 45.529696 ], [ -122.703674, 45.529557 ], [ -122.703657, 45.529181 ], [ -122.703472, 45.528717 ], [ -122.702731, 45.528376 ], [ -122.702549, 45.528285 ], [ -122.701926, 45.527522 ], [ -122.701806, 45.527375 ], [ -122.701599, 45.527121 ], [ -122.701467, 45.526971 ], [ -122.701381, 45.526864 ], [ -122.701115, 45.526529 ], [ -122.700841, 45.526101 ], [ -122.700414, 45.525434 ], [ -122.699676, 45.524769 ], [ -122.699338, 45.524434 ], [ -122.699432, 45.524385 ], [ -122.699785, 45.524002 ], [ -122.699988, 45.523783 ], [ -122.700011, 45.523703 ], [ -122.698188, 45.523432 ], [ -122.698195, 45.523246 ], [ -122.698199, 45.522447 ], [ -122.698205, 45.521299 ], [ -122.69821, 45.520587 ], [ -122.698215, 45.519841 ], [ -122.697842, 45.519229 ], [ -122.698176, 45.519306 ], [ -122.698856, 45.519421 ], [ -122.699099, 45.519424 ], [ -122.699396, 45.519395 ], [ -122.699638, 45.51934 ], [ -122.699703, 45.519316 ], [ -122.69991, 45.519224 ], [ -122.699975, 45.519183 ], [ -122.700091, 45.519093 ], [ -122.70019, 45.518993 ], [ -122.700227, 45.518941 ], [ -122.700258, 45.518873 ], [ -122.700295, 45.518793 ], [ -122.70032, 45.518708 ], [ -122.700333, 45.518603 ], [ -122.700338, 45.518508 ], [ -122.700327, 45.518396 ], [ -122.700303, 45.518323 ], [ -122.700246, 45.518211 ], [ -122.700208, 45.518136 ], [ -122.700131, 45.518041 ], [ -122.699728, 45.517635 ], [ -122.6996, 45.517487 ], [ -122.699525, 45.517371 ], [ -122.699456, 45.517222 ], [ -122.699383, 45.516921 ], [ -122.699379, 45.516812 ], [ -122.6994, 45.516658 ], [ -122.699477, 45.516405 ], [ -122.699572, 45.516206 ], [ -122.69967, 45.516078 ], [ -122.700086, 45.515591 ], [ -122.700413, 45.515194 ], [ -122.700763, 45.514746 ], [ -122.701114, 45.514371 ], [ -122.701982, 45.513399 ], [ -122.70225, 45.513173 ], [ -122.70242, 45.513001 ], [ -122.70279, 45.512808 ], [ -122.703332, 45.512515 ], [ -122.703914, 45.512274 ], [ -122.704761, 45.511969 ], [ -122.705277, 45.511765 ], [ -122.70573, 45.511546 ], [ -122.706114, 45.51133 ], [ -122.7064, 45.511146 ], [ -122.706733, 45.510907 ], [ -122.707232, 45.510461 ], [ -122.707256, 45.51044 ], [ -122.707652, 45.510001 ], [ -122.709016, 45.508079 ], [ -122.709238, 45.507869 ], [ -122.70941, 45.507734 ], [ -122.709633, 45.507588 ], [ -122.709997, 45.507401 ], [ -122.710269, 45.507292 ], [ -122.710613, 45.507189 ], [ -122.710841, 45.507137 ], [ -122.711017, 45.507105 ], [ -122.711493, 45.507043 ], [ -122.712579, 45.506888 ], [ -122.713089, 45.506818 ], [ -122.713634, 45.506743 ], [ -122.714404, 45.506635 ], [ -122.714479, 45.506614 ], [ -122.71496, 45.506576 ], [ -122.715435, 45.506572 ], [ -122.715958, 45.506606 ], [ -122.716493, 45.506686 ], [ -122.718925, 45.50725 ], [ -122.719351, 45.507349 ], [ -122.719317, 45.507514 ], [ -122.719267, 45.507761 ], [ -122.719303, 45.507864 ], [ -122.71923, 45.510452 ], [ -122.719225, 45.510635 ], [ -122.719218, 45.510957 ], [ -122.719208, 45.51144 ], [ -122.719208, 45.51284 ], [ -122.7193, 45.514231 ], [ -122.71953, 45.515476 ], [ -122.719652, 45.519824 ], [ -122.72024, 45.519801 ], [ -122.720873, 45.519777 ], [ -122.720883, 45.520114 ], [ -122.720892, 45.520439 ] ] ] } },
{ "type": "Feature", "properties": { "GEOID": "41051004102", "NAMELSAD": "Census Tract 41.02", "area_sqmi": 0.83790971969325334, "total_bike_miles": 3.012, "num_segments": 56, "bike_density": 3.6, "total_pop": 4770, "pop_white": 3288, "pop_black": 132, "pop_asian": 218, "pop_hispanic": 0, "pct_white": 68.9, "pct_nonwhite": 31.1, "pct_black": 2.8, "pct_asian": 4.6, "pct_hispanic": 0.0, "median_income": 73403.0 }, "geometry": { "type": "Polygon", "coordinates": [ [ [ -122.756372, 45.58108 ], [ -122.756238, 45.581272 ], [ -122.756077, 45.581489 ], [ -122.755977, 45.581631 ], [ -122.755724, 45.581982 ], [ -122.75541, 45.582419 ], [ -122.755244, 45.582652 ], [ -122.755134, 45.582803 ], [ -122.754761, 45.583318 ], [ -122.754463, 45.583741 ], [ -122.754403, 45.583826 ], [ -122.754047, 45.584381 ], [ -122.753993, 45.584454 ], [ -122.753585, 45.585094 ], [ -122.753184, 45.585764 ], [ -122.752727, 45.586419 ], [ -122.752311, 45.587054 ], [ -122.751891, 45.587699 ], [ -122.751517, 45.588273 ], [ -122.751474, 45.588352 ], [ -122.751041, 45.588997 ], [ -122.750886, 45.589242 ], [ -122.750548, 45.589303 ], [ -122.749619, 45.589484 ], [ -122.749247, 45.589546 ], [ -122.749285, 45.58964 ], [ -122.749116, 45.589964 ], [ -122.748982, 45.590229 ], [ -122.748881, 45.590421 ], [ -122.748666, 45.59082 ], [ -122.74804, 45.592031 ], [ -122.747358, 45.593372 ], [ -122.746676, 45.594713 ], [ -122.746002, 45.596037 ], [ -122.745522, 45.595924 ], [ -122.745041, 45.59581 ], [ -122.744088, 45.595585 ], [ -122.743091, 45.595342 ], [ -122.742169, 45.595117 ], [ -122.741197, 45.594887 ], [ -122.740235, 45.594659 ], [ -122.739272, 45.594434 ], [ -122.738309, 45.594208 ], [ -122.737346, 45.593979 ], [ -122.736385, 45.593752 ], [ -122.735418, 45.593523 ], [ -122.732675, 45.592823 ], [ -122.730779, 45.592338 ], [ -122.730363, 45.59223 ], [ -122.729471, 45.592006 ], [ -122.729065, 45.591913 ], [ -122.729101, 45.591884 ], [ -122.734885, 45.58716 ], [ -122.735739, 45.586462 ], [ -122.735885, 45.586343 ], [ -122.738732, 45.583945 ], [ -122.739987, 45.582888 ], [ -122.740832, 45.582191 ], [ -122.740995, 45.582056 ], [ -122.741257, 45.581871 ], [ -122.741673, 45.58155 ], [ -122.741718, 45.581513 ], [ -122.745543, 45.578268 ], [ -122.746571, 45.577396 ], [ -122.746767, 45.577242 ], [ -122.747077, 45.576997 ], [ -122.747997, 45.577399 ], [ -122.754022, 45.580028 ], [ -122.756338, 45.581064 ], [ -122.756372, 45.58108 ] ] ] } },
{ "type": "Feature", "properties": { "GEOID": "41051004200", "NAMELSAD": "Census Tract 42", "area_sqmi": 0.88308213991107865, "total_bike_miles": 2.018, "num_segments": 38, "bike_density": 2.29, "total_pop": 3952, "pop_white": 2811, "pop_black": 141, "pop_asian": 66, "pop_hispanic": 0, "pct_white": 71.1, "pct_nonwhite": 28.9, "pct_black": 3.6, "pct_asian": 1.7, "pct_hispanic": 0.0, "median_income": 74145.0 }, "geometry": { "type": "Polygon", "coordinates": [ [ [ -122.774927, 45.5987 ], [ -122.774381, 45.59906 ], [ -122.77304, 45.599596 ], [ -122.772401, 45.599852 ], [ -122.770994, 45.600415 ], [ -122.770873, 45.600468 ], [ -122.77076, 45.600529 ], [ -122.770653, 45.600595 ], [ -122.770557, 45.600669 ], [ -122.77047, 45.600747 ], [ -122.770373, 45.600858 ], [ -122.770331, 45.60087 ], [ -122.770292, 45.600765 ], [ -122.770269, 45.60067 ], [ -122.770236, 45.600573 ], [ -122.77019, 45.600478 ], [ -122.770131, 45.600387 ], [ -122.770061, 45.600299 ], [ -122.769982, 45.600216 ], [ -122.769893, 45.600138 ], [ -122.769792, 45.600066 ], [ -122.769577, 45.599971 ], [ -122.769463, 45.599735 ], [ -122.769145, 45.599188 ], [ -122.768483, 45.598072 ], [ -122.768122, 45.597463 ], [ -122.767601, 45.596582 ], [ -122.765998, 45.594223 ], [ -122.764422, 45.594945 ], [ -122.764303, 45.594969 ], [ -122.763524, 45.595285 ], [ -122.762643, 45.595642 ], [ -122.761762, 45.595999 ], [ -122.760895, 45.596348 ], [ -122.760598, 45.596469 ], [ -122.760006, 45.59671 ], [ -122.759849, 45.596774 ], [ -122.75937, 45.596968 ], [ -122.759168, 45.597051 ], [ -122.75887, 45.597175 ], [ -122.758646, 45.597267 ], [ -122.758388, 45.597373 ], [ -122.757895, 45.597575 ], [ -122.757409, 45.597775 ], [ -122.756919, 45.597978 ], [ -122.756614, 45.598104 ], [ -122.755679, 45.597141 ], [ -122.754584, 45.596012 ], [ -122.753525, 45.594924 ], [ -122.753394, 45.594916 ], [ -122.752701, 45.594738 ], [ -122.752212, 45.594604 ], [ -122.751733, 45.594477 ], [ -122.751541, 45.594427 ], [ -122.751249, 45.594348 ], [ -122.750817, 45.594234 ], [ -122.750279, 45.594091 ], [ -122.749288, 45.593828 ], [ -122.749174, 45.593797 ], [ -122.748321, 45.593598 ], [ -122.747358, 45.593372 ], [ -122.74804, 45.592031 ], [ -122.748666, 45.59082 ], [ -122.748881, 45.590421 ], [ -122.748982, 45.590229 ], [ -122.749116, 45.589964 ], [ -122.749285, 45.58964 ], [ -122.749247, 45.589546 ], [ -122.749619, 45.589484 ], [ -122.750548, 45.589303 ], [ -122.750886, 45.589242 ], [ -122.751041, 45.588997 ], [ -122.751474, 45.588352 ], [ -122.751517, 45.588273 ], [ -122.751891, 45.587699 ], [ -122.752311, 45.587054 ], [ -122.752727, 45.586419 ], [ -122.753184, 45.585764 ], [ -122.753585, 45.585094 ], [ -122.753993, 45.584454 ], [ -122.754047, 45.584381 ], [ -122.754403, 45.583826 ], [ -122.754463, 45.583741 ], [ -122.754761, 45.583318 ], [ -122.755134, 45.582803 ], [ -122.755244, 45.582652 ], [ -122.75541, 45.582419 ], [ -122.755724, 45.581982 ], [ -122.755977, 45.581631 ], [ -122.756077, 45.581489 ], [ -122.756238, 45.581272 ], [ -122.756372, 45.58108 ], [ -122.756618, 45.58121 ], [ -122.757007, 45.581418 ], [ -122.758619, 45.582279 ], [ -122.764308, 45.585316 ], [ -122.771838, 45.591807 ], [ -122.77716, 45.597975 ], [ -122.774927, 45.5987 ] ] ] } },
{ "type": "Feature", "properties": { "GEOID": "41051002303", "NAMELSAD": "Census Tract 23.03", "area_sqmi": 0.85030529720915371, "total_bike_miles": 9.172, "num_segments": 178, "bike_density": 10.79, "total_pop": 3947, "pop_white": 2423, "pop_black": 477, "pop_asian": 221, "pop_hispanic": 0, "pct_white": 61.4, "pct_nonwhite": 38.6, "pct_black": 12.1, "pct_asian": 5.6, "pct_hispanic": 0.0, "median_income": 47829.0 }, "geometry": { "type": "Polygon", "coordinates": [ [ [ -122.683269, 45.537922 ], [ -122.683023, 45.538109 ], [ -122.682027, 45.538887 ], [ -122.681562, 45.539278 ], [ -122.681027, 45.539697 ], [ -122.680927, 45.539777 ], [ -122.680274, 45.540282 ], [ -122.679729, 45.540744 ], [ -122.679677, 45.540772 ], [ -122.679601, 45.540822 ], [ -122.67933, 45.541016 ], [ -122.679229, 45.541109 ], [ -122.67915, 45.541015 ], [ -122.678301, 45.541013 ], [ -122.678225, 45.541012 ], [ -122.678036, 45.54101 ], [ -122.677697, 45.541007 ], [ -122.677185, 45.541014 ], [ -122.677024, 45.541017 ], [ -122.675839, 45.541013 ], [ -122.674792, 45.54101 ], [ -122.674593, 45.54101 ], [ -122.673778, 45.541007 ], [ -122.673315, 45.541006 ], [ -122.672763, 45.541004 ], [ -122.672202, 45.540993 ], [ -122.671971, 45.540991 ], [ -122.671682, 45.541003 ], [ -122.671016, 45.54102 ], [ -122.670734, 45.541036 ], [ -122.669467, 45.541032 ], [ -122.668706, 45.541029 ], [ -122.667928, 45.541027 ], [ -122.666679, 45.541022 ], [ -122.666686, 45.539969 ], [ -122.666689, 45.539585 ], [ -122.666694, 45.539006 ], [ -122.666237, 45.539004 ], [ -122.666086, 45.539003 ], [ -122.664157, 45.538999 ], [ -122.66162, 45.538991 ], [ -122.661622, 45.538709 ], [ -122.658614, 45.5387 ], [ -122.658612, 45.539014 ], [ -122.657562, 45.539009 ], [ -122.657572, 45.537474 ], [ -122.657578, 45.536487 ], [ -122.657581, 45.535774 ], [ -122.657585, 45.535061 ], [ -122.65759, 45.534349 ], [ -122.657595, 45.533627 ], [ -122.656588, 45.533626 ], [ -122.656567, 45.532479 ], [ -122.656587, 45.531493 ], [ -122.656595, 45.531383 ], [ -122.656574, 45.530059 ], [ -122.656574, 45.53004 ], [ -122.656564, 45.529396 ], [ -122.656558, 45.528638 ], [ -122.656529, 45.528479 ], [ -122.653923, 45.529193 ], [ -122.653623, 45.529077 ], [ -122.653583, 45.529015 ], [ -122.653574, 45.528918 ], [ -122.653568, 45.528757 ], [ -122.65356, 45.528521 ], [ -122.655144, 45.528092 ], [ -122.65562, 45.527945 ], [ -122.656221, 45.527733 ], [ -122.656558, 45.527603 ], [ -122.657294, 45.527275 ], [ -122.657962, 45.52696 ], [ -122.658055, 45.526915 ], [ -122.66008, 45.525936 ], [ -122.660423, 45.52577 ], [ -122.660672, 45.525672 ], [ -122.66067, 45.525885 ], [ -122.660819, 45.525826 ], [ -122.661052, 45.525753 ], [ -122.661285, 45.525696 ], [ -122.661697, 45.525641 ], [ -122.661874, 45.525648 ], [ -122.661952, 45.525654 ], [ -122.662123, 45.525672 ], [ -122.662347, 45.525707 ], [ -122.662539, 45.52574 ], [ -122.662768, 45.525791 ], [ -122.663013, 45.525848 ], [ -122.663299, 45.525927 ], [ -122.663471, 45.525983 ], [ -122.663644, 45.526044 ], [ -122.663785, 45.526101 ], [ -122.663892, 45.526153 ], [ -122.663934, 45.526174 ], [ -122.664288, 45.526369 ], [ -122.664855, 45.526784 ], [ -122.665233, 45.527066 ], [ -122.665347, 45.527158 ], [ -122.665346, 45.527178 ], [ -122.66534, 45.527286 ], [ -122.665348, 45.528651 ], [ -122.665562, 45.528651 ], [ -122.665779, 45.528652 ], [ -122.666363, 45.528633 ], [ -122.666641, 45.528618 ], [ -122.666781, 45.528592 ], [ -122.666836, 45.528582 ], [ -122.66693, 45.528547 ], [ -122.666954, 45.528537 ], [ -122.666999, 45.528518 ], [ -122.667466, 45.528314 ], [ -122.667593, 45.528256 ], [ -122.667912, 45.528111 ], [ -122.668056, 45.528045 ], [ -122.668077, 45.528036 ], [ -122.668298, 45.527935 ], [ -122.66865, 45.52778 ], [ -122.669003, 45.527626 ], [ -122.669085, 45.527698 ], [ -122.669159, 45.527763 ], [ -122.673945, 45.531963 ], [ -122.678037, 45.535282 ], [ -122.68098, 45.536756 ], [ -122.68204, 45.537288 ], [ -122.68267, 45.537603 ], [ -122.683101, 45.537819 ], [ -122.683176, 45.537857 ], [ -122.683201, 45.537869 ], [ -122.683269, 45.537922 ] ] ] } },
{ "type": "Feature", "properties": { "GEOID": "41051002600", "NAMELSAD": "Census Tract 26", "area_sqmi": 0.39714378403965017, "total_bike_miles": 2.273, "num_segments": 39, "bike_density": 5.72, "total_pop": 2712, "pop_white": 2201, "pop_black": 76, "pop_asian": 152, "pop_hispanic": 0, "pct_white": 81.2, "pct_nonwhite": 18.8, "pct_black": 2.8, "pct_asian": 5.6, "pct_hispanic": 0.0, "median_income": 133241.0 }, "geometry": { "type": "Polygon", "coordinates": [ [ [ -122.630693, 45.548255 ], [ -122.630088, 45.548258 ], [ -122.629128, 45.548262 ], [ -122.628082, 45.548267 ], [ -122.627064, 45.548272 ], [ -122.626054, 45.548276 ], [ -122.625129, 45.548281 ], [ -122.624955, 45.548285 ], [ -122.624777, 45.548282 ], [ -122.623834, 45.548287 ], [ -122.623187, 45.54829 ], [ -122.622827, 45.548293 ], [ -122.621804, 45.548296 ], [ -122.620789, 45.5483 ], [ -122.620798, 45.546978 ], [ -122.620809, 45.545415 ], [ -122.621062, 45.545174 ], [ -122.621324, 45.544994 ], [ -122.62155, 45.544822 ], [ -122.621799, 45.544661 ], [ -122.622094, 45.544489 ], [ -122.622311, 45.544321 ], [ -122.622638, 45.5441 ], [ -122.62279, 45.543989 ], [ -122.622861, 45.543914 ], [ -122.622912, 45.543836 ], [ -122.622941, 45.543768 ], [ -122.622956, 45.543633 ], [ -122.622971, 45.54347 ], [ -122.622961, 45.542109 ], [ -122.622966, 45.540574 ], [ -122.622967, 45.539038 ], [ -122.622968, 45.537777 ], [ -122.622969, 45.536515 ], [ -122.622969, 45.535152 ], [ -122.622919, 45.534855 ], [ -122.622853, 45.534755 ], [ -122.62284, 45.533883 ], [ -122.622865, 45.533799 ], [ -122.622918, 45.533693 ], [ -122.622918, 45.533463 ], [ -122.622924, 45.533392 ], [ -122.622925, 45.533372 ], [ -122.622925, 45.533281 ], [ -122.622927, 45.53321 ], [ -122.622928, 45.533184 ], [ -122.624513, 45.533555 ], [ -122.625093, 45.533691 ], [ -122.625494, 45.533785 ], [ -122.625886, 45.533869 ], [ -122.627491, 45.534211 ], [ -122.627941, 45.534288 ], [ -122.628429, 45.534355 ], [ -122.628802, 45.534375 ], [ -122.629234, 45.534375 ], [ -122.629296, 45.53437 ], [ -122.629342, 45.534366 ], [ -122.629595, 45.534345 ], [ -122.629976, 45.534285 ], [ -122.630457, 45.534178 ], [ -122.63064, 45.534137 ], [ -122.63064, 45.534208 ], [ -122.630641, 45.534343 ], [ -122.630642, 45.53453 ], [ -122.630642, 45.534581 ], [ -122.630666, 45.535159 ], [ -122.630664, 45.535777 ], [ -122.630665, 45.536449 ], [ -122.630667, 45.537093 ], [ -122.630671, 45.537782 ], [ -122.630669, 45.538973 ], [ -122.630675, 45.540118 ], [ -122.630677, 45.541034 ], [ -122.630677, 45.541116 ], [ -122.630679, 45.542062 ], [ -122.630683, 45.543638 ], [ -122.630686, 45.544639 ], [ -122.630688, 45.545282 ], [ -122.630689, 45.546015 ], [ -122.63069, 45.546736 ], [ -122.630693, 45.548255 ] ] ] } },
{ "type": "Feature", "properties": { "GEOID": "41051002701", "NAMELSAD": "Census Tract 27.01", "area_sqmi": 0.3523789583004574, "total_bike_miles": 1.735, "num_segments": 38, "bike_density": 4.92, "total_pop": 2950, "pop_white": 2559, "pop_black": 44, "pop_asian": 119, "pop_hispanic": 0, "pct_white": 86.7, "pct_nonwhite": 13.3, "pct_black": 1.5, "pct_asian": 4.0, "pct_hispanic": 0.0, "median_income": 147888.0 }, "geometry": { "type": "Polygon", "coordinates": [ [ [ -122.622971, 45.54347 ], [ -122.622956, 45.543633 ], [ -122.622941, 45.543768 ], [ -122.622912, 45.543836 ], [ -122.622861, 45.543914 ], [ -122.62279, 45.543989 ], [ -122.622638, 45.5441 ], [ -122.622311, 45.544321 ], [ -122.622094, 45.544489 ], [ -122.621799, 45.544661 ], [ -122.62155, 45.544822 ], [ -122.621324, 45.544994 ], [ -122.621062, 45.545174 ], [ -122.620809, 45.545415 ], [ -122.620798, 45.546978 ], [ -122.620789, 45.5483 ], [ -122.62038, 45.5483 ], [ -122.619773, 45.5483 ], [ -122.619363, 45.548299 ], [ -122.618755, 45.548297 ], [ -122.618367, 45.548296 ], [ -122.617744, 45.548294 ], [ -122.617136, 45.548292 ], [ -122.616729, 45.548291 ], [ -122.616122, 45.548289 ], [ -122.615713, 45.548288 ], [ -122.615052, 45.548286 ], [ -122.614698, 45.548285 ], [ -122.613683, 45.548282 ], [ -122.61267, 45.548278 ], [ -122.611653, 45.548275 ], [ -122.611268, 45.548274 ], [ -122.610636, 45.548274 ], [ -122.610649, 45.546936 ], [ -122.610662, 45.545401 ], [ -122.610668, 45.544335 ], [ -122.610677, 45.543728 ], [ -122.610691, 45.542029 ], [ -122.61072, 45.541919 ], [ -122.610959, 45.541912 ], [ -122.610936, 45.541716 ], [ -122.610916, 45.541622 ], [ -122.610902, 45.541586 ], [ -122.610873, 45.541535 ], [ -122.61084, 45.54149 ], [ -122.610778, 45.541427 ], [ -122.610747, 45.541405 ], [ -122.61064, 45.541354 ], [ -122.610853, 45.541049 ], [ -122.610939, 45.541004 ], [ -122.610943, 45.539911 ], [ -122.610929, 45.539793 ], [ -122.610916, 45.539676 ], [ -122.610916, 45.539032 ], [ -122.611928, 45.539035 ], [ -122.612946, 45.539034 ], [ -122.613185, 45.539033 ], [ -122.613964, 45.539034 ], [ -122.614975, 45.539034 ], [ -122.615957, 45.539035 ], [ -122.616932, 45.539035 ], [ -122.617904, 45.539036 ], [ -122.618909, 45.539036 ], [ -122.619923, 45.539037 ], [ -122.620938, 45.539037 ], [ -122.621953, 45.539038 ], [ -122.622967, 45.539038 ], [ -122.622966, 45.540574 ], [ -122.622961, 45.542109 ], [ -122.622971, 45.54347 ] ] ] } },
{ "type": "Feature", "properties": { "GEOID": "41051002702", "NAMELSAD": "Census Tract 27.02", "area_sqmi": 0.33087341257205038, "total_bike_miles": 1.971, "num_segments": 42, "bike_density": 5.96, "total_pop": 3525, "pop_white": 2528, "pop_black": 290, "pop_asian": 193, "pop_hispanic": 0, "pct_white": 71.7, "pct_nonwhite": 28.3, "pct_black": 8.2, "pct_asian": 5.5, "pct_hispanic": 0.0, "median_income": 83882.0 }, "geometry": { "type": "Polygon", "coordinates": [ [ [ -122.622969, 45.536515 ], [ -122.622968, 45.537777 ], [ -122.622967, 45.539038 ], [ -122.621953, 45.539038 ], [ -122.620938, 45.539037 ], [ -122.619923, 45.539037 ], [ -122.618909, 45.539036 ], [ -122.617904, 45.539036 ], [ -122.616932, 45.539035 ], [ -122.615957, 45.539035 ], [ -122.614975, 45.539034 ], [ -122.613964, 45.539034 ], [ -122.613185, 45.539033 ], [ -122.612946, 45.539034 ], [ -122.611928, 45.539035 ], [ -122.610916, 45.539032 ], [ -122.610918, 45.53777 ], [ -122.61092, 45.53651 ], [ -122.610925, 45.535125 ], [ -122.610926, 45.533729 ], [ -122.610018, 45.533728 ], [ -122.610113, 45.533646 ], [ -122.610113, 45.533358 ], [ -122.610113, 45.532994 ], [ -122.610113, 45.532267 ], [ -122.610113, 45.531199 ], [ -122.610112, 45.530831 ], [ -122.61011, 45.530463 ], [ -122.610104, 45.529765 ], [ -122.610099, 45.529052 ], [ -122.610097, 45.52845 ], [ -122.610016, 45.528377 ], [ -122.609933, 45.528315 ], [ -122.60981, 45.528257 ], [ -122.609683, 45.528236 ], [ -122.609578, 45.528231 ], [ -122.608835, 45.528224 ], [ -122.608843, 45.527824 ], [ -122.608845, 45.527652 ], [ -122.609328, 45.527715 ], [ -122.609882, 45.52783 ], [ -122.610078, 45.527882 ], [ -122.610438, 45.527976 ], [ -122.610933, 45.528159 ], [ -122.611407, 45.528375 ], [ -122.611905, 45.52863 ], [ -122.61246, 45.528976 ], [ -122.613422, 45.52961 ], [ -122.614469, 45.530336 ], [ -122.61499, 45.530711 ], [ -122.615918, 45.531327 ], [ -122.616511, 45.531646 ], [ -122.617018, 45.531867 ], [ -122.617312, 45.531954 ], [ -122.61776, 45.532088 ], [ -122.617884, 45.532114 ], [ -122.620252, 45.532607 ], [ -122.620401, 45.532638 ], [ -122.620772, 45.532715 ], [ -122.622927, 45.53321 ], [ -122.622925, 45.533281 ], [ -122.622925, 45.533372 ], [ -122.622924, 45.533392 ], [ -122.622918, 45.533463 ], [ -122.622918, 45.533693 ], [ -122.622865, 45.533799 ], [ -122.62284, 45.533883 ], [ -122.622853, 45.534755 ], [ -122.622919, 45.534855 ], [ -122.622969, 45.535152 ], [ -122.622969, 45.536515 ] ] ] } },
{ "type": "Feature", "properties": { "GEOID": "41051002802", "NAMELSAD": "Census Tract 28.02", "area_sqmi": 0.3793581099633615, "total_bike_miles": 1.367, "num_segments": 25, "bike_density": 3.6, "total_pop": 3003, "pop_white": 2510, "pop_black": 33, "pop_asian": 154, "pop_hispanic": 0, "pct_white": 83.6, "pct_nonwhite": 16.4, "pct_black": 1.1, "pct_asian": 5.1, "pct_hispanic": 0.0, "median_income": 136667.0 }, "geometry": { "type": "Polygon", "coordinates": [ [ [ -122.610925, 45.535125 ], [ -122.61092, 45.53651 ], [ -122.610918, 45.53777 ], [ -122.610916, 45.539032 ], [ -122.609902, 45.539031 ], [ -122.608887, 45.539031 ], [ -122.607872, 45.53903 ], [ -122.606858, 45.53903 ], [ -122.605843, 45.539029 ], [ -122.60462, 45.53903 ], [ -122.604637, 45.538921 ], [ -122.604639, 45.538809 ], [ -122.604504, 45.538814 ], [ -122.603602, 45.538807 ], [ -122.602575, 45.538802 ], [ -122.602287, 45.538799 ], [ -122.602069, 45.538774 ], [ -122.601894, 45.538749 ], [ -122.601539, 45.538743 ], [ -122.600525, 45.538742 ], [ -122.59948, 45.53874 ], [ -122.599508, 45.537644 ], [ -122.599512, 45.537344 ], [ -122.599522, 45.536544 ], [ -122.599528, 45.536157 ], [ -122.599547, 45.53495 ], [ -122.599565, 45.533701 ], [ -122.59892, 45.533696 ], [ -122.598928, 45.532931 ], [ -122.598935, 45.532312 ], [ -122.598942, 45.531598 ], [ -122.59943, 45.53162 ], [ -122.600236, 45.531626 ], [ -122.600245, 45.530991 ], [ -122.600251, 45.530494 ], [ -122.600286, 45.530416 ], [ -122.600336, 45.530379 ], [ -122.60047, 45.530314 ], [ -122.601229, 45.530311 ], [ -122.602208, 45.530317 ], [ -122.602212, 45.530102 ], [ -122.602223, 45.529344 ], [ -122.602225, 45.529163 ], [ -122.603128, 45.528708 ], [ -122.604063, 45.528296 ], [ -122.604577, 45.528113 ], [ -122.605194, 45.527928 ], [ -122.605689, 45.527796 ], [ -122.606014, 45.527729 ], [ -122.606388, 45.527679 ], [ -122.607484, 45.527601 ], [ -122.607665, 45.527602 ], [ -122.608107, 45.527604 ], [ -122.608557, 45.527616 ], [ -122.608845, 45.527652 ], [ -122.608843, 45.527824 ], [ -122.608835, 45.528224 ], [ -122.609578, 45.528231 ], [ -122.609683, 45.528236 ], [ -122.60981, 45.528257 ], [ -122.609933, 45.528315 ], [ -122.610016, 45.528377 ], [ -122.610097, 45.52845 ], [ -122.610099, 45.529052 ], [ -122.610104, 45.529765 ], [ -122.61011, 45.530463 ], [ -122.610112, 45.530831 ], [ -122.610113, 45.531199 ], [ -122.610113, 45.532267 ], [ -122.610113, 45.532994 ], [ -122.610113, 45.533358 ], [ -122.610113, 45.533646 ], [ -122.610018, 45.533728 ], [ -122.610926, 45.533729 ], [ -122.610925, 45.535125 ] ] ] } },
{ "type": "Feature", "properties": { "GEOID": "41051002901", "NAMELSAD": "Census Tract 29.01", "area_sqmi": 0.59302108314547186, "total_bike_miles": 0.708, "num_segments": 15, "bike_density": 1.19, "total_pop": 4481, "pop_white": 3829, "pop_black": 39, "pop_asian": 194, "pop_hispanic": 0, "pct_white": 85.4, "pct_nonwhite": 14.6, "pct_black": 0.9, "pct_asian": 4.3, "pct_hispanic": 0.0, "median_income": 117865.0 }, "geometry": { "type": "Polygon", "coordinates": [ [ [ -122.604535, 45.548325 ], [ -122.604524, 45.548958 ], [ -122.604514, 45.549405 ], [ -122.604511, 45.549671 ], [ -122.604503, 45.550065 ], [ -122.6045, 45.550384 ], [ -122.604495, 45.550753 ], [ -122.60448, 45.551098 ], [ -122.604423, 45.551191 ], [ -122.60395, 45.55179 ], [ -122.603576, 45.552225 ], [ -122.603352, 45.552488 ], [ -122.602185, 45.553878 ], [ -122.600852, 45.555453 ], [ -122.599257, 45.555455 ], [ -122.598299, 45.555452 ], [ -122.597281, 45.555452 ], [ -122.596266, 45.555451 ], [ -122.595251, 45.555449 ], [ -122.593221, 45.555446 ], [ -122.592205, 45.555445 ], [ -122.591191, 45.555443 ], [ -122.590175, 45.555442 ], [ -122.58916, 45.55544 ], [ -122.588993, 45.555439 ], [ -122.588754, 45.555441 ], [ -122.587735, 45.555439 ], [ -122.586764, 45.555437 ], [ -122.585705, 45.555436 ], [ -122.584687, 45.555433 ], [ -122.583676, 45.555433 ], [ -122.582663, 45.555433 ], [ -122.581616, 45.55543 ], [ -122.580631, 45.555428 ], [ -122.579617, 45.555427 ], [ -122.579081, 45.555425 ], [ -122.579016, 45.555425 ], [ -122.578616, 45.555425 ], [ -122.578645, 45.553796 ], [ -122.578666, 45.552657 ], [ -122.57867, 45.552428 ], [ -122.578749, 45.552396 ], [ -122.578818, 45.552368 ], [ -122.579686, 45.552014 ], [ -122.580707, 45.551598 ], [ -122.581731, 45.551181 ], [ -122.582128, 45.551022 ], [ -122.582753, 45.550769 ], [ -122.583771, 45.550352 ], [ -122.584798, 45.549934 ], [ -122.585832, 45.549554 ], [ -122.586852, 45.549137 ], [ -122.587868, 45.548741 ], [ -122.588897, 45.548342 ], [ -122.589216, 45.548217 ], [ -122.59016, 45.547852 ], [ -122.591258, 45.54742 ], [ -122.592165, 45.547071 ], [ -122.592651, 45.546874 ], [ -122.593298, 45.546626 ], [ -122.594315, 45.546229 ], [ -122.59533, 45.54583 ], [ -122.596353, 45.545434 ], [ -122.596611, 45.545338 ], [ -122.597369, 45.545039 ], [ -122.598387, 45.54464 ], [ -122.599399, 45.544246 ], [ -122.599398, 45.545353 ], [ -122.599384, 45.546888 ], [ -122.599373, 45.548216 ], [ -122.600427, 45.54822 ], [ -122.600941, 45.548223 ], [ -122.601441, 45.548225 ], [ -122.602475, 45.54823 ], [ -122.602737, 45.548232 ], [ -122.60349, 45.548237 ], [ -122.604542, 45.548242 ], [ -122.604535, 45.548325 ] ] ] } },
{ "type": "Feature", "properties": { "GEOID": "41051002902", "NAMELSAD": "Census Tract 29.02", "area_sqmi": 0.97357029113062843, "total_bike_miles": 3.716, "num_segments": 55, "bike_density": 3.82, "total_pop": 6221, "pop_white": 4693, "pop_black": 75, "pop_asian": 392, "pop_hispanic": 0, "pct_white": 75.4, "pct_nonwhite": 24.6, "pct_black": 1.2, "pct_asian": 6.3, "pct_hispanic": 0.0, "median_income": 111051.0 }, "geometry": { "type": "Polygon", "coordinates": [ [ [ -122.602223, 45.529344 ], [ -122.602212, 45.530102 ], [ -122.602208, 45.530317 ], [ -122.601229, 45.530311 ], [ -122.60047, 45.530314 ], [ -122.600336, 45.530379 ], [ -122.600286, 45.530416 ], [ -122.600251, 45.530494 ], [ -122.600245, 45.530991 ], [ -122.600236, 45.531626 ], [ -122.59943, 45.53162 ], [ -122.598942, 45.531598 ], [ -122.598935, 45.532312 ], [ -122.598928, 45.532931 ], [ -122.59892, 45.533696 ], [ -122.599565, 45.533701 ], [ -122.599547, 45.53495 ], [ -122.599528, 45.536157 ], [ -122.599522, 45.536544 ], [ -122.599512, 45.537344 ], [ -122.599508, 45.537644 ], [ -122.59948, 45.53874 ], [ -122.59947, 45.539944 ], [ -122.599442, 45.540334 ], [ -122.599437, 45.540964 ], [ -122.599425, 45.542253 ], [ -122.599413, 45.543679 ], [ -122.599399, 45.544246 ], [ -122.598387, 45.54464 ], [ -122.597369, 45.545039 ], [ -122.596611, 45.545338 ], [ -122.596353, 45.545434 ], [ -122.59533, 45.54583 ], [ -122.594315, 45.546229 ], [ -122.593298, 45.546626 ], [ -122.592651, 45.546874 ], [ -122.592165, 45.547071 ], [ -122.591258, 45.54742 ], [ -122.59016, 45.547852 ], [ -122.589216, 45.548217 ], [ -122.588897, 45.548342 ], [ -122.587868, 45.548741 ], [ -122.586852, 45.549137 ], [ -122.585832, 45.549554 ], [ -122.584798, 45.549934 ], [ -122.583771, 45.550352 ], [ -122.582753, 45.550769 ], [ -122.582128, 45.551022 ], [ -122.581731, 45.551181 ], [ -122.580707, 45.551598 ], [ -122.579686, 45.552014 ], [ -122.578818, 45.552368 ], [ -122.578749, 45.552396 ], [ -122.57867, 45.552428 ], [ -122.578664, 45.552304 ], [ -122.578685, 45.551257 ], [ -122.578687, 45.551198 ], [ -122.578688, 45.551146 ], [ -122.578689, 45.551092 ], [ -122.57871, 45.551001 ], [ -122.57871, 45.550763 ], [ -122.578712, 45.550188 ], [ -122.578712, 45.54981 ], [ -122.578712, 45.54975 ], [ -122.578713, 45.549576 ], [ -122.578716, 45.549356 ], [ -122.578725, 45.548863 ], [ -122.578737, 45.548142 ], [ -122.578749, 45.547323 ], [ -122.578773, 45.546339 ], [ -122.578808, 45.544592 ], [ -122.578825, 45.544517 ], [ -122.578841, 45.544441 ], [ -122.578919, 45.540841 ], [ -122.578932, 45.54009 ], [ -122.578942, 45.539404 ], [ -122.578944, 45.539151 ], [ -122.578925, 45.539066 ], [ -122.578933, 45.538722 ], [ -122.578946, 45.538034 ], [ -122.578959, 45.537228 ], [ -122.578975, 45.536369 ], [ -122.57898, 45.53568 ], [ -122.578997, 45.53501 ], [ -122.579004, 45.534502 ], [ -122.579018, 45.534049 ], [ -122.579024, 45.53395 ], [ -122.579038, 45.533747 ], [ -122.579534, 45.533911 ], [ -122.579963, 45.534072 ], [ -122.580148, 45.534119 ], [ -122.581904, 45.534777 ], [ -122.582772, 45.535133 ], [ -122.583463, 45.535388 ], [ -122.584277, 45.535601 ], [ -122.584928, 45.535737 ], [ -122.585536, 45.535828 ], [ -122.586395, 45.535868 ], [ -122.586847, 45.535846 ], [ -122.587168, 45.535855 ], [ -122.587595, 45.535834 ], [ -122.587902, 45.535809 ], [ -122.588292, 45.535755 ], [ -122.588706, 45.535676 ], [ -122.589198, 45.535566 ], [ -122.589686, 45.535444 ], [ -122.590284, 45.535256 ], [ -122.590887, 45.535017 ], [ -122.593012, 45.533914 ], [ -122.593532, 45.533644 ], [ -122.594323, 45.533254 ], [ -122.596679, 45.532076 ], [ -122.599131, 45.530811 ], [ -122.600178, 45.53027 ], [ -122.601148, 45.529745 ], [ -122.602225, 45.529163 ], [ -122.602223, 45.529344 ] ] ] } },
{ "type": "Feature", "properties": { "GEOID": "41051002903", "NAMELSAD": "Census Tract 29.03", "area_sqmi": 1.1312751520720601, "total_bike_miles": 0.508, "num_segments": 8, "bike_density": 0.45, "total_pop": 4324, "pop_white": 3310, "pop_black": 127, "pop_asian": 279, "pop_hispanic": 0, "pct_white": 76.5, "pct_nonwhite": 23.5, "pct_black": 2.9, "pct_asian": 6.5, "pct_hispanic": 0.0, "median_income": 90833.0 }, "geometry": { "type": "Polygon", "coordinates": [ [ [ -122.579024, 45.53395 ], [ -122.579018, 45.534049 ], [ -122.579004, 45.534502 ], [ -122.578997, 45.53501 ], [ -122.57898, 45.53568 ], [ -122.578975, 45.536369 ], [ -122.578959, 45.537228 ], [ -122.578946, 45.538034 ], [ -122.578933, 45.538722 ], [ -122.578925, 45.539066 ], [ -122.578944, 45.539151 ], [ -122.578942, 45.539404 ], [ -122.578932, 45.54009 ], [ -122.578919, 45.540841 ], [ -122.578841, 45.544441 ], [ -122.578825, 45.544517 ], [ -122.578808, 45.544592 ], [ -122.578773, 45.546339 ], [ -122.578749, 45.547323 ], [ -122.578737, 45.548142 ], [ -122.578725, 45.548863 ], [ -122.578716, 45.549356 ], [ -122.578713, 45.549576 ], [ -122.578712, 45.54975 ], [ -122.578712, 45.54981 ], [ -122.578712, 45.550188 ], [ -122.57871, 45.550763 ], [ -122.57871, 45.551001 ], [ -122.578689, 45.551092 ], [ -122.578688, 45.551146 ], [ -122.578687, 45.551198 ], [ -122.578685, 45.551257 ], [ -122.578664, 45.552304 ], [ -122.57867, 45.552428 ], [ -122.57777, 45.552795 ], [ -122.577005, 45.553107 ], [ -122.575937, 45.553543 ], [ -122.575617, 45.553674 ], [ -122.575443, 45.553607 ], [ -122.573444, 45.553601 ], [ -122.570381, 45.553584 ], [ -122.569979, 45.553556 ], [ -122.568811, 45.553506 ], [ -122.568494, 45.553503 ], [ -122.56822, 45.55354 ], [ -122.567872, 45.55357 ], [ -122.567831, 45.553574 ], [ -122.567605, 45.553576 ], [ -122.567063, 45.553581 ], [ -122.567073, 45.55371 ], [ -122.566501, 45.553609 ], [ -122.566434, 45.55351 ], [ -122.56627, 45.553293 ], [ -122.566044, 45.553014 ], [ -122.565767, 45.552742 ], [ -122.565697, 45.552672 ], [ -122.565526, 45.552501 ], [ -122.565197, 45.552226 ], [ -122.564272, 45.551562 ], [ -122.56391, 45.55131 ], [ -122.56278, 45.55047 ], [ -122.562029, 45.549942 ], [ -122.561634, 45.549569 ], [ -122.561438, 45.549348 ], [ -122.561293, 45.549146 ], [ -122.561109, 45.548876 ], [ -122.560922, 45.548566 ], [ -122.560749, 45.548199 ], [ -122.560672, 45.547983 ], [ -122.56063, 45.547835 ], [ -122.560567, 45.547527 ], [ -122.56054, 45.547303 ], [ -122.560519, 45.547007 ], [ -122.560532, 45.546636 ], [ -122.560605, 45.546264 ], [ -122.560742, 45.545776 ], [ -122.561691, 45.543581 ], [ -122.562168, 45.542449 ], [ -122.56225, 45.54222 ], [ -122.562694, 45.540973 ], [ -122.563289, 45.538732 ], [ -122.563814, 45.536758 ], [ -122.564194, 45.535327 ], [ -122.56452, 45.534133 ], [ -122.564742, 45.533234 ], [ -122.564468, 45.533318 ], [ -122.564482, 45.533247 ], [ -122.564528, 45.533025 ], [ -122.564578, 45.532833 ], [ -122.564593, 45.532688 ], [ -122.564671, 45.531931 ], [ -122.564673, 45.53191 ], [ -122.56501, 45.532003 ], [ -122.565151, 45.532036 ], [ -122.566009, 45.532181 ], [ -122.566375, 45.532208 ], [ -122.567035, 45.53218 ], [ -122.567687, 45.532144 ], [ -122.568087, 45.5321 ], [ -122.568212, 45.532085 ], [ -122.568916, 45.531978 ], [ -122.569099, 45.53195 ], [ -122.569416, 45.531908 ], [ -122.569497, 45.531912 ], [ -122.56978, 45.531916 ], [ -122.570907, 45.531881 ], [ -122.571448, 45.531881 ], [ -122.572098, 45.531933 ], [ -122.572305, 45.531949 ], [ -122.573508, 45.532084 ], [ -122.574329, 45.532227 ], [ -122.575195, 45.53247 ], [ -122.579038, 45.533747 ], [ -122.579024, 45.53395 ] ] ] } },
{ "type": "Feature", "properties": { "GEOID": "41051004700", "NAMELSAD": "Census Tract 47", "area_sqmi": 0.27591363872665731, "total_bike_miles": 1.208, "num_segments": 27, "bike_density": 4.38, "total_pop": 3930, "pop_white": 3363, "pop_black": 67, "pop_asian": 149, "pop_hispanic": 0, "pct_white": 85.6, "pct_nonwhite": 14.4, "pct_black": 1.7, "pct_asian": 3.8, "pct_hispanic": 0.0, "median_income": 89250.0 }, "geometry": { "type": "Polygon", "coordinates": [ [ [ -122.714258, 45.532259 ], [ -122.713467, 45.533258 ], [ -122.713142, 45.533258 ], [ -122.713033, 45.533422 ], [ -122.712661, 45.533476 ], [ -122.712627, 45.533815 ], [ -122.712372, 45.534298 ], [ -122.712361, 45.534534 ], [ -122.712208, 45.534867 ], [ -122.712166, 45.535348 ], [ -122.712497, 45.535526 ], [ -122.712363, 45.535502 ], [ -122.712327, 45.535496 ], [ -122.712296, 45.53549 ], [ -122.712028, 45.535442 ], [ -122.711961, 45.53543 ], [ -122.7111, 45.535272 ], [ -122.710983, 45.535273 ], [ -122.708803, 45.535309 ], [ -122.706819, 45.535344 ], [ -122.705679, 45.535368 ], [ -122.70483, 45.535381 ], [ -122.70284, 45.535418 ], [ -122.701884, 45.535441 ], [ -122.700853, 45.535454 ], [ -122.700824, 45.534742 ], [ -122.700813, 45.534637 ], [ -122.700797, 45.534029 ], [ -122.70077, 45.533316 ], [ -122.700744, 45.532603 ], [ -122.698715, 45.532641 ], [ -122.698716, 45.532565 ], [ -122.698689, 45.531928 ], [ -122.698679, 45.531655 ], [ -122.698662, 45.531215 ], [ -122.698639, 45.530597 ], [ -122.698635, 45.530502 ], [ -122.698609, 45.529789 ], [ -122.698582, 45.529076 ], [ -122.698556, 45.528363 ], [ -122.698529, 45.527651 ], [ -122.696501, 45.527688 ], [ -122.696474, 45.526975 ], [ -122.696448, 45.526262 ], [ -122.696432, 45.525851 ], [ -122.696421, 45.525549 ], [ -122.696394, 45.524837 ], [ -122.696368, 45.524124 ], [ -122.696326, 45.523315 ], [ -122.696792, 45.523339 ], [ -122.697385, 45.52337 ], [ -122.698188, 45.523432 ], [ -122.700011, 45.523703 ], [ -122.699988, 45.523783 ], [ -122.699785, 45.524002 ], [ -122.699432, 45.524385 ], [ -122.699338, 45.524434 ], [ -122.699676, 45.524769 ], [ -122.700414, 45.525434 ], [ -122.700841, 45.526101 ], [ -122.701115, 45.526529 ], [ -122.701381, 45.526864 ], [ -122.701467, 45.526971 ], [ -122.701599, 45.527121 ], [ -122.701806, 45.527375 ], [ -122.701926, 45.527522 ], [ -122.702549, 45.528285 ], [ -122.702731, 45.528376 ], [ -122.703472, 45.528717 ], [ -122.703657, 45.529181 ], [ -122.703674, 45.529557 ], [ -122.70368, 45.529696 ], [ -122.704374, 45.529687 ], [ -122.704539, 45.529808 ], [ -122.705312, 45.530378 ], [ -122.70549, 45.530507 ], [ -122.706183, 45.531021 ], [ -122.707198, 45.531771 ], [ -122.707428, 45.531906 ], [ -122.708375, 45.532452 ], [ -122.708644, 45.532616 ], [ -122.70901, 45.532828 ], [ -122.709326, 45.533001 ], [ -122.70941, 45.533037 ], [ -122.709469, 45.533056 ], [ -122.709533, 45.533068 ], [ -122.709621, 45.533073 ], [ -122.710363, 45.53306 ], [ -122.710462, 45.533037 ], [ -122.710511, 45.533014 ], [ -122.710551, 45.532985 ], [ -122.710564, 45.532958 ], [ -122.710572, 45.532909 ], [ -122.710573, 45.532425 ], [ -122.712141, 45.532401 ], [ -122.712582, 45.53237 ], [ -122.713031, 45.532305 ], [ -122.713522, 45.532219 ], [ -122.714218, 45.532097 ], [ -122.714258, 45.532259 ] ] ] } },
{ "type": "Feature", "properties": { "GEOID": "41051004602", "NAMELSAD": "Census Tract 46.02", "area_sqmi": 0.53619717663568722, "total_bike_miles": 1.721, "num_segments": 37, "bike_density": 3.21, "total_pop": 2050, "pop_white": 1718, "pop_black": 0, "pop_asian": 87, "pop_hispanic": 0, "pct_white": 83.8, "pct_nonwhite": 16.2, "pct_black": 0.0, "pct_asian": 4.2, "pct_hispanic": 0.0, "median_income": 188897.0 }, "geometry": { "type": "Polygon", "coordinates": [ [ [ -122.719362, 45.507094 ], [ -122.719357, 45.507214 ], [ -122.719351, 45.507349 ], [ -122.718925, 45.50725 ], [ -122.716493, 45.506686 ], [ -122.715958, 45.506606 ], [ -122.715435, 45.506572 ], [ -122.71496, 45.506576 ], [ -122.714479, 45.506614 ], [ -122.714404, 45.506635 ], [ -122.713634, 45.506743 ], [ -122.713089, 45.506818 ], [ -122.712579, 45.506888 ], [ -122.711493, 45.507043 ], [ -122.711017, 45.507105 ], [ -122.710841, 45.507137 ], [ -122.710613, 45.507189 ], [ -122.710269, 45.507292 ], [ -122.709997, 45.507401 ], [ -122.709633, 45.507588 ], [ -122.70941, 45.507734 ], [ -122.709238, 45.507869 ], [ -122.709016, 45.508079 ], [ -122.707652, 45.510001 ], [ -122.707256, 45.51044 ], [ -122.707232, 45.510461 ], [ -122.706733, 45.510907 ], [ -122.7064, 45.511146 ], [ -122.706114, 45.51133 ], [ -122.70573, 45.511546 ], [ -122.705277, 45.511765 ], [ -122.704761, 45.511969 ], [ -122.703914, 45.512274 ], [ -122.703332, 45.512515 ], [ -122.70279, 45.512808 ], [ -122.70242, 45.513001 ], [ -122.70225, 45.513173 ], [ -122.701982, 45.513399 ], [ -122.701114, 45.514371 ], [ -122.700763, 45.514746 ], [ -122.700413, 45.515194 ], [ -122.700086, 45.515591 ], [ -122.69967, 45.516078 ], [ -122.699572, 45.516206 ], [ -122.699477, 45.516405 ], [ -122.6994, 45.516658 ], [ -122.699379, 45.516812 ], [ -122.699383, 45.516921 ], [ -122.699456, 45.517222 ], [ -122.699525, 45.517371 ], [ -122.6996, 45.517487 ], [ -122.699728, 45.517635 ], [ -122.700131, 45.518041 ], [ -122.700208, 45.518136 ], [ -122.700246, 45.518211 ], [ -122.700303, 45.518323 ], [ -122.700327, 45.518396 ], [ -122.700338, 45.518508 ], [ -122.700333, 45.518603 ], [ -122.70032, 45.518708 ], [ -122.700295, 45.518793 ], [ -122.700258, 45.518873 ], [ -122.700227, 45.518941 ], [ -122.70019, 45.518993 ], [ -122.700091, 45.519093 ], [ -122.699975, 45.519183 ], [ -122.69991, 45.519224 ], [ -122.699703, 45.519316 ], [ -122.699638, 45.51934 ], [ -122.699396, 45.519395 ], [ -122.699099, 45.519424 ], [ -122.698856, 45.519421 ], [ -122.698176, 45.519306 ], [ -122.697842, 45.519229 ], [ -122.696979, 45.519067 ], [ -122.696398, 45.518942 ], [ -122.696173, 45.518878 ], [ -122.69562, 45.518722 ], [ -122.695248, 45.518616 ], [ -122.694734, 45.518478 ], [ -122.694301, 45.518362 ], [ -122.693747, 45.518221 ], [ -122.693182, 45.51808 ], [ -122.693049, 45.518082 ], [ -122.692883, 45.518042 ], [ -122.69274, 45.518007 ], [ -122.692495, 45.517945 ], [ -122.692361, 45.517911 ], [ -122.692464, 45.517694 ], [ -122.692603, 45.51749 ], [ -122.692968, 45.516814 ], [ -122.693336, 45.516165 ], [ -122.693626, 45.515561 ], [ -122.693949, 45.515615 ], [ -122.694773, 45.51573 ], [ -122.695244, 45.51581 ], [ -122.696472, 45.516002 ], [ -122.69675, 45.515799 ], [ -122.696947, 45.515376 ], [ -122.696947, 45.515327 ], [ -122.696934, 45.515289 ], [ -122.696905, 45.515244 ], [ -122.696843, 45.515194 ], [ -122.696737, 45.51515 ], [ -122.696, 45.514956 ], [ -122.695831, 45.514899 ], [ -122.695697, 45.514836 ], [ -122.695619, 45.514772 ], [ -122.695568, 45.514714 ], [ -122.695508, 45.514635 ], [ -122.695464, 45.514498 ], [ -122.695443, 45.514397 ], [ -122.695216, 45.513418 ], [ -122.695178, 45.513353 ], [ -122.695151, 45.513326 ], [ -122.695129, 45.513304 ], [ -122.695063, 45.513269 ], [ -122.695038, 45.513256 ], [ -122.694929, 45.513223 ], [ -122.694867, 45.512931 ], [ -122.694807, 45.51264 ], [ -122.69498, 45.512516 ], [ -122.695493, 45.512149 ], [ -122.694687, 45.511933 ], [ -122.694544, 45.511895 ], [ -122.69356, 45.511632 ], [ -122.69392, 45.510965 ], [ -122.694281, 45.510299 ], [ -122.694641, 45.509632 ], [ -122.695002, 45.508966 ], [ -122.695364, 45.508299 ], [ -122.695757, 45.507628 ], [ -122.696102, 45.506979 ], [ -122.696089, 45.506854 ], [ -122.69619, 45.506848 ], [ -122.696303, 45.506836 ], [ -122.696412, 45.506817 ], [ -122.696517, 45.506789 ], [ -122.696618, 45.506754 ], [ -122.69671, 45.506711 ], [ -122.696799, 45.506663 ], [ -122.696883, 45.506609 ], [ -122.696955, 45.506549 ], [ -122.697019, 45.506484 ], [ -122.697075, 45.506415 ], [ -122.697127, 45.506339 ], [ -122.697164, 45.506265 ], [ -122.697259, 45.50598 ], [ -122.697273, 45.505925 ], [ -122.697279, 45.505874 ], [ -122.697264, 45.505798 ], [ -122.697337, 45.50578 ], [ -122.697435, 45.505768 ], [ -122.697574, 45.505771 ], [ -122.698217, 45.505831 ], [ -122.699022, 45.505925 ], [ -122.699374, 45.506016 ], [ -122.699939, 45.506241 ], [ -122.700149, 45.506247 ], [ -122.700309, 45.50623 ], [ -122.700462, 45.506172 ], [ -122.700587, 45.506044 ], [ -122.700851, 45.505465 ], [ -122.700982, 45.505345 ], [ -122.70113, 45.505332 ], [ -122.701347, 45.505336 ], [ -122.70157, 45.505359 ], [ -122.702208, 45.50541 ], [ -122.702456, 45.505442 ], [ -122.702734, 45.505499 ], [ -122.703018, 45.505569 ], [ -122.703286, 45.50557 ], [ -122.703482, 45.505548 ], [ -122.703753, 45.505467 ], [ -122.70432, 45.505253 ], [ -122.704573, 45.505187 ], [ -122.704793, 45.505142 ], [ -122.704976, 45.505118 ], [ -122.705212, 45.505106 ], [ -122.70535, 45.505107 ], [ -122.705497, 45.505124 ], [ -122.705599, 45.505146 ], [ -122.705675, 45.505148 ], [ -122.705792, 45.505131 ], [ -122.705856, 45.505088 ], [ -122.705938, 45.504997 ], [ -122.706191, 45.504729 ], [ -122.706297, 45.504629 ], [ -122.706445, 45.504506 ], [ -122.707052, 45.504075 ], [ -122.707792, 45.503559 ], [ -122.708181, 45.503236 ], [ -122.708276, 45.503148 ], [ -122.708365, 45.503097 ], [ -122.708471, 45.503062 ], [ -122.708599, 45.503059 ], [ -122.708744, 45.503088 ], [ -122.710004, 45.503505 ], [ -122.710271, 45.503529 ], [ -122.710465, 45.503503 ], [ -122.710653, 45.503443 ], [ -122.710818, 45.50335 ], [ -122.710919, 45.503277 ], [ -122.711008, 45.503222 ], [ -122.711125, 45.503193 ], [ -122.7113, 45.503185 ], [ -122.71155, 45.50322 ], [ -122.711941, 45.503317 ], [ -122.712298, 45.503346 ], [ -122.712453, 45.503316 ], [ -122.712582, 45.503265 ], [ -122.712684, 45.503207 ], [ -122.71276, 45.503122 ], [ -122.712998, 45.502544 ], [ -122.713039, 45.502443 ], [ -122.713085, 45.502356 ], [ -122.713144, 45.502272 ], [ -122.713216, 45.502181 ], [ -122.712983, 45.504784 ], [ -122.719351, 45.50494 ], [ -122.71937, 45.506883 ], [ -122.719362, 45.507094 ] ] ] } },
{ "type": "Feature", "properties": { "GEOID": "41051008001", "NAMELSAD": "Census Tract 80.01", "area_sqmi": 0.55467619497346243, "total_bike_miles": 3.041, "num_segments": 56, "bike_density": 5.48, "total_pop": 3023, "pop_white": 1663, "pop_black": 172, "pop_asian": 405, "pop_hispanic": 0, "pct_white": 55.0, "pct_nonwhite": 45.0, "pct_black": 5.7, "pct_asian": 13.4, "pct_hispanic": 0.0, "median_income": 69955.0 }, "geometry": { "type": "Polygon", "coordinates": [ [ [ -122.563319, 45.534 ], [ -122.562479, 45.534668 ], [ -122.561907, 45.535238 ], [ -122.56141, 45.535832 ], [ -122.56092, 45.536609 ], [ -122.560628, 45.537239 ], [ -122.560483, 45.537827 ], [ -122.560344, 45.538597 ], [ -122.560107, 45.541918 ], [ -122.56007, 45.542241 ], [ -122.560054, 45.542387 ], [ -122.559942, 45.543023 ], [ -122.559793, 45.543511 ], [ -122.559593, 45.543969 ], [ -122.559233, 45.544661 ], [ -122.55885, 45.545139 ], [ -122.558568, 45.545452 ], [ -122.558276, 45.545743 ], [ -122.55783, 45.54614 ], [ -122.557293, 45.546532 ], [ -122.557083, 45.546677 ], [ -122.556727, 45.546878 ], [ -122.555673, 45.547408 ], [ -122.555118, 45.547574 ], [ -122.554062, 45.547881 ], [ -122.553743, 45.547964 ], [ -122.55323, 45.548073 ], [ -122.553015, 45.54812 ], [ -122.552508, 45.548176 ], [ -122.551929, 45.548197 ], [ -122.551212, 45.548195 ], [ -122.54888, 45.548038 ], [ -122.547467, 45.547906 ], [ -122.547481, 45.547802 ], [ -122.547498, 45.547676 ], [ -122.547513, 45.547567 ], [ -122.547527, 45.547391 ], [ -122.547574, 45.546783 ], [ -122.547597, 45.545605 ], [ -122.547607, 45.544469 ], [ -122.547586, 45.543694 ], [ -122.547591, 45.543611 ], [ -122.547604, 45.543528 ], [ -122.547624, 45.543446 ], [ -122.547655, 45.543366 ], [ -122.547717, 45.543268 ], [ -122.547799, 45.543144 ], [ -122.547948, 45.542972 ], [ -122.548564, 45.542435 ], [ -122.548703, 45.542302 ], [ -122.548819, 45.542174 ], [ -122.548886, 45.542067 ], [ -122.548928, 45.541968 ], [ -122.548969, 45.541811 ], [ -122.548991, 45.541686 ], [ -122.549004, 45.540839 ], [ -122.54901, 45.540149 ], [ -122.549016, 45.539491 ], [ -122.549021, 45.538833 ], [ -122.549032, 45.53843 ], [ -122.549027, 45.538175 ], [ -122.549033, 45.537503 ], [ -122.54904, 45.537165 ], [ -122.549039, 45.536817 ], [ -122.549055, 45.536145 ], [ -122.54905, 45.53549 ], [ -122.549039, 45.534825 ], [ -122.549062, 45.534136 ], [ -122.549062, 45.53347 ], [ -122.550278, 45.533478 ], [ -122.551604, 45.533497 ], [ -122.551811, 45.533498 ], [ -122.553537, 45.533514 ], [ -122.555478, 45.53353 ], [ -122.55652, 45.533536 ], [ -122.556806, 45.533526 ], [ -122.55804, 45.533523 ], [ -122.558821, 45.533529 ], [ -122.559914, 45.533538 ], [ -122.560231, 45.533529 ], [ -122.560571, 45.53352 ], [ -122.560944, 45.533511 ], [ -122.561216, 45.533534 ], [ -122.561502, 45.533569 ], [ -122.561764, 45.533615 ], [ -122.561989, 45.533662 ], [ -122.562923, 45.533903 ], [ -122.563092, 45.533956 ], [ -122.563198, 45.533977 ], [ -122.563319, 45.534 ] ] ] } },
{ "type": "Feature", "properties": { "GEOID": "41051008002", "NAMELSAD": "Census Tract 80.02", "area_sqmi": 0.51309396186295764, "total_bike_miles": 2.796, "num_segments": 42, "bike_density": 5.45, "total_pop": 3303, "pop_white": 1792, "pop_black": 237, "pop_asian": 783, "pop_hispanic": 0, "pct_white": 54.3, "pct_nonwhite": 45.7, "pct_black": 7.2, "pct_asian": 23.7, "pct_hispanic": 0.0, "median_income": 86655.0 }, "geometry": { "type": "Polygon", "coordinates": [ [ [ -122.549062, 45.534136 ], [ -122.549039, 45.534825 ], [ -122.54905, 45.53549 ], [ -122.549055, 45.536145 ], [ -122.549039, 45.536817 ], [ -122.54904, 45.537165 ], [ -122.549033, 45.537503 ], [ -122.549027, 45.538175 ], [ -122.549032, 45.53843 ], [ -122.549021, 45.538833 ], [ -122.549016, 45.539491 ], [ -122.54901, 45.540149 ], [ -122.549004, 45.540839 ], [ -122.548991, 45.541686 ], [ -122.548969, 45.541811 ], [ -122.548928, 45.541968 ], [ -122.548886, 45.542067 ], [ -122.548819, 45.542174 ], [ -122.548703, 45.542302 ], [ -122.548564, 45.542435 ], [ -122.547948, 45.542972 ], [ -122.547799, 45.543144 ], [ -122.547717, 45.543268 ], [ -122.547655, 45.543366 ], [ -122.547624, 45.543446 ], [ -122.547604, 45.543528 ], [ -122.547591, 45.543611 ], [ -122.547586, 45.543694 ], [ -122.547607, 45.544469 ], [ -122.547597, 45.545605 ], [ -122.547574, 45.546783 ], [ -122.547527, 45.547391 ], [ -122.547513, 45.547567 ], [ -122.547498, 45.547676 ], [ -122.547481, 45.547802 ], [ -122.547467, 45.547906 ], [ -122.539735, 45.547185 ], [ -122.539278, 45.547138 ], [ -122.538671, 45.547062 ], [ -122.538465, 45.547036 ], [ -122.537387, 45.546842 ], [ -122.537387, 45.546822 ], [ -122.537388, 45.546582 ], [ -122.537398, 45.546389 ], [ -122.537416, 45.545148 ], [ -122.537419, 45.544483 ], [ -122.537408, 45.544173 ], [ -122.537466, 45.54275 ], [ -122.537529, 45.541275 ], [ -122.537567, 45.539884 ], [ -122.537565, 45.539518 ], [ -122.537601, 45.537451 ], [ -122.537606, 45.537218 ], [ -122.537636, 45.536323 ], [ -122.537626, 45.53498 ], [ -122.537636, 45.533574 ], [ -122.53876, 45.533562 ], [ -122.539549, 45.533555 ], [ -122.54026, 45.533548 ], [ -122.540785, 45.533543 ], [ -122.541421, 45.533537 ], [ -122.542041, 45.533531 ], [ -122.542691, 45.533528 ], [ -122.543299, 45.533519 ], [ -122.544569, 45.533526 ], [ -122.545641, 45.533498 ], [ -122.545848, 45.533511 ], [ -122.547089, 45.533467 ], [ -122.54864, 45.533466 ], [ -122.549062, 45.53347 ], [ -122.549062, 45.534136 ] ] ] } },
{ "type": "Feature", "properties": { "GEOID": "41051008100", "NAMELSAD": "Census Tract 81", "area_sqmi": 1.0834421412892581, "total_bike_miles": 6.896, "num_segments": 99, "bike_density": 6.36, "total_pop": 7210, "pop_white": 3451, "pop_black": 980, "pop_asian": 684, "pop_hispanic": 0, "pct_white": 47.9, "pct_nonwhite": 52.1, "pct_black": 13.6, "pct_asian": 9.5, "pct_hispanic": 0.0, "median_income": 47854.0 }, "geometry": { "type": "Polygon", "coordinates": [ [ [ -122.568941, 45.531453 ], [ -122.568931, 45.531599 ], [ -122.568911, 45.531855 ], [ -122.568908, 45.531947 ], [ -122.568916, 45.531978 ], [ -122.568212, 45.532085 ], [ -122.568087, 45.5321 ], [ -122.567687, 45.532144 ], [ -122.567035, 45.53218 ], [ -122.566375, 45.532208 ], [ -122.566009, 45.532181 ], [ -122.565151, 45.532036 ], [ -122.56501, 45.532003 ], [ -122.564673, 45.53191 ], [ -122.564671, 45.531931 ], [ -122.564593, 45.532688 ], [ -122.564578, 45.532833 ], [ -122.564528, 45.533025 ], [ -122.564482, 45.533247 ], [ -122.564468, 45.533318 ], [ -122.564742, 45.533234 ], [ -122.564462, 45.533347 ], [ -122.563925, 45.533649 ], [ -122.563319, 45.534 ], [ -122.563198, 45.533977 ], [ -122.563092, 45.533956 ], [ -122.562923, 45.533903 ], [ -122.561989, 45.533662 ], [ -122.561764, 45.533615 ], [ -122.561502, 45.533569 ], [ -122.561216, 45.533534 ], [ -122.560944, 45.533511 ], [ -122.560571, 45.53352 ], [ -122.560231, 45.533529 ], [ -122.559914, 45.533538 ], [ -122.558821, 45.533529 ], [ -122.55804, 45.533523 ], [ -122.556806, 45.533526 ], [ -122.55652, 45.533536 ], [ -122.555478, 45.53353 ], [ -122.553537, 45.533514 ], [ -122.551811, 45.533498 ], [ -122.551604, 45.533497 ], [ -122.550278, 45.533478 ], [ -122.549062, 45.53347 ], [ -122.54864, 45.533466 ], [ -122.547089, 45.533467 ], [ -122.545848, 45.533511 ], [ -122.545641, 45.533498 ], [ -122.544569, 45.533526 ], [ -122.543299, 45.533519 ], [ -122.542691, 45.533528 ], [ -122.542041, 45.533531 ], [ -122.541421, 45.533537 ], [ -122.540785, 45.533543 ], [ -122.54026, 45.533548 ], [ -122.539549, 45.533555 ], [ -122.53876, 45.533562 ], [ -122.537636, 45.533574 ], [ -122.537647, 45.533097 ], [ -122.537664, 45.532402 ], [ -122.537679, 45.531304 ], [ -122.537681, 45.531164 ], [ -122.537694, 45.530241 ], [ -122.537705, 45.529461 ], [ -122.537712, 45.529135 ], [ -122.537718, 45.528562 ], [ -122.537739, 45.527072 ], [ -122.537749, 45.526293 ], [ -122.537745, 45.524047 ], [ -122.537766, 45.522601 ], [ -122.537767, 45.522534 ], [ -122.537767, 45.522512 ], [ -122.537767, 45.522494 ], [ -122.53919, 45.522506 ], [ -122.540352, 45.522516 ], [ -122.541134, 45.522522 ], [ -122.542914, 45.522537 ], [ -122.545289, 45.522553 ], [ -122.545818, 45.522557 ], [ -122.546749, 45.522563 ], [ -122.549126, 45.522579 ], [ -122.550623, 45.522589 ], [ -122.551275, 45.522593 ], [ -122.551821, 45.522597 ], [ -122.552383, 45.522601 ], [ -122.552848, 45.522604 ], [ -122.553756, 45.522609 ], [ -122.55548, 45.522619 ], [ -122.55829, 45.522641 ], [ -122.560904, 45.522658 ], [ -122.562247, 45.522667 ], [ -122.563622, 45.522638 ], [ -122.564758, 45.522686 ], [ -122.565176, 45.522686 ], [ -122.565475, 45.52269 ], [ -122.565743, 45.522687 ], [ -122.566827, 45.522695 ], [ -122.566795, 45.524844 ], [ -122.566773, 45.526334 ], [ -122.567443, 45.526339 ], [ -122.567704, 45.526341 ], [ -122.568346, 45.526345 ], [ -122.56865, 45.526347 ], [ -122.568647, 45.526593 ], [ -122.568641, 45.527061 ], [ -122.568634, 45.527554 ], [ -122.568629, 45.527772 ], [ -122.568622, 45.528487 ], [ -122.568619, 45.528761 ], [ -122.568609, 45.529866 ], [ -122.568102, 45.529871 ], [ -122.567649, 45.529867 ], [ -122.567382, 45.529868 ], [ -122.566863, 45.529872 ], [ -122.566179, 45.529927 ], [ -122.566148, 45.530083 ], [ -122.566079, 45.530267 ], [ -122.566274, 45.530459 ], [ -122.566386, 45.530557 ], [ -122.566527, 45.530653 ], [ -122.566685, 45.530744 ], [ -122.56691, 45.530856 ], [ -122.567209, 45.530963 ], [ -122.567451, 45.531043 ], [ -122.567706, 45.531107 ], [ -122.568233, 45.531169 ], [ -122.56874, 45.531211 ], [ -122.568956, 45.531223 ], [ -122.568941, 45.531453 ] ] ] } },
{ "type": "Feature", "properties": { "GEOID": "41051008201", "NAMELSAD": "Census Tract 82.01", "area_sqmi": 0.81374098913026383, "total_bike_miles": 5.729, "num_segments": 86, "bike_density": 7.04, "total_pop": 3495, "pop_white": 2203, "pop_black": 153, "pop_asian": 402, "pop_hispanic": 0, "pct_white": 63.0, "pct_nonwhite": 37.0, "pct_black": 4.4, "pct_asian": 11.5, "pct_hispanic": 0.0, "median_income": 66968.0 }, "geometry": { "type": "Polygon", "coordinates": [ [ [ -122.566827, 45.522695 ], [ -122.565743, 45.522687 ], [ -122.565475, 45.52269 ], [ -122.565176, 45.522686 ], [ -122.564758, 45.522686 ], [ -122.563622, 45.522638 ], [ -122.562247, 45.522667 ], [ -122.560904, 45.522658 ], [ -122.55829, 45.522641 ], [ -122.558321, 45.521712 ], [ -122.55837, 45.520386 ], [ -122.558403, 45.519516 ], [ -122.55842, 45.519052 ], [ -122.558432, 45.51834 ], [ -122.558452, 45.5178 ], [ -122.558445, 45.517687 ], [ -122.558403, 45.517512 ], [ -122.558318, 45.517273 ], [ -122.558154, 45.517032 ], [ -122.558012, 45.516825 ], [ -122.557887, 45.516697 ], [ -122.557707, 45.516542 ], [ -122.55754, 45.516424 ], [ -122.557298, 45.516286 ], [ -122.557072, 45.516195 ], [ -122.55664, 45.516003 ], [ -122.55432, 45.515025 ], [ -122.55231, 45.514184 ], [ -122.55203, 45.514067 ], [ -122.551028, 45.513646 ], [ -122.550088, 45.513249 ], [ -122.549182, 45.512843 ], [ -122.54904, 45.512765 ], [ -122.548889, 45.51267 ], [ -122.548746, 45.512558 ], [ -122.548603, 45.51243 ], [ -122.548446, 45.512273 ], [ -122.548314, 45.51211 ], [ -122.54821, 45.511931 ], [ -122.548127, 45.511758 ], [ -122.548086, 45.511561 ], [ -122.548073, 45.510879 ], [ -122.54805, 45.50969 ], [ -122.548038, 45.508691 ], [ -122.548032, 45.50814 ], [ -122.548029, 45.507874 ], [ -122.548011, 45.50701 ], [ -122.548014, 45.506682 ], [ -122.548009, 45.504691 ], [ -122.548009, 45.504197 ], [ -122.549326, 45.504208 ], [ -122.550218, 45.504215 ], [ -122.55134, 45.504227 ], [ -122.55281, 45.504235 ], [ -122.553373, 45.504238 ], [ -122.553799, 45.50425 ], [ -122.554631, 45.504252 ], [ -122.555459, 45.504258 ], [ -122.556373, 45.504272 ], [ -122.557494, 45.504293 ], [ -122.559563, 45.504331 ], [ -122.560432, 45.504348 ], [ -122.56245, 45.504387 ], [ -122.562729, 45.504372 ], [ -122.563239, 45.504374 ], [ -122.563799, 45.504393 ], [ -122.565088, 45.504412 ], [ -122.565462, 45.50442 ], [ -122.565408, 45.505758 ], [ -122.565457, 45.506962 ], [ -122.565499, 45.507545 ], [ -122.565501, 45.507912 ], [ -122.565673, 45.510434 ], [ -122.565683, 45.510786 ], [ -122.565609, 45.514243 ], [ -122.565633, 45.515244 ], [ -122.565586, 45.516061 ], [ -122.565564, 45.516465 ], [ -122.565513, 45.518335 ], [ -122.565516, 45.519042 ], [ -122.566061, 45.519048 ], [ -122.566863, 45.519069 ], [ -122.566827, 45.522695 ] ] ] } },
{ "type": "Feature", "properties": { "GEOID": "41051008400", "NAMELSAD": "Census Tract 84", "area_sqmi": 0.50075445609383784, "total_bike_miles": 2.476, "num_segments": 39, "bike_density": 4.94, "total_pop": 4877, "pop_white": 2477, "pop_black": 325, "pop_asian": 1107, "pop_hispanic": 0, "pct_white": 50.8, "pct_nonwhite": 49.2, "pct_black": 6.7, "pct_asian": 22.7, "pct_hispanic": 0.0, "median_income": 52096.0 }, "geometry": { "type": "Polygon", "coordinates": [ [ [ -122.547999, 45.497748 ], [ -122.547995, 45.497978 ], [ -122.547995, 45.498167 ], [ -122.548013, 45.499617 ], [ -122.548002, 45.500585 ], [ -122.54801, 45.502585 ], [ -122.548009, 45.504197 ], [ -122.546666, 45.504185 ], [ -122.545419, 45.504172 ], [ -122.544796, 45.504169 ], [ -122.543813, 45.504163 ], [ -122.542823, 45.50415 ], [ -122.542194, 45.50414 ], [ -122.541861, 45.504132 ], [ -122.541181, 45.504127 ], [ -122.540859, 45.504123 ], [ -122.540548, 45.504122 ], [ -122.539988, 45.504117 ], [ -122.538955, 45.504109 ], [ -122.537683, 45.504093 ], [ -122.537676, 45.50231 ], [ -122.537647, 45.500875 ], [ -122.537638, 45.500458 ], [ -122.53763, 45.500043 ], [ -122.537656, 45.499109 ], [ -122.537656, 45.4989 ], [ -122.537659, 45.497514 ], [ -122.537661, 45.497076 ], [ -122.537647, 45.495501 ], [ -122.537661, 45.494443 ], [ -122.537682, 45.492723 ], [ -122.53769, 45.492031 ], [ -122.537691, 45.491837 ], [ -122.537698, 45.491085 ], [ -122.537698, 45.490802 ], [ -122.537698, 45.490649 ], [ -122.537699, 45.489615 ], [ -122.538328, 45.489619 ], [ -122.538481, 45.48962 ], [ -122.540016, 45.489646 ], [ -122.541162, 45.489665 ], [ -122.54165, 45.489673 ], [ -122.54201, 45.489679 ], [ -122.54243, 45.489682 ], [ -122.543431, 45.489699 ], [ -122.544329, 45.48971 ], [ -122.54454, 45.489712 ], [ -122.545709, 45.489731 ], [ -122.546694, 45.489746 ], [ -122.547968, 45.489764 ], [ -122.547997, 45.491555 ], [ -122.54799, 45.492043 ], [ -122.547982, 45.49276 ], [ -122.547973, 45.493434 ], [ -122.547977, 45.493749 ], [ -122.547988, 45.494946 ], [ -122.547976, 45.496568 ], [ -122.548018, 45.496718 ], [ -122.547999, 45.497748 ] ] ] } },
{ "type": "Feature", "properties": { "GEOID": "41051008500", "NAMELSAD": "Census Tract 85", "area_sqmi": 0.84920845109688325, "total_bike_miles": 2.836, "num_segments": 34, "bike_density": 3.34, "total_pop": 4293, "pop_white": 2617, "pop_black": 269, "pop_asian": 516, "pop_hispanic": 0, "pct_white": 61.0, "pct_nonwhite": 39.0, "pct_black": 6.3, "pct_asian": 12.0, "pct_hispanic": 0.0, "median_income": 83790.0 }, "geometry": { "type": "Polygon", "coordinates": [ [ [ -122.557406, 45.47834 ], [ -122.557368, 45.479079 ], [ -122.557333, 45.479764 ], [ -122.557298, 45.480449 ], [ -122.557294, 45.48052 ], [ -122.557266, 45.481078 ], [ -122.557263, 45.481134 ], [ -122.557236, 45.481672 ], [ -122.557228, 45.481819 ], [ -122.557221, 45.481962 ], [ -122.557194, 45.482494 ], [ -122.557082, 45.48258 ], [ -122.555709, 45.482625 ], [ -122.555708, 45.483402 ], [ -122.555709, 45.483842 ], [ -122.55571, 45.48409 ], [ -122.55572, 45.484881 ], [ -122.555724, 45.485394 ], [ -122.555727, 45.485768 ], [ -122.555746, 45.486593 ], [ -122.555761, 45.487127 ], [ -122.555755, 45.487354 ], [ -122.55575, 45.487578 ], [ -122.555756, 45.487983 ], [ -122.555743, 45.488697 ], [ -122.555759, 45.489597 ], [ -122.555762, 45.489787 ], [ -122.554484, 45.489768 ], [ -122.553186, 45.489765 ], [ -122.55266, 45.489764 ], [ -122.551426, 45.489761 ], [ -122.549389, 45.489755 ], [ -122.549052, 45.489754 ], [ -122.54814, 45.489762 ], [ -122.547968, 45.489764 ], [ -122.546694, 45.489746 ], [ -122.545709, 45.489731 ], [ -122.54454, 45.489712 ], [ -122.544329, 45.48971 ], [ -122.543431, 45.489699 ], [ -122.54243, 45.489682 ], [ -122.54201, 45.489679 ], [ -122.54165, 45.489673 ], [ -122.541162, 45.489665 ], [ -122.540016, 45.489646 ], [ -122.538481, 45.48962 ], [ -122.538328, 45.489619 ], [ -122.537699, 45.489615 ], [ -122.537745, 45.488367 ], [ -122.537748, 45.488319 ], [ -122.537774, 45.487903 ], [ -122.537798, 45.487429 ], [ -122.537821, 45.486807 ], [ -122.537844, 45.485956 ], [ -122.537898, 45.484747 ], [ -122.537907, 45.484509 ], [ -122.537953, 45.483227 ], [ -122.537948, 45.482572 ], [ -122.53794, 45.482151 ], [ -122.537937, 45.482084 ], [ -122.537934, 45.482042 ], [ -122.537928, 45.481996 ], [ -122.537892, 45.481835 ], [ -122.537858, 45.481718 ], [ -122.53784, 45.481658 ], [ -122.537805, 45.481558 ], [ -122.537768, 45.481456 ], [ -122.537671, 45.481292 ], [ -122.537343, 45.480609 ], [ -122.537291, 45.480453 ], [ -122.537223, 45.480153 ], [ -122.53721, 45.480073 ], [ -122.537122, 45.479537 ], [ -122.537115, 45.479075 ], [ -122.537113, 45.478834 ], [ -122.537117, 45.478369 ], [ -122.537118, 45.478303 ], [ -122.537111, 45.477786 ], [ -122.537101, 45.477394 ], [ -122.537094, 45.476536 ], [ -122.538163, 45.476528 ], [ -122.53895, 45.476512 ], [ -122.539869, 45.476493 ], [ -122.541345, 45.476479 ], [ -122.543821, 45.476437 ], [ -122.54482, 45.476426 ], [ -122.545478, 45.476422 ], [ -122.545978, 45.476403 ], [ -122.546478, 45.476369 ], [ -122.546874, 45.476331 ], [ -122.549379, 45.476045 ], [ -122.551042, 45.475872 ], [ -122.55131, 45.475854 ], [ -122.551543, 45.475845 ], [ -122.551934, 45.475845 ], [ -122.552182, 45.475863 ], [ -122.552414, 45.475892 ], [ -122.552995, 45.475981 ], [ -122.553902, 45.47614 ], [ -122.553988, 45.476155 ], [ -122.554499, 45.476244 ], [ -122.555551, 45.476444 ], [ -122.55579, 45.476489 ], [ -122.556447, 45.476602 ], [ -122.557418, 45.476795 ], [ -122.557406, 45.47834 ] ] ] } },
{ "type": "Feature", "properties": { "GEOID": "41051005500", "NAMELSAD": "Census Tract 55", "area_sqmi": 0.15513513707648924, "total_bike_miles": 0.701, "num_segments": 12, "bike_density": 4.52, "total_pop": 2395, "pop_white": 1713, "pop_black": 76, "pop_asian": 206, "pop_hispanic": 0, "pct_white": 71.5, "pct_nonwhite": 28.5, "pct_black": 3.2, "pct_asian": 8.6, "pct_hispanic": 0.0, "median_income": 56013.0 }, "geometry": { "type": "Polygon", "coordinates": [ [ [ -122.696947, 45.515376 ], [ -122.69675, 45.515799 ], [ -122.696472, 45.516002 ], [ -122.695244, 45.51581 ], [ -122.694773, 45.51573 ], [ -122.693949, 45.515615 ], [ -122.693626, 45.515561 ], [ -122.693336, 45.516165 ], [ -122.692968, 45.516814 ], [ -122.692603, 45.51749 ], [ -122.692464, 45.517694 ], [ -122.692361, 45.517911 ], [ -122.691707, 45.51781 ], [ -122.691373, 45.517758 ], [ -122.690332, 45.517599 ], [ -122.69022, 45.517576 ], [ -122.688399, 45.517095 ], [ -122.688212, 45.517049 ], [ -122.688091, 45.517017 ], [ -122.687917, 45.516973 ], [ -122.687781, 45.516938 ], [ -122.687614, 45.516895 ], [ -122.687453, 45.516855 ], [ -122.687309, 45.516819 ], [ -122.687015, 45.516739 ], [ -122.686307, 45.516558 ], [ -122.686672, 45.515893 ], [ -122.687025, 45.515222 ], [ -122.687397, 45.514553 ], [ -122.687752, 45.513885 ], [ -122.688117, 45.513227 ], [ -122.688771, 45.51212 ], [ -122.688908, 45.511858 ], [ -122.68901, 45.511679 ], [ -122.689084, 45.511567 ], [ -122.689247, 45.511256 ], [ -122.689348, 45.51107 ], [ -122.689322, 45.510956 ], [ -122.688819, 45.510238 ], [ -122.688379, 45.509157 ], [ -122.688366, 45.509107 ], [ -122.68837, 45.509045 ], [ -122.688391, 45.508996 ], [ -122.688417, 45.508954 ], [ -122.688478, 45.508904 ], [ -122.68853, 45.508876 ], [ -122.688619, 45.508846 ], [ -122.688736, 45.508838 ], [ -122.688826, 45.508841 ], [ -122.688889, 45.508876 ], [ -122.688928, 45.508908 ], [ -122.68895, 45.508937 ], [ -122.688954, 45.508965 ], [ -122.688947, 45.508999 ], [ -122.688909, 45.50906 ], [ -122.688833, 45.509142 ], [ -122.688775, 45.509243 ], [ -122.688773, 45.509321 ], [ -122.688781, 45.5094 ], [ -122.68881, 45.509477 ], [ -122.688891, 45.50956 ], [ -122.689322, 45.509975 ], [ -122.689408, 45.510058 ], [ -122.689516, 45.510142 ], [ -122.689602, 45.510188 ], [ -122.689733, 45.510221 ], [ -122.689809, 45.510237 ], [ -122.689927, 45.510243 ], [ -122.690086, 45.510228 ], [ -122.690543, 45.510145 ], [ -122.690662, 45.510149 ], [ -122.690733, 45.510187 ], [ -122.690772, 45.510225 ], [ -122.6908, 45.510358 ], [ -122.690839, 45.510394 ], [ -122.690897, 45.510423 ], [ -122.690982, 45.510436 ], [ -122.691795, 45.510441 ], [ -122.691882, 45.510474 ], [ -122.6919, 45.510523 ], [ -122.691917, 45.510594 ], [ -122.69187, 45.510703 ], [ -122.691827, 45.510765 ], [ -122.691772, 45.510823 ], [ -122.691708, 45.510876 ], [ -122.691405, 45.511062 ], [ -122.691372, 45.511113 ], [ -122.691374, 45.511165 ], [ -122.691406, 45.511236 ], [ -122.691471, 45.511282 ], [ -122.691532, 45.511303 ], [ -122.691611, 45.511308 ], [ -122.692021, 45.51131 ], [ -122.692192, 45.511318 ], [ -122.692341, 45.511335 ], [ -122.692565, 45.511372 ], [ -122.69356, 45.511632 ], [ -122.694544, 45.511895 ], [ -122.694687, 45.511933 ], [ -122.695493, 45.512149 ], [ -122.69498, 45.512516 ], [ -122.694807, 45.51264 ], [ -122.694867, 45.512931 ], [ -122.694929, 45.513223 ], [ -122.695038, 45.513256 ], [ -122.695063, 45.513269 ], [ -122.695129, 45.513304 ], [ -122.695151, 45.513326 ], [ -122.695178, 45.513353 ], [ -122.695216, 45.513418 ], [ -122.695443, 45.514397 ], [ -122.695464, 45.514498 ], [ -122.695508, 45.514635 ], [ -122.695568, 45.514714 ], [ -122.695619, 45.514772 ], [ -122.695697, 45.514836 ], [ -122.695831, 45.514899 ], [ -122.696, 45.514956 ], [ -122.696737, 45.51515 ], [ -122.696843, 45.515194 ], [ -122.696905, 45.515244 ], [ -122.696934, 45.515289 ], [ -122.696947, 45.515327 ], [ -122.696947, 45.515376 ] ] ] } },
{ "type": "Feature", "properties": { "GEOID": "41051008600", "NAMELSAD": "Census Tract 86", "area_sqmi": 0.49678528763363305, "total_bike_miles": 2.451, "num_segments": 28, "bike_density": 4.93, "total_pop": 4233, "pop_white": 2523, "pop_black": 42, "pop_asian": 616, "pop_hispanic": 0, "pct_white": 59.6, "pct_nonwhite": 40.4, "pct_black": 1.0, "pct_asian": 14.6, "pct_hispanic": 0.0, "median_income": 74688.0 }, "geometry": { "type": "Polygon", "coordinates": [ [ [ -122.589372, 45.46152 ], [ -122.589365, 45.462365 ], [ -122.589361, 45.463267 ], [ -122.589359, 45.46366 ], [ -122.589354, 45.464168 ], [ -122.589359, 45.464341 ], [ -122.589358, 45.464852 ], [ -122.589353, 45.465064 ], [ -122.589358, 45.465423 ], [ -122.589356, 45.466388 ], [ -122.589355, 45.46684 ], [ -122.58935, 45.468652 ], [ -122.58935, 45.470015 ], [ -122.58933, 45.471042 ], [ -122.589339, 45.471117 ], [ -122.589349, 45.471193 ], [ -122.589348, 45.471729 ], [ -122.589348, 45.472359 ], [ -122.58932, 45.473492 ], [ -122.589347, 45.475183 ], [ -122.589346, 45.475886 ], [ -122.588061, 45.475885 ], [ -122.587425, 45.475884 ], [ -122.586779, 45.475883 ], [ -122.586487, 45.475883 ], [ -122.5855, 45.475881 ], [ -122.584157, 45.475878 ], [ -122.583016, 45.475878 ], [ -122.581651, 45.475876 ], [ -122.581102, 45.475875 ], [ -122.580726, 45.475874 ], [ -122.580614, 45.475874 ], [ -122.580107, 45.475873 ], [ -122.579601, 45.475873 ], [ -122.579066, 45.475874 ], [ -122.579053, 45.475173 ], [ -122.579051, 45.474487 ], [ -122.579056, 45.474075 ], [ -122.579059, 45.473525 ], [ -122.579061, 45.472269 ], [ -122.57906, 45.472049 ], [ -122.579057, 45.471368 ], [ -122.579068, 45.471221 ], [ -122.579065, 45.471012 ], [ -122.579053, 45.470473 ], [ -122.579052, 45.470131 ], [ -122.579042, 45.470039 ], [ -122.579042, 45.470001 ], [ -122.579033, 45.468658 ], [ -122.579046, 45.467995 ], [ -122.579046, 45.467584 ], [ -122.579065, 45.467377 ], [ -122.579061, 45.467307 ], [ -122.57906, 45.467181 ], [ -122.579045, 45.466885 ], [ -122.579044, 45.466547 ], [ -122.579044, 45.465096 ], [ -122.579045, 45.464466 ], [ -122.579043, 45.464379 ], [ -122.579041, 45.464263 ], [ -122.579043, 45.463465 ], [ -122.579043, 45.46342 ], [ -122.579043, 45.463378 ], [ -122.579043, 45.463309 ], [ -122.579043, 45.462638 ], [ -122.579043, 45.462413 ], [ -122.579045, 45.461564 ], [ -122.57905, 45.461518 ], [ -122.579121, 45.461519 ], [ -122.579593, 45.461516 ], [ -122.58001, 45.461514 ], [ -122.582105, 45.461504 ], [ -122.582168, 45.461503 ], [ -122.582285, 45.461503 ], [ -122.583565, 45.461497 ], [ -122.583961, 45.461494 ], [ -122.584434, 45.461492 ], [ -122.584488, 45.461492 ], [ -122.584532, 45.461491 ], [ -122.584818, 45.461489 ], [ -122.584962, 45.461489 ], [ -122.585027, 45.461489 ], [ -122.585219, 45.461488 ], [ -122.585372, 45.461487 ], [ -122.5855, 45.461487 ], [ -122.585678, 45.461486 ], [ -122.585873, 45.461486 ], [ -122.586035, 45.461484 ], [ -122.58613, 45.461483 ], [ -122.586836, 45.461522 ], [ -122.586893, 45.461522 ], [ -122.587492, 45.461527 ], [ -122.587931, 45.461524 ], [ -122.588063, 45.461516 ], [ -122.588101, 45.461514 ], [ -122.58845, 45.46151 ], [ -122.58937, 45.46149 ], [ -122.589372, 45.46152 ] ] ] } },
{ "type": "Feature", "properties": { "GEOID": "41051008700", "NAMELSAD": "Census Tract 87", "area_sqmi": 0.64846184209955693, "total_bike_miles": 3.153, "num_segments": 53, "bike_density": 4.86, "total_pop": 4531, "pop_white": 3412, "pop_black": 173, "pop_asian": 298, "pop_hispanic": 0, "pct_white": 75.3, "pct_nonwhite": 24.7, "pct_black": 3.8, "pct_asian": 6.6, "pct_hispanic": 0.0, "median_income": 91907.0 }, "geometry": { "type": "Polygon", "coordinates": [ [ [ -122.616037, 45.474678 ], [ -122.615502, 45.474692 ], [ -122.615492, 45.47479 ], [ -122.615456, 45.476298 ], [ -122.614442, 45.476295 ], [ -122.613429, 45.476293 ], [ -122.612415, 45.47629 ], [ -122.611404, 45.476289 ], [ -122.611406, 45.475839 ], [ -122.610435, 45.475838 ], [ -122.610054, 45.475835 ], [ -122.608731, 45.47583 ], [ -122.60591, 45.475828 ], [ -122.604816, 45.475829 ], [ -122.60416, 45.475828 ], [ -122.60352, 45.475827 ], [ -122.602875, 45.475827 ], [ -122.602233, 45.475823 ], [ -122.601589, 45.475825 ], [ -122.601384, 45.475825 ], [ -122.600946, 45.475825 ], [ -122.600303, 45.475824 ], [ -122.599659, 45.475824 ], [ -122.599015, 45.475828 ], [ -122.59838, 45.475831 ], [ -122.598117, 45.475833 ], [ -122.597729, 45.475835 ], [ -122.597114, 45.475839 ], [ -122.596442, 45.475843 ], [ -122.596168, 45.475844 ], [ -122.595801, 45.47585 ], [ -122.595174, 45.47585 ], [ -122.594503, 45.475854 ], [ -122.594219, 45.475856 ], [ -122.593245, 45.475862 ], [ -122.592269, 45.475868 ], [ -122.591304, 45.475874 ], [ -122.590329, 45.475881 ], [ -122.589346, 45.475886 ], [ -122.589347, 45.475183 ], [ -122.58932, 45.473492 ], [ -122.589348, 45.472359 ], [ -122.589348, 45.471729 ], [ -122.589349, 45.471193 ], [ -122.589339, 45.471117 ], [ -122.58933, 45.471042 ], [ -122.58935, 45.470015 ], [ -122.58935, 45.468652 ], [ -122.590325, 45.46865 ], [ -122.591299, 45.468649 ], [ -122.592274, 45.468647 ], [ -122.593249, 45.468644 ], [ -122.594223, 45.468642 ], [ -122.594877, 45.468641 ], [ -122.595199, 45.468638 ], [ -122.595852, 45.468638 ], [ -122.596172, 45.468637 ], [ -122.596827, 45.468635 ], [ -122.597145, 45.468634 ], [ -122.597801, 45.468633 ], [ -122.59812, 45.468632 ], [ -122.598594, 45.46863 ], [ -122.599564, 45.468628 ], [ -122.602173, 45.468631 ], [ -122.604784, 45.468634 ], [ -122.607337, 45.468637 ], [ -122.610007, 45.468638 ], [ -122.610009, 45.467941 ], [ -122.610017, 45.467609 ], [ -122.610216, 45.467627 ], [ -122.6103, 45.467643 ], [ -122.610376, 45.467668 ], [ -122.610502, 45.467732 ], [ -122.610667, 45.467829 ], [ -122.610836, 45.467913 ], [ -122.611, 45.467979 ], [ -122.611991, 45.468322 ], [ -122.612987, 45.468664 ], [ -122.61403, 45.469023 ], [ -122.614598, 45.469217 ], [ -122.61482, 45.46928 ], [ -122.614976, 45.469316 ], [ -122.615263, 45.469368 ], [ -122.615476, 45.469394 ], [ -122.615664, 45.469409 ], [ -122.615971, 45.469421 ], [ -122.615986, 45.470497 ], [ -122.615986, 45.471197 ], [ -122.615996, 45.471895 ], [ -122.616006, 45.47258 ], [ -122.616016, 45.473266 ], [ -122.616037, 45.474678 ] ] ] } },
{ "type": "Feature", "properties": { "GEOID": "41051008800", "NAMELSAD": "Census Tract 88", "area_sqmi": 0.63849044283872025, "total_bike_miles": 0.992, "num_segments": 11, "bike_density": 1.55, "total_pop": 4061, "pop_white": 2931, "pop_black": 84, "pop_asian": 518, "pop_hispanic": 0, "pct_white": 72.2, "pct_nonwhite": 27.8, "pct_black": 2.1, "pct_asian": 12.8, "pct_hispanic": 0.0, "median_income": 76214.0 }, "geometry": { "type": "Polygon", "coordinates": [ [ [ -122.616405, 45.462335 ], [ -122.616352, 45.462395 ], [ -122.616284, 45.462447 ], [ -122.616204, 45.46249 ], [ -122.615849, 45.462552 ], [ -122.615845, 45.462639 ], [ -122.615867, 45.463005 ], [ -122.615861, 45.463349 ], [ -122.615855, 45.463644 ], [ -122.615881, 45.464328 ], [ -122.615896, 45.464592 ], [ -122.615891, 45.464694 ], [ -122.615897, 45.465014 ], [ -122.615891, 45.465314 ], [ -122.615902, 45.465696 ], [ -122.615917, 45.466384 ], [ -122.615953, 45.467851 ], [ -122.615963, 45.468556 ], [ -122.615971, 45.469421 ], [ -122.615664, 45.469409 ], [ -122.615476, 45.469394 ], [ -122.615263, 45.469368 ], [ -122.614976, 45.469316 ], [ -122.61482, 45.46928 ], [ -122.614598, 45.469217 ], [ -122.61403, 45.469023 ], [ -122.612987, 45.468664 ], [ -122.611991, 45.468322 ], [ -122.611, 45.467979 ], [ -122.610836, 45.467913 ], [ -122.610667, 45.467829 ], [ -122.610502, 45.467732 ], [ -122.610376, 45.467668 ], [ -122.6103, 45.467643 ], [ -122.610216, 45.467627 ], [ -122.610017, 45.467609 ], [ -122.610009, 45.467941 ], [ -122.610007, 45.468638 ], [ -122.607337, 45.468637 ], [ -122.604784, 45.468634 ], [ -122.602173, 45.468631 ], [ -122.599564, 45.468628 ], [ -122.598594, 45.46863 ], [ -122.59812, 45.468632 ], [ -122.597801, 45.468633 ], [ -122.597145, 45.468634 ], [ -122.596827, 45.468635 ], [ -122.596172, 45.468637 ], [ -122.595852, 45.468638 ], [ -122.595199, 45.468638 ], [ -122.594877, 45.468641 ], [ -122.594223, 45.468642 ], [ -122.593249, 45.468644 ], [ -122.592274, 45.468647 ], [ -122.591299, 45.468649 ], [ -122.590325, 45.46865 ], [ -122.58935, 45.468652 ], [ -122.589355, 45.46684 ], [ -122.589356, 45.466388 ], [ -122.589358, 45.465423 ], [ -122.589353, 45.465064 ], [ -122.589358, 45.464852 ], [ -122.589359, 45.464341 ], [ -122.589354, 45.464168 ], [ -122.589359, 45.46366 ], [ -122.589361, 45.463267 ], [ -122.589365, 45.462365 ], [ -122.589372, 45.46152 ], [ -122.58937, 45.46149 ], [ -122.589368, 45.461467 ], [ -122.591942, 45.461463 ], [ -122.592803, 45.461463 ], [ -122.593217, 45.461464 ], [ -122.593351, 45.461462 ], [ -122.593427, 45.461462 ], [ -122.594547, 45.461456 ], [ -122.594935, 45.461458 ], [ -122.595382, 45.46146 ], [ -122.595454, 45.46146 ], [ -122.595569, 45.461459 ], [ -122.595717, 45.461459 ], [ -122.595761, 45.461459 ], [ -122.596102, 45.461458 ], [ -122.596245, 45.461458 ], [ -122.596279, 45.461458 ], [ -122.596603, 45.461458 ], [ -122.596702, 45.461458 ], [ -122.596726, 45.461458 ], [ -122.596838, 45.461457 ], [ -122.597025, 45.461453 ], [ -122.597184, 45.461457 ], [ -122.597198, 45.461457 ], [ -122.597395, 45.461457 ], [ -122.59762, 45.461453 ], [ -122.597665, 45.461453 ], [ -122.597812, 45.461454 ], [ -122.598115, 45.461456 ], [ -122.598648, 45.461455 ], [ -122.599675, 45.461454 ], [ -122.600028, 45.461456 ], [ -122.601454, 45.461464 ], [ -122.60175, 45.461486 ], [ -122.602286, 45.461468 ], [ -122.602993, 45.461472 ], [ -122.603923, 45.461478 ], [ -122.604865, 45.461483 ], [ -122.60573, 45.461488 ], [ -122.606614, 45.461493 ], [ -122.606731, 45.461494 ], [ -122.608603, 45.461504 ], [ -122.608722, 45.461505 ], [ -122.609205, 45.461508 ], [ -122.60991, 45.461505 ], [ -122.610832, 45.461501 ], [ -122.611903, 45.461497 ], [ -122.612978, 45.461493 ], [ -122.613127, 45.461493 ], [ -122.613671, 45.461491 ], [ -122.615374, 45.461481 ], [ -122.61575, 45.461732 ], [ -122.615891, 45.461806 ], [ -122.616036, 45.461867 ], [ -122.616086, 45.461884 ], [ -122.616564, 45.462047 ], [ -122.616405, 45.462335 ] ] ] } },
{ "type": "Feature", "properties": { "GEOID": "41051008902", "NAMELSAD": "Census Tract 89.02", "area_sqmi": 1.1635619340461045, "total_bike_miles": 2.939, "num_segments": 32, "bike_density": 2.53, "total_pop": 4333, "pop_white": 2005, "pop_black": 337, "pop_asian": 363, "pop_hispanic": 0, "pct_white": 46.3, "pct_nonwhite": 53.7, "pct_black": 7.8, "pct_asian": 8.4, "pct_hispanic": 0.0, "median_income": 79087.0 }, "geometry": { "type": "Polygon", "coordinates": [ [ [ -122.579045, 45.461564 ], [ -122.579043, 45.462413 ], [ -122.579043, 45.462638 ], [ -122.579043, 45.463309 ], [ -122.579043, 45.463378 ], [ -122.579043, 45.46342 ], [ -122.579043, 45.463465 ], [ -122.579041, 45.464263 ], [ -122.579043, 45.464379 ], [ -122.577902, 45.465126 ], [ -122.577066, 45.465672 ], [ -122.575836, 45.466475 ], [ -122.575333, 45.466804 ], [ -122.573834, 45.467688 ], [ -122.573351, 45.467975 ], [ -122.572477, 45.468513 ], [ -122.572077, 45.468747 ], [ -122.571869, 45.468869 ], [ -122.571224, 45.469287 ], [ -122.570951, 45.469463 ], [ -122.570442, 45.469791 ], [ -122.569576, 45.470256 ], [ -122.568632, 45.470828 ], [ -122.566437, 45.472178 ], [ -122.56583, 45.472551 ], [ -122.565678, 45.472568 ], [ -122.565497, 45.472688 ], [ -122.565233, 45.472866 ], [ -122.563938, 45.473644 ], [ -122.563779, 45.47374 ], [ -122.563574, 45.473863 ], [ -122.563555, 45.473878 ], [ -122.563475, 45.473945 ], [ -122.562557, 45.474478 ], [ -122.562117, 45.474687 ], [ -122.561396, 45.475007 ], [ -122.561113, 45.475109 ], [ -122.560144, 45.475456 ], [ -122.559807, 45.475576 ], [ -122.559639, 45.475626 ], [ -122.559065, 45.475784 ], [ -122.55833, 45.47598 ], [ -122.557785, 45.476094 ], [ -122.557437, 45.476168 ], [ -122.557055, 45.476249 ], [ -122.556739, 45.476316 ], [ -122.556613, 45.476328 ], [ -122.556477, 45.47632 ], [ -122.55635, 45.476326 ], [ -122.556196, 45.476341 ], [ -122.556017, 45.476369 ], [ -122.555916, 45.476402 ], [ -122.555862, 45.476436 ], [ -122.55579, 45.476489 ], [ -122.555551, 45.476444 ], [ -122.554499, 45.476244 ], [ -122.553988, 45.476155 ], [ -122.553902, 45.47614 ], [ -122.552995, 45.475981 ], [ -122.552414, 45.475892 ], [ -122.552182, 45.475863 ], [ -122.551934, 45.475845 ], [ -122.551543, 45.475845 ], [ -122.55131, 45.475854 ], [ -122.551042, 45.475872 ], [ -122.549379, 45.476045 ], [ -122.549373, 45.475863 ], [ -122.549316, 45.475633 ], [ -122.549271, 45.475511 ], [ -122.549224, 45.475441 ], [ -122.548964, 45.474924 ], [ -122.54817, 45.473971 ], [ -122.548151, 45.473949 ], [ -122.548134, 45.473928 ], [ -122.548057, 45.473836 ], [ -122.548057, 45.47362 ], [ -122.548058, 45.472656 ], [ -122.54806, 45.471509 ], [ -122.548028, 45.470383 ], [ -122.548064, 45.468344 ], [ -122.548066, 45.467759 ], [ -122.548069, 45.466934 ], [ -122.548065, 45.466732 ], [ -122.548049, 45.465918 ], [ -122.548039, 45.464702 ], [ -122.54803, 45.464164 ], [ -122.548023, 45.463698 ], [ -122.548036, 45.461743 ], [ -122.54804, 45.461672 ], [ -122.548035, 45.4616 ], [ -122.548021, 45.46153 ], [ -122.547985, 45.461412 ], [ -122.548002, 45.461045 ], [ -122.550206, 45.461047 ], [ -122.55301, 45.461053 ], [ -122.554405, 45.461052 ], [ -122.55532, 45.461054 ], [ -122.558255, 45.461062 ], [ -122.558403, 45.461062 ], [ -122.56, 45.461108 ], [ -122.563168, 45.461216 ], [ -122.563214, 45.461241 ], [ -122.56337, 45.461248 ], [ -122.563553, 45.461251 ], [ -122.564012, 45.461268 ], [ -122.564076, 45.461271 ], [ -122.564639, 45.461284 ], [ -122.564761, 45.461287 ], [ -122.565204, 45.461298 ], [ -122.565367, 45.461305 ], [ -122.565483, 45.461307 ], [ -122.565744, 45.461312 ], [ -122.566832, 45.461316 ], [ -122.567116, 45.46132 ], [ -122.567572, 45.461329 ], [ -122.568046, 45.461345 ], [ -122.568617, 45.461365 ], [ -122.570028, 45.461379 ], [ -122.570126, 45.46138 ], [ -122.570404, 45.461383 ], [ -122.570847, 45.461388 ], [ -122.571309, 45.461392 ], [ -122.572056, 45.461399 ], [ -122.572833, 45.461425 ], [ -122.573766, 45.461429 ], [ -122.575884, 45.461465 ], [ -122.57905, 45.461518 ], [ -122.579045, 45.461564 ] ] ] } },
{ "type": "Feature", "properties": { "GEOID": "41051009101", "NAMELSAD": "Census Tract 91.01", "area_sqmi": 0.61425440905799078, "total_bike_miles": 3.153, "num_segments": 44, "bike_density": 5.13, "total_pop": 5642, "pop_white": 2751, "pop_black": 741, "pop_asian": 774, "pop_hispanic": 0, "pct_white": 48.8, "pct_nonwhite": 51.2, "pct_black": 13.1, "pct_asian": 13.7, "pct_hispanic": 0.0, "median_income": 77583.0 }, "geometry": { "type": "Polygon", "coordinates": [ [ [ -122.523727, 45.504071 ], [ -122.523218, 45.504074 ], [ -122.522777, 45.504078 ], [ -122.522155, 45.504095 ], [ -122.521378, 45.504088 ], [ -122.520957, 45.504091 ], [ -122.520681, 45.504093 ], [ -122.518923, 45.504106 ], [ -122.518477, 45.504116 ], [ -122.517268, 45.504129 ], [ -122.517024, 45.504135 ], [ -122.516838, 45.504139 ], [ -122.515994, 45.504157 ], [ -122.515733, 45.504163 ], [ -122.515612, 45.504166 ], [ -122.515278, 45.50417 ], [ -122.513886, 45.504189 ], [ -122.513302, 45.504188 ], [ -122.513137, 45.50419 ], [ -122.511071, 45.504216 ], [ -122.510597, 45.504222 ], [ -122.50956, 45.504225 ], [ -122.509029, 45.504226 ], [ -122.508849, 45.504227 ], [ -122.50856, 45.504233 ], [ -122.507551, 45.504255 ], [ -122.507487, 45.504257 ], [ -122.507002, 45.504265 ], [ -122.505953, 45.5043 ], [ -122.505106, 45.504328 ], [ -122.504688, 45.504331 ], [ -122.503011, 45.504389 ], [ -122.502076, 45.504425 ], [ -122.50172, 45.504438 ], [ -122.500425, 45.504454 ], [ -122.499191, 45.504496 ], [ -122.498582, 45.504506 ], [ -122.496624, 45.504572 ], [ -122.496659, 45.504429 ], [ -122.496679, 45.503718 ], [ -122.496695, 45.503544 ], [ -122.496804, 45.502939 ], [ -122.49682, 45.50274 ], [ -122.496813, 45.50258 ], [ -122.49682, 45.502399 ], [ -122.496816, 45.502289 ], [ -122.496864, 45.501757 ], [ -122.496858, 45.500892 ], [ -122.496853, 45.500078 ], [ -122.496864, 45.49936 ], [ -122.496864, 45.499073 ], [ -122.496865, 45.498416 ], [ -122.496866, 45.49809 ], [ -122.496866, 45.497776 ], [ -122.496867, 45.497337 ], [ -122.496851, 45.496988 ], [ -122.496825, 45.496754 ], [ -122.496792, 45.496555 ], [ -122.496786, 45.496522 ], [ -122.496744, 45.496341 ], [ -122.496682, 45.495985 ], [ -122.496654, 45.495695 ], [ -122.496653, 45.494776 ], [ -122.498118, 45.495082 ], [ -122.498951, 45.495247 ], [ -122.500457, 45.495554 ], [ -122.500865, 45.495636 ], [ -122.50233, 45.495931 ], [ -122.502425, 45.495953 ], [ -122.503875, 45.49629 ], [ -122.50475, 45.496522 ], [ -122.505988, 45.496851 ], [ -122.50673, 45.49702 ], [ -122.507196, 45.497148 ], [ -122.508979, 45.497636 ], [ -122.510622, 45.498054 ], [ -122.512339, 45.498498 ], [ -122.513826, 45.498918 ], [ -122.514454, 45.49908 ], [ -122.514728, 45.499146 ], [ -122.514916, 45.499183 ], [ -122.515087, 45.499212 ], [ -122.515241, 45.499224 ], [ -122.515483, 45.499227 ], [ -122.515612, 45.499218 ], [ -122.515782, 45.499197 ], [ -122.516418, 45.499101 ], [ -122.51708, 45.498982 ], [ -122.51839, 45.498748 ], [ -122.51856, 45.498714 ], [ -122.519317, 45.498561 ], [ -122.520436, 45.498375 ], [ -122.521376, 45.498219 ], [ -122.521953, 45.498131 ], [ -122.522123, 45.498105 ], [ -122.522219, 45.49809 ], [ -122.523549, 45.497856 ], [ -122.523542, 45.498701 ], [ -122.523543, 45.499063 ], [ -122.523544, 45.499257 ], [ -122.523547, 45.500445 ], [ -122.523573, 45.500602 ], [ -122.523702, 45.501326 ], [ -122.523691, 45.502064 ], [ -122.523681, 45.502738 ], [ -122.523727, 45.504071 ] ] ] } },
{ "type": "Feature", "properties": { "GEOID": "41051006404", "NAMELSAD": "Census Tract 64.04", "area_sqmi": 1.0182445383196461, "total_bike_miles": 0.573, "num_segments": 7, "bike_density": 0.56, "total_pop": 3263, "pop_white": 2645, "pop_black": 19, "pop_asian": 207, "pop_hispanic": 0, "pct_white": 81.1, "pct_nonwhite": 18.9, "pct_black": 0.6, "pct_asian": 6.3, "pct_hispanic": 0.0, "median_income": 108417.0 }, "geometry": { "type": "Polygon", "coordinates": [ [ [ -122.743721, 45.433402 ], [ -122.743721, 45.433536 ], [ -122.743718, 45.435079 ], [ -122.743715, 45.436951 ], [ -122.743713, 45.438377 ], [ -122.743721, 45.439028 ], [ -122.743717, 45.440563 ], [ -122.743703, 45.441391 ], [ -122.743706, 45.442722 ], [ -122.743705, 45.442758 ], [ -122.743704, 45.442779 ], [ -122.743703, 45.442911 ], [ -122.743703, 45.442944 ], [ -122.743633, 45.442959 ], [ -122.742673, 45.443111 ], [ -122.74242, 45.44327 ], [ -122.741647, 45.443431 ], [ -122.740712, 45.443626 ], [ -122.74055, 45.443695 ], [ -122.740428, 45.443748 ], [ -122.740167, 45.443879 ], [ -122.739947, 45.444032 ], [ -122.739682, 45.444217 ], [ -122.7389, 45.444639 ], [ -122.738568, 45.444798 ], [ -122.738442, 45.444846 ], [ -122.73831, 45.44489 ], [ -122.738174, 45.44493 ], [ -122.737616, 45.445059 ], [ -122.737168, 45.445128 ], [ -122.736825, 45.445162 ], [ -122.735667, 45.445376 ], [ -122.734534, 45.445605 ], [ -122.73382, 45.445816 ], [ -122.733725, 45.445849 ], [ -122.733231, 45.44602 ], [ -122.732018, 45.44668 ], [ -122.731691, 45.446858 ], [ -122.731315, 45.447149 ], [ -122.731196, 45.447253 ], [ -122.731091, 45.447114 ], [ -122.731023, 45.447023 ], [ -122.731057, 45.446796 ], [ -122.731045, 45.446084 ], [ -122.731082, 45.445794 ], [ -122.731079, 45.445364 ], [ -122.731062, 45.444661 ], [ -122.731064, 45.443949 ], [ -122.731067, 45.443238 ], [ -122.731066, 45.442526 ], [ -122.731065, 45.441816 ], [ -122.729078, 45.441815 ], [ -122.727064, 45.441815 ], [ -122.727063, 45.441102 ], [ -122.725107, 45.441102 ], [ -122.723075, 45.441101 ], [ -122.721062, 45.441105 ], [ -122.719079, 45.44111 ], [ -122.718838, 45.441152 ], [ -122.718644, 45.441176 ], [ -122.718155, 45.441111 ], [ -122.717096, 45.441114 ], [ -122.716907, 45.44112 ], [ -122.716702, 45.441132 ], [ -122.715724, 45.441116 ], [ -122.715112, 45.441118 ], [ -122.712803, 45.441122 ], [ -122.712794, 45.441031 ], [ -122.712819, 45.44087 ], [ -122.712821, 45.440312 ], [ -122.712821, 45.440225 ], [ -122.71171, 45.440211 ], [ -122.711547, 45.440218 ], [ -122.711516, 45.440135 ], [ -122.711509, 45.4389 ], [ -122.711515, 45.438521 ], [ -122.712324, 45.438136 ], [ -122.712324, 45.436776 ], [ -122.711692, 45.4363 ], [ -122.711536, 45.436234 ], [ -122.711518, 45.436133 ], [ -122.711521, 45.435511 ], [ -122.711322, 45.43492 ], [ -122.711219, 45.43492 ], [ -122.711217, 45.434797 ], [ -122.711216, 45.43468 ], [ -122.711106, 45.434445 ], [ -122.711202, 45.43438 ], [ -122.711278, 45.434303 ], [ -122.711329, 45.434216 ], [ -122.711353, 45.434124 ], [ -122.711329, 45.433904 ], [ -122.711659, 45.433821 ], [ -122.712096, 45.433677 ], [ -122.712242, 45.433646 ], [ -122.712417, 45.433615 ], [ -122.712395, 45.433561 ], [ -122.71236, 45.433473 ], [ -122.712334, 45.433407 ], [ -122.712281, 45.433349 ], [ -122.712268, 45.433332 ], [ -122.712172, 45.43326 ], [ -122.712169, 45.433056 ], [ -122.712829, 45.433059 ], [ -122.714001, 45.433064 ], [ -122.714925, 45.433068 ], [ -122.715531, 45.433075 ], [ -122.715938, 45.433079 ], [ -122.71679, 45.433089 ], [ -122.7179, 45.433099 ], [ -122.718175, 45.433101 ], [ -122.719286, 45.433113 ], [ -122.719705, 45.433117 ], [ -122.720166, 45.433122 ], [ -122.720308, 45.433123 ], [ -122.721031, 45.43313 ], [ -122.721355, 45.433135 ], [ -122.721663, 45.433137 ], [ -122.721931, 45.43314 ], [ -122.722353, 45.433144 ], [ -122.723091, 45.433151 ], [ -122.723536, 45.433153 ], [ -122.723554, 45.433155 ], [ -122.723731, 45.433155 ], [ -122.72523, 45.433167 ], [ -122.725541, 45.433167 ], [ -122.726483, 45.433172 ], [ -122.726973, 45.433174 ], [ -122.72736, 45.433177 ], [ -122.727491, 45.433178 ], [ -122.727792, 45.433179 ], [ -122.727941, 45.43318 ], [ -122.728141, 45.433181 ], [ -122.728554, 45.433184 ], [ -122.728589, 45.433179 ], [ -122.728641, 45.43318 ], [ -122.729128, 45.433183 ], [ -122.7303, 45.43324 ], [ -122.731356, 45.433237 ], [ -122.731746, 45.433228 ], [ -122.732019, 45.433228 ], [ -122.732292, 45.433227 ], [ -122.732383, 45.433227 ], [ -122.732539, 45.433227 ], [ -122.732823, 45.433222 ], [ -122.733128, 45.433216 ], [ -122.73323, 45.433212 ], [ -122.733422, 45.433199 ], [ -122.733671, 45.433195 ], [ -122.733945, 45.433198 ], [ -122.734538, 45.433206 ], [ -122.734552, 45.433206 ], [ -122.73481, 45.433228 ], [ -122.734838, 45.433232 ], [ -122.736207, 45.43324 ], [ -122.737454, 45.43324 ], [ -122.738085, 45.43324 ], [ -122.738183, 45.43324 ], [ -122.738407, 45.43324 ], [ -122.73853, 45.433238 ], [ -122.738563, 45.433238 ], [ -122.740024, 45.433256 ], [ -122.741101, 45.433268 ], [ -122.742254, 45.43328 ], [ -122.743058, 45.433282 ], [ -122.743369, 45.433288 ], [ -122.743407, 45.433288 ], [ -122.743524, 45.433301 ], [ -122.743721, 45.433294 ], [ -122.743721, 45.433402 ] ] ] } },
{ "type": "Feature", "properties": { "GEOID": "41051006403", "NAMELSAD": "Census Tract 64.03", "area_sqmi": 0.72370743579979069, "total_bike_miles": 2.298, "num_segments": 37, "bike_density": 3.18, "total_pop": 4039, "pop_white": 2951, "pop_black": 300, "pop_asian": 109, "pop_hispanic": 0, "pct_white": 73.1, "pct_nonwhite": 26.9, "pct_black": 7.4, "pct_asian": 2.7, "pct_hispanic": 0.0, "median_income": 98571.0 }, "geometry": { "type": "Polygon", "coordinates": [ [ [ -122.731091, 45.447114 ], [ -122.730722, 45.447446 ], [ -122.730581, 45.447608 ], [ -122.730277, 45.447956 ], [ -122.729707, 45.448769 ], [ -122.728303, 45.45101 ], [ -122.728235, 45.451135 ], [ -122.727784, 45.451643 ], [ -122.727457, 45.451935 ], [ -122.727209, 45.452131 ], [ -122.726891, 45.452355 ], [ -122.72682, 45.452398 ], [ -122.72645, 45.452622 ], [ -122.726286, 45.452714 ], [ -122.725825, 45.4529 ], [ -122.725004, 45.453179 ], [ -122.72457, 45.45331 ], [ -122.724294, 45.453377 ], [ -122.723932, 45.45344 ], [ -122.723643, 45.453486 ], [ -122.723317, 45.453519 ], [ -122.722998, 45.453539 ], [ -122.722523, 45.453535 ], [ -122.722094, 45.453539 ], [ -122.721291, 45.45353 ], [ -122.721113, 45.453533 ], [ -122.721103, 45.453558 ], [ -122.721079, 45.453616 ], [ -122.72003, 45.453561 ], [ -122.719607, 45.453534 ], [ -122.719146, 45.453526 ], [ -122.718428, 45.453551 ], [ -122.717795, 45.453608 ], [ -122.717525, 45.453652 ], [ -122.717436, 45.453667 ], [ -122.716794, 45.453854 ], [ -122.716276, 45.454063 ], [ -122.71581, 45.454252 ], [ -122.715788, 45.454263 ], [ -122.715143, 45.45458 ], [ -122.714776, 45.454794 ], [ -122.712532, 45.456021 ], [ -122.711897, 45.456369 ], [ -122.710967, 45.456883 ], [ -122.71013, 45.457347 ], [ -122.710076, 45.457235 ], [ -122.70999, 45.457057 ], [ -122.710056, 45.456675 ], [ -122.71009, 45.456602 ], [ -122.710133, 45.456554 ], [ -122.710192, 45.456508 ], [ -122.710271, 45.456459 ], [ -122.71087, 45.456194 ], [ -122.711092, 45.456083 ], [ -122.711242, 45.455993 ], [ -122.711414, 45.455842 ], [ -122.711553, 45.455519 ], [ -122.711653, 45.45523 ], [ -122.711688, 45.455148 ], [ -122.711759, 45.455018 ], [ -122.711833, 45.454906 ], [ -122.711892, 45.454829 ], [ -122.712029, 45.454681 ], [ -122.712249, 45.454476 ], [ -122.712275, 45.454447 ], [ -122.712373, 45.45434 ], [ -122.712485, 45.454199 ], [ -122.712581, 45.454054 ], [ -122.712663, 45.453905 ], [ -122.71273, 45.453753 ], [ -122.712781, 45.4536 ], [ -122.712816, 45.453445 ], [ -122.712821, 45.453303 ], [ -122.712809, 45.451894 ], [ -122.712819, 45.450534 ], [ -122.712816, 45.449194 ], [ -122.712814, 45.448271 ], [ -122.712813, 45.447615 ], [ -122.712812, 45.447366 ], [ -122.712817, 45.44679 ], [ -122.712814, 45.446472 ], [ -122.712816, 45.446086 ], [ -122.712821, 45.445724 ], [ -122.712852, 45.445372 ], [ -122.712854, 45.444682 ], [ -122.712835, 45.4446 ], [ -122.712829, 45.444427 ], [ -122.712814, 45.443957 ], [ -122.712804, 45.44379 ], [ -122.712798, 45.443249 ], [ -122.712802, 45.442539 ], [ -122.712803, 45.441911 ], [ -122.712803, 45.441122 ], [ -122.715112, 45.441118 ], [ -122.715724, 45.441116 ], [ -122.716702, 45.441132 ], [ -122.716907, 45.44112 ], [ -122.717096, 45.441114 ], [ -122.718155, 45.441111 ], [ -122.718644, 45.441176 ], [ -122.718838, 45.441152 ], [ -122.719079, 45.44111 ], [ -122.721062, 45.441105 ], [ -122.723075, 45.441101 ], [ -122.725107, 45.441102 ], [ -122.727063, 45.441102 ], [ -122.727064, 45.441815 ], [ -122.729078, 45.441815 ], [ -122.731065, 45.441816 ], [ -122.731066, 45.442526 ], [ -122.731067, 45.443238 ], [ -122.731064, 45.443949 ], [ -122.731062, 45.444661 ], [ -122.731079, 45.445364 ], [ -122.731082, 45.445794 ], [ -122.731045, 45.446084 ], [ -122.731057, 45.446796 ], [ -122.731023, 45.447023 ], [ -122.731091, 45.447114 ] ] ] } },
{ "type": "Feature", "properties": { "GEOID": "41051002203", "NAMELSAD": "Census Tract 22.03", "area_sqmi": 0.54488319788790185, "total_bike_miles": 3.45, "num_segments": 71, "bike_density": 6.33, "total_pop": 4481, "pop_white": 3108, "pop_black": 531, "pop_asian": 139, "pop_hispanic": 0, "pct_white": 69.4, "pct_nonwhite": 30.6, "pct_black": 11.9, "pct_asian": 3.1, "pct_hispanic": 0.0, "median_income": 81168.0 }, "geometry": { "type": "Polygon", "coordinates": [ [ [ -122.679229, 45.541109 ], [ -122.678991, 45.541294 ], [ -122.678771, 45.541492 ], [ -122.678548, 45.54166 ], [ -122.67837, 45.541794 ], [ -122.67825, 45.541868 ], [ -122.677931, 45.542128 ], [ -122.677518, 45.542465 ], [ -122.677249, 45.542685 ], [ -122.677123, 45.542795 ], [ -122.677058, 45.542952 ], [ -122.676973, 45.543107 ], [ -122.676852, 45.543328 ], [ -122.676788, 45.543538 ], [ -122.676766, 45.543703 ], [ -122.676782, 45.544039 ], [ -122.676861, 45.544317 ], [ -122.676964, 45.544531 ], [ -122.67703, 45.544626 ], [ -122.677105, 45.544735 ], [ -122.677846, 45.545678 ], [ -122.67816, 45.545994 ], [ -122.678405, 45.546285 ], [ -122.678522, 45.546448 ], [ -122.678668, 45.546695 ], [ -122.678757, 45.546916 ], [ -122.678827, 45.547145 ], [ -122.678869, 45.547738 ], [ -122.678805, 45.548024 ], [ -122.678696, 45.548082 ], [ -122.678597, 45.548079 ], [ -122.67857, 45.548078 ], [ -122.678455, 45.548075 ], [ -122.678363, 45.548072 ], [ -122.67804, 45.547835 ], [ -122.677709, 45.547836 ], [ -122.677172, 45.547836 ], [ -122.676928, 45.547832 ], [ -122.676635, 45.547836 ], [ -122.676098, 45.547837 ], [ -122.675561, 45.547837 ], [ -122.675386, 45.547835 ], [ -122.675025, 45.547837 ], [ -122.674579, 45.547836 ], [ -122.674357, 45.547838 ], [ -122.674247, 45.54785 ], [ -122.674125, 45.547878 ], [ -122.674045, 45.547903 ], [ -122.673946, 45.547943 ], [ -122.673825, 45.548004 ], [ -122.673564, 45.548161 ], [ -122.673415, 45.548213 ], [ -122.673302, 45.548243 ], [ -122.672881, 45.548242 ], [ -122.672331, 45.548242 ], [ -122.672205, 45.548269 ], [ -122.671783, 45.548265 ], [ -122.671235, 45.548264 ], [ -122.670723, 45.548264 ], [ -122.670138, 45.548263 ], [ -122.668954, 45.548262 ], [ -122.667951, 45.54826 ], [ -122.667326, 45.54826 ], [ -122.666685, 45.548261 ], [ -122.666398, 45.548261 ], [ -122.665693, 45.548263 ], [ -122.664673, 45.548264 ], [ -122.664085, 45.548265 ], [ -122.663658, 45.548265 ], [ -122.662643, 45.548267 ], [ -122.661742, 45.548268 ], [ -122.661587, 45.548274 ], [ -122.660592, 45.548279 ], [ -122.659616, 45.548276 ], [ -122.65859, 45.548267 ], [ -122.658554, 45.548192 ], [ -122.658556, 45.547893 ], [ -122.65856, 45.547161 ], [ -122.658565, 45.546369 ], [ -122.658567, 45.545998 ], [ -122.657517, 45.545994 ], [ -122.657522, 45.545209 ], [ -122.657532, 45.543672 ], [ -122.657542, 45.542109 ], [ -122.657552, 45.540545 ], [ -122.657562, 45.539009 ], [ -122.658612, 45.539014 ], [ -122.658614, 45.5387 ], [ -122.661622, 45.538709 ], [ -122.66162, 45.538991 ], [ -122.664157, 45.538999 ], [ -122.666086, 45.539003 ], [ -122.666237, 45.539004 ], [ -122.666694, 45.539006 ], [ -122.666689, 45.539585 ], [ -122.666686, 45.539969 ], [ -122.666679, 45.541022 ], [ -122.667928, 45.541027 ], [ -122.668706, 45.541029 ], [ -122.669467, 45.541032 ], [ -122.670734, 45.541036 ], [ -122.671016, 45.54102 ], [ -122.671682, 45.541003 ], [ -122.671971, 45.540991 ], [ -122.672202, 45.540993 ], [ -122.672763, 45.541004 ], [ -122.673315, 45.541006 ], [ -122.673778, 45.541007 ], [ -122.674593, 45.54101 ], [ -122.674792, 45.54101 ], [ -122.675839, 45.541013 ], [ -122.677024, 45.541017 ], [ -122.677185, 45.541014 ], [ -122.677697, 45.541007 ], [ -122.678036, 45.54101 ], [ -122.678225, 45.541012 ], [ -122.678301, 45.541013 ], [ -122.67915, 45.541015 ], [ -122.679229, 45.541109 ] ] ] } },
{ "type": "Feature", "properties": { "GEOID": "41051005903", "NAMELSAD": "Census Tract 59.03", "area_sqmi": 0.68850259225546129, "total_bike_miles": 2.134, "num_segments": 12, "bike_density": 3.1, "total_pop": 3429, "pop_white": 2343, "pop_black": 15, "pop_asian": 286, "pop_hispanic": 0, "pct_white": 68.3, "pct_nonwhite": 31.7, "pct_black": 0.4, "pct_asian": 8.3, "pct_hispanic": 0.0, "median_income": 101875.0 }, "geometry": { "type": "Polygon", "coordinates": [ [ [ -122.679302, 45.485507 ], [ -122.679302, 45.485832 ], [ -122.679273, 45.486119 ], [ -122.679214, 45.486372 ], [ -122.679189, 45.486477 ], [ -122.679133, 45.486589 ], [ -122.678936, 45.486987 ], [ -122.678788, 45.487212 ], [ -122.678154, 45.487797 ], [ -122.677662, 45.488163 ], [ -122.677604, 45.488207 ], [ -122.676246, 45.489242 ], [ -122.675845, 45.489608 ], [ -122.675708, 45.489734 ], [ -122.675462, 45.489947 ], [ -122.675177, 45.490276 ], [ -122.674949, 45.490574 ], [ -122.674791, 45.49079 ], [ -122.674662, 45.491031 ], [ -122.674561, 45.491174 ], [ -122.674494, 45.491283 ], [ -122.674427, 45.491392 ], [ -122.674179, 45.491833 ], [ -122.673711, 45.492957 ], [ -122.673545, 45.492819 ], [ -122.67334, 45.492615 ], [ -122.673204, 45.492461 ], [ -122.673084, 45.492289 ], [ -122.673045, 45.492128 ], [ -122.672997, 45.491576 ], [ -122.673061, 45.491272 ], [ -122.673182, 45.490971 ], [ -122.673302, 45.490707 ], [ -122.673404, 45.490483 ], [ -122.673728, 45.489914 ], [ -122.673177, 45.489898 ], [ -122.672522, 45.489882 ], [ -122.67242, 45.489869 ], [ -122.672391, 45.489865 ], [ -122.671923, 45.489853 ], [ -122.671703, 45.489839 ], [ -122.671525, 45.489836 ], [ -122.671463, 45.489835 ], [ -122.671436, 45.489827 ], [ -122.671297, 45.489756 ], [ -122.671247, 45.489714 ], [ -122.671219, 45.489679 ], [ -122.671209, 45.489646 ], [ -122.671266, 45.489512 ], [ -122.671516, 45.488837 ], [ -122.671823, 45.488692 ], [ -122.671899, 45.488655 ], [ -122.672089, 45.488561 ], [ -122.672229, 45.488528 ], [ -122.672418, 45.48846 ], [ -122.672574, 45.488405 ], [ -122.672726, 45.488389 ], [ -122.672761, 45.488368 ], [ -122.672791, 45.488333 ], [ -122.672907, 45.487834 ], [ -122.672958, 45.487249 ], [ -122.672908, 45.487004 ], [ -122.672855, 45.486864 ], [ -122.672769, 45.486776 ], [ -122.672355, 45.486569 ], [ -122.672249, 45.48651 ], [ -122.672147, 45.48641 ], [ -122.672102, 45.486255 ], [ -122.672067, 45.486259 ], [ -122.669656, 45.486542 ], [ -122.668865, 45.486618 ], [ -122.669145, 45.484237 ], [ -122.668329, 45.479386 ], [ -122.667839, 45.476478 ], [ -122.667554, 45.474783 ], [ -122.667152, 45.471174 ], [ -122.666934, 45.469209 ], [ -122.666602, 45.466224 ], [ -122.666566, 45.465897 ], [ -122.666484, 45.464933 ], [ -122.666484, 45.464334 ], [ -122.667666, 45.464331 ], [ -122.668023, 45.46433 ], [ -122.66831, 45.464323 ], [ -122.668626, 45.464315 ], [ -122.668847, 45.46431 ], [ -122.669037, 45.465072 ], [ -122.669325, 45.465918 ], [ -122.669534, 45.4664 ], [ -122.669921, 45.46713 ], [ -122.669988, 45.467257 ], [ -122.670076, 45.467406 ], [ -122.670163, 45.467519 ], [ -122.670282, 45.467659 ], [ -122.670419, 45.467794 ], [ -122.670541, 45.467899 ], [ -122.670622, 45.467958 ], [ -122.670785, 45.468104 ], [ -122.670904, 45.468227 ], [ -122.671027, 45.46837 ], [ -122.671137, 45.468519 ], [ -122.671234, 45.468673 ], [ -122.671307, 45.468814 ], [ -122.671317, 45.468836 ], [ -122.671362, 45.468944 ], [ -122.671383, 45.468991 ], [ -122.671438, 45.469153 ], [ -122.671475, 45.469317 ], [ -122.671499, 45.469482 ], [ -122.672418, 45.470017 ], [ -122.672509, 45.469561 ], [ -122.67254, 45.469332 ], [ -122.672725, 45.46936 ], [ -122.67279, 45.469404 ], [ -122.672834, 45.469452 ], [ -122.672878, 45.469522 ], [ -122.672981, 45.469895 ], [ -122.673023, 45.470007 ], [ -122.67308, 45.470062 ], [ -122.673142, 45.470111 ], [ -122.673196, 45.470139 ], [ -122.673254, 45.470158 ], [ -122.673731, 45.470241 ], [ -122.673874, 45.470254 ], [ -122.673963, 45.470258 ], [ -122.674113, 45.47023 ], [ -122.674171, 45.470227 ], [ -122.674221, 45.470241 ], [ -122.67426, 45.470267 ], [ -122.674314, 45.470377 ], [ -122.674484, 45.470566 ], [ -122.674629, 45.470668 ], [ -122.674727, 45.47079 ], [ -122.674784, 45.470915 ], [ -122.674794, 45.471057 ], [ -122.674796, 45.471085 ], [ -122.67481, 45.471154 ], [ -122.674845, 45.471206 ], [ -122.674919, 45.471272 ], [ -122.675174, 45.471455 ], [ -122.675217, 45.471503 ], [ -122.675229, 45.471537 ], [ -122.675217, 45.471657 ], [ -122.675191, 45.471751 ], [ -122.6752, 45.471924 ], [ -122.675225, 45.472061 ], [ -122.675284, 45.472193 ], [ -122.675351, 45.472291 ], [ -122.675436, 45.472384 ], [ -122.675752, 45.472653 ], [ -122.675855, 45.472773 ], [ -122.675893, 45.472848 ], [ -122.675915, 45.472924 ], [ -122.675922, 45.473023 ], [ -122.676962, 45.473022 ], [ -122.676935, 45.473697 ], [ -122.676951, 45.47443 ], [ -122.677155, 45.474431 ], [ -122.677679, 45.474434 ], [ -122.678058, 45.47444 ], [ -122.678246, 45.474443 ], [ -122.678322, 45.474648 ], [ -122.678736, 45.475773 ], [ -122.678771, 45.475943 ], [ -122.6789, 45.476565 ], [ -122.678936, 45.479846 ], [ -122.678955, 45.481524 ], [ -122.679268, 45.4847 ], [ -122.67929, 45.485107 ], [ -122.679302, 45.485328 ], [ -122.679302, 45.485507 ] ] ] } },
{ "type": "Feature", "properties": { "GEOID": "41051007002", "NAMELSAD": "Census Tract 70.02", "area_sqmi": 12.255528999457654, "total_bike_miles": 3.268, "num_segments": 20, "bike_density": 0.27, "total_pop": 2717, "pop_white": 1994, "pop_black": 9, "pop_asian": 209, "pop_hispanic": 0, "pct_white": 73.4, "pct_nonwhite": 26.6, "pct_black": 0.3, "pct_asian": 7.7, "pct_hispanic": 0.0, "median_income": 250000.0 }, "geometry": { "type": "Polygon", "coordinates": [ [ [ -122.867566, 45.595539 ], [ -122.867543, 45.599018 ], [ -122.867539, 45.599489 ], [ -122.867535, 45.600163 ], [ -122.867519, 45.602489 ], [ -122.867518, 45.602789 ], [ -122.867507, 45.604377 ], [ -122.867504, 45.604875 ], [ -122.867496, 45.606019 ], [ -122.867495, 45.606226 ], [ -122.867525, 45.606274 ], [ -122.867544, 45.60642 ], [ -122.867401, 45.606795 ], [ -122.866628, 45.607308 ], [ -122.86594, 45.607689 ], [ -122.865586, 45.607856 ], [ -122.864881, 45.608119 ], [ -122.864226, 45.608344 ], [ -122.864053, 45.608202 ], [ -122.863834, 45.608129 ], [ -122.863526, 45.608082 ], [ -122.861683, 45.608028 ], [ -122.861441, 45.60799 ], [ -122.856923, 45.606914 ], [ -122.854104, 45.606175 ], [ -122.852266, 45.605742 ], [ -122.852179, 45.605713 ], [ -122.852089, 45.605689 ], [ -122.851997, 45.605671 ], [ -122.851597, 45.605615 ], [ -122.851072, 45.605565 ], [ -122.850849, 45.605519 ], [ -122.850635, 45.605452 ], [ -122.850455, 45.605385 ], [ -122.848865, 45.604696 ], [ -122.848374, 45.604478 ], [ -122.848156, 45.604425 ], [ -122.847977, 45.604399 ], [ -122.84777, 45.604386 ], [ -122.847583, 45.604387 ], [ -122.847402, 45.604417 ], [ -122.847121, 45.604484 ], [ -122.846713, 45.604603 ], [ -122.845198, 45.605018 ], [ -122.844575, 45.605169 ], [ -122.844175, 45.605252 ], [ -122.843922, 45.605294 ], [ -122.843727, 45.605335 ], [ -122.843507, 45.605402 ], [ -122.843313, 45.605473 ], [ -122.843116, 45.605578 ], [ -122.842999, 45.605658 ], [ -122.84286, 45.605772 ], [ -122.84274, 45.60589 ], [ -122.842529, 45.60614 ], [ -122.842405, 45.606261 ], [ -122.842214, 45.606392 ], [ -122.842044, 45.606459 ], [ -122.841864, 45.606513 ], [ -122.841664, 45.606548 ], [ -122.841443, 45.606552 ], [ -122.841199, 45.606535 ], [ -122.841104, 45.606517 ], [ -122.841007, 45.606492 ], [ -122.840786, 45.606422 ], [ -122.84066, 45.606393 ], [ -122.840539, 45.606377 ], [ -122.840452, 45.606375 ], [ -122.840313, 45.606381 ], [ -122.83956, 45.606486 ], [ -122.839371, 45.606504 ], [ -122.839169, 45.606506 ], [ -122.837475, 45.606421 ], [ -122.837192, 45.606472 ], [ -122.836995, 45.60654 ], [ -122.836898, 45.606574 ], [ -122.836787, 45.606661 ], [ -122.836482, 45.606912 ], [ -122.836386, 45.606992 ], [ -122.836268, 45.607091 ], [ -122.836162, 45.607206 ], [ -122.836067, 45.607291 ], [ -122.835989, 45.607352 ], [ -122.835835, 45.60742 ], [ -122.835626, 45.607462 ], [ -122.835515, 45.607467 ], [ -122.835368, 45.607454 ], [ -122.835192, 45.607415 ], [ -122.835102, 45.607384 ], [ -122.835016, 45.607345 ], [ -122.834938, 45.607298 ], [ -122.834866, 45.607245 ], [ -122.834168, 45.606524 ], [ -122.833906, 45.606194 ], [ -122.833734, 45.606017 ], [ -122.833372, 45.605646 ], [ -122.832864, 45.603804 ], [ -122.832826, 45.603714 ], [ -122.832797, 45.603623 ], [ -122.832775, 45.603532 ], [ -122.832753, 45.603347 ], [ -122.832753, 45.603255 ], [ -122.832775, 45.60307 ], [ -122.832797, 45.602979 ], [ -122.832893, 45.602741 ], [ -122.832945, 45.602584 ], [ -122.832977, 45.602385 ], [ -122.83298, 45.602291 ], [ -122.832965, 45.6021 ], [ -122.832946, 45.602004 ], [ -122.832901, 45.601772 ], [ -122.832802, 45.601482 ], [ -122.832759, 45.601322 ], [ -122.832744, 45.601225 ], [ -122.832733, 45.601094 ], [ -122.832745, 45.60083 ], [ -122.832738, 45.600713 ], [ -122.8327, 45.600489 ], [ -122.832596, 45.600251 ], [ -122.832452, 45.600024 ], [ -122.832389, 45.599944 ], [ -122.832303, 45.599854 ], [ -122.832213, 45.599793 ], [ -122.832127, 45.599748 ], [ -122.832034, 45.599709 ], [ -122.831937, 45.599678 ], [ -122.831818, 45.59965 ], [ -122.831694, 45.599634 ], [ -122.831567, 45.599628 ], [ -122.831458, 45.599632 ], [ -122.827483, 45.599933 ], [ -122.827276, 45.599932 ], [ -122.827085, 45.599901 ], [ -122.826922, 45.59985 ], [ -122.82676, 45.599768 ], [ -122.826647, 45.599683 ], [ -122.826586, 45.599621 ], [ -122.826539, 45.599559 ], [ -122.826507, 45.599504 ], [ -122.826478, 45.599437 ], [ -122.82646, 45.599369 ], [ -122.826451, 45.599281 ], [ -122.826454, 45.59853 ], [ -122.826445, 45.597907 ], [ -122.826452, 45.597237 ], [ -122.826431, 45.597088 ], [ -122.826358, 45.596934 ], [ -122.826313, 45.596861 ], [ -122.826269, 45.596804 ], [ -122.826203, 45.596739 ], [ -122.826139, 45.596689 ], [ -122.82607, 45.596643 ], [ -122.825994, 45.596601 ], [ -122.825911, 45.596564 ], [ -122.825806, 45.596526 ], [ -122.825693, 45.596496 ], [ -122.825577, 45.596473 ], [ -122.825475, 45.596461 ], [ -122.823582, 45.59619 ], [ -122.823059, 45.596115 ], [ -122.821347, 45.595866 ], [ -122.820128, 45.595686 ], [ -122.819987, 45.595647 ], [ -122.819872, 45.59561 ], [ -122.819633, 45.595466 ], [ -122.819514, 45.595326 ], [ -122.819448, 45.59517 ], [ -122.819393, 45.594978 ], [ -122.819351, 45.594866 ], [ -122.819308, 45.594779 ], [ -122.819217, 45.594648 ], [ -122.81913, 45.594564 ], [ -122.819062, 45.594506 ], [ -122.818967, 45.594439 ], [ -122.818849, 45.594373 ], [ -122.818622, 45.594263 ], [ -122.816052, 45.593027 ], [ -122.815432, 45.592749 ], [ -122.815003, 45.592583 ], [ -122.814788, 45.5925 ], [ -122.813556, 45.592061 ], [ -122.813306, 45.591939 ], [ -122.813142, 45.591807 ], [ -122.81301, 45.591628 ], [ -122.81295, 45.591445 ], [ -122.812841, 45.590739 ], [ -122.812739, 45.590461 ], [ -122.812557, 45.590244 ], [ -122.812403, 45.590127 ], [ -122.812267, 45.590046 ], [ -122.812085, 45.589968 ], [ -122.811144, 45.589694 ], [ -122.8109, 45.589653 ], [ -122.810854, 45.58964 ], [ -122.810452, 45.589531 ], [ -122.809904, 45.589382 ], [ -122.809849, 45.589367 ], [ -122.809691, 45.589325 ], [ -122.807317, 45.588689 ], [ -122.806184, 45.588385 ], [ -122.806168, 45.588378 ], [ -122.806085, 45.588341 ], [ -122.805965, 45.58827 ], [ -122.805902, 45.588222 ], [ -122.805823, 45.588146 ], [ -122.805772, 45.588075 ], [ -122.805703, 45.587915 ], [ -122.805606, 45.587517 ], [ -122.805467, 45.586941 ], [ -122.805392, 45.58663 ], [ -122.805335, 45.586469 ], [ -122.805233, 45.586314 ], [ -122.805133, 45.586208 ], [ -122.804931, 45.586054 ], [ -122.804779, 45.585972 ], [ -122.80454, 45.585825 ], [ -122.80407, 45.585537 ], [ -122.802205, 45.584393 ], [ -122.801485, 45.583951 ], [ -122.801119, 45.583796 ], [ -122.800935, 45.583749 ], [ -122.80079, 45.583713 ], [ -122.800467, 45.583647 ], [ -122.800267, 45.583591 ], [ -122.800152, 45.583547 ], [ -122.799978, 45.583448 ], [ -122.799832, 45.583323 ], [ -122.799694, 45.58318 ], [ -122.799532, 45.583052 ], [ -122.799449, 45.582992 ], [ -122.798405, 45.581025 ], [ -122.798307, 45.580832 ], [ -122.798165, 45.580625 ], [ -122.798056, 45.580497 ], [ -122.797935, 45.580378 ], [ -122.79774, 45.580215 ], [ -122.797694, 45.580175 ], [ -122.797572, 45.580101 ], [ -122.797309, 45.579955 ], [ -122.79705, 45.579842 ], [ -122.796684, 45.579699 ], [ -122.796441, 45.579575 ], [ -122.796245, 45.579438 ], [ -122.796093, 45.579297 ], [ -122.795964, 45.579132 ], [ -122.795908, 45.579038 ], [ -122.795724, 45.578698 ], [ -122.795612, 45.57851 ], [ -122.795304, 45.578168 ], [ -122.794773, 45.577654 ], [ -122.794586, 45.577469 ], [ -122.794441, 45.577299 ], [ -122.794434, 45.577285 ], [ -122.794333, 45.577119 ], [ -122.794254, 45.576875 ], [ -122.794239, 45.576733 ], [ -122.79422, 45.576088 ], [ -122.794185, 45.574819 ], [ -122.794231, 45.574502 ], [ -122.794385, 45.574202 ], [ -122.794635, 45.573856 ], [ -122.794708, 45.573668 ], [ -122.794692, 45.573524 ], [ -122.794603, 45.573373 ], [ -122.794433, 45.573243 ], [ -122.793442, 45.572716 ], [ -122.793287, 45.57265 ], [ -122.793142, 45.57261 ], [ -122.792962, 45.572586 ], [ -122.792808, 45.572585 ], [ -122.791765, 45.572642 ], [ -122.791429, 45.572631 ], [ -122.791135, 45.572576 ], [ -122.790967, 45.572519 ], [ -122.7908, 45.57244 ], [ -122.79065, 45.572345 ], [ -122.790583, 45.572292 ], [ -122.79052, 45.572235 ], [ -122.790465, 45.572176 ], [ -122.790415, 45.572114 ], [ -122.790332, 45.571983 ], [ -122.7903, 45.571914 ], [ -122.789844, 45.570553 ], [ -122.789805, 45.570418 ], [ -122.789796, 45.570288 ], [ -122.789815, 45.570167 ], [ -122.789826, 45.570138 ], [ -122.789865, 45.570039 ], [ -122.790197, 45.569413 ], [ -122.790358, 45.569057 ], [ -122.790466, 45.568709 ], [ -122.790524, 45.568398 ], [ -122.790544, 45.56817 ], [ -122.790541, 45.567847 ], [ -122.790409, 45.566741 ], [ -122.790379, 45.566604 ], [ -122.790328, 45.566484 ], [ -122.790234, 45.566342 ], [ -122.790128, 45.566229 ], [ -122.789854, 45.565977 ], [ -122.789739, 45.56586 ], [ -122.789664, 45.56577 ], [ -122.789623, 45.565712 ], [ -122.784861, 45.565544 ], [ -122.78471, 45.565539 ], [ -122.781616, 45.5649 ], [ -122.779814, 45.564528 ], [ -122.779674, 45.564499 ], [ -122.779163, 45.564394 ], [ -122.777106, 45.56397 ], [ -122.774675, 45.563468 ], [ -122.774481, 45.563428 ], [ -122.77331, 45.563186 ], [ -122.772113, 45.562938 ], [ -122.767339, 45.561809 ], [ -122.765904, 45.561556 ], [ -122.765576, 45.561498 ], [ -122.765544, 45.561479 ], [ -122.765472, 45.561448 ], [ -122.765322, 45.561442 ], [ -122.76511, 45.561506 ], [ -122.764872, 45.561564 ], [ -122.764536, 45.561598 ], [ -122.764423, 45.561624 ], [ -122.764315, 45.561658 ], [ -122.764204, 45.561707 ], [ -122.76402, 45.561737 ], [ -122.763835, 45.561747 ], [ -122.7636, 45.561781 ], [ -122.763315, 45.561905 ], [ -122.76311, 45.561951 ], [ -122.762979, 45.561927 ], [ -122.762887, 45.561845 ], [ -122.762592, 45.561434 ], [ -122.762483, 45.56133 ], [ -122.76235, 45.561255 ], [ -122.762242, 45.56121 ], [ -122.762116, 45.561215 ], [ -122.762003, 45.561262 ], [ -122.761917, 45.561346 ], [ -122.761822, 45.561634 ], [ -122.761731, 45.561797 ], [ -122.76162, 45.561891 ], [ -122.761492, 45.561951 ], [ -122.761327, 45.561969 ], [ -122.761044, 45.561953 ], [ -122.760689, 45.561888 ], [ -122.760575, 45.561861 ], [ -122.760492, 45.561834 ], [ -122.760428, 45.561798 ], [ -122.760412, 45.561716 ], [ -122.760415, 45.561657 ], [ -122.760433, 45.561571 ], [ -122.760396, 45.561453 ], [ -122.76036, 45.561411 ], [ -122.760327, 45.561384 ], [ -122.760223, 45.561344 ], [ -122.760053, 45.561329 ], [ -122.759849, 45.561324 ], [ -122.759705, 45.56129 ], [ -122.759628, 45.561216 ], [ -122.759613, 45.561158 ], [ -122.759615, 45.561112 ], [ -122.759635, 45.561057 ], [ -122.759663, 45.561002 ], [ -122.759798, 45.560804 ], [ -122.760008, 45.560514 ], [ -122.760128, 45.560374 ], [ -122.760256, 45.560296 ], [ -122.761591, 45.559881 ], [ -122.762575, 45.559569 ], [ -122.763325, 45.55932 ], [ -122.763448, 45.559267 ], [ -122.763558, 45.559197 ], [ -122.763631, 45.559129 ], [ -122.763679, 45.559067 ], [ -122.763688, 45.559014 ], [ -122.763686, 45.558972 ], [ -122.763645, 45.558906 ], [ -122.763577, 45.558873 ], [ -122.763478, 45.55886 ], [ -122.76338, 45.558864 ], [ -122.762698, 45.558914 ], [ -122.762108, 45.55891 ], [ -122.761906, 45.558904 ], [ -122.761519, 45.558846 ], [ -122.760594, 45.558622 ], [ -122.760432, 45.558525 ], [ -122.760362, 45.558436 ], [ -122.760395, 45.558297 ], [ -122.760728, 45.55802 ], [ -122.760923, 45.557844 ], [ -122.760991, 45.557762 ], [ -122.761014, 45.557646 ], [ -122.760867, 45.557516 ], [ -122.760635, 45.557412 ], [ -122.760385, 45.557418 ], [ -122.760285, 45.557469 ], [ -122.759772, 45.557793 ], [ -122.759514, 45.557911 ], [ -122.759217, 45.557994 ], [ -122.759011, 45.558018 ], [ -122.75878, 45.557972 ], [ -122.75859, 45.557899 ], [ -122.758403, 45.557913 ], [ -122.758279, 45.557948 ], [ -122.757708, 45.558089 ], [ -122.757476, 45.558067 ], [ -122.757361, 45.558004 ], [ -122.757159, 45.557755 ], [ -122.756943, 45.5577 ], [ -122.756505, 45.557668 ], [ -122.755952, 45.557574 ], [ -122.755815, 45.557512 ], [ -122.755723, 45.557396 ], [ -122.755737, 45.557326 ], [ -122.755812, 45.557177 ], [ -122.756213, 45.556715 ], [ -122.756408, 45.556447 ], [ -122.756818, 45.555805 ], [ -122.756932, 45.555688 ], [ -122.757336, 45.555085 ], [ -122.757454, 45.554865 ], [ -122.757504, 45.554664 ], [ -122.757493, 45.554634 ], [ -122.757477, 45.554588 ], [ -122.757365, 45.554553 ], [ -122.75719, 45.554589 ], [ -122.756628, 45.554981 ], [ -122.756253, 45.55525 ], [ -122.755394, 45.555822 ], [ -122.754885, 45.556185 ], [ -122.754629, 45.556306 ], [ -122.754315, 45.556379 ], [ -122.754046, 45.556476 ], [ -122.753562, 45.556699 ], [ -122.753384, 45.556748 ], [ -122.753255, 45.556784 ], [ -122.753058, 45.556777 ], [ -122.752913, 45.556731 ], [ -122.752816, 45.556604 ], [ -122.752745, 45.556119 ], [ -122.75273, 45.555764 ], [ -122.752767, 45.555302 ], [ -122.752877, 45.554711 ], [ -122.752996, 45.554264 ], [ -122.753142, 45.553829 ], [ -122.753281, 45.553609 ], [ -122.75336, 45.55331 ], [ -122.753435, 45.553112 ], [ -122.753412, 45.552997 ], [ -122.753324, 45.552963 ], [ -122.753226, 45.552995 ], [ -122.75318, 45.553003 ], [ -122.75299, 45.55314 ], [ -122.752722, 45.553325 ], [ -122.752182, 45.553682 ], [ -122.751923, 45.553971 ], [ -122.751447, 45.554579 ], [ -122.751158, 45.554983 ], [ -122.750903, 45.555364 ], [ -122.750843, 45.555509 ], [ -122.750772, 45.555946 ], [ -122.750704, 45.556083 ], [ -122.750638, 45.556163 ], [ -122.750527, 45.55625 ], [ -122.750059, 45.556677 ], [ -122.749966, 45.55678 ], [ -122.749882, 45.556922 ], [ -122.749734, 45.557227 ], [ -122.749662, 45.557314 ], [ -122.749601, 45.557352 ], [ -122.749524, 45.557375 ], [ -122.749461, 45.557379 ], [ -122.749176, 45.557382 ], [ -122.749042, 45.557394 ], [ -122.748944, 45.557419 ], [ -122.748782, 45.557522 ], [ -122.748649, 45.557643 ], [ -122.748545, 45.557688 ], [ -122.748418, 45.557694 ], [ -122.74828, 45.557678 ], [ -122.748053, 45.557675 ], [ -122.74787, 45.557692 ], [ -122.74771, 45.557691 ], [ -122.747573, 45.557664 ], [ -122.747432, 45.557607 ], [ -122.747082, 45.557397 ], [ -122.746996, 45.557401 ], [ -122.746889, 45.557436 ], [ -122.74628, 45.557673 ], [ -122.745955, 45.557771 ], [ -122.745796, 45.557751 ], [ -122.745682, 45.557706 ], [ -122.745581, 45.557641 ], [ -122.745364, 45.557411 ], [ -122.745281, 45.557296 ], [ -122.745193, 45.557233 ], [ -122.745048, 45.557234 ], [ -122.744927, 45.557275 ], [ -122.744554, 45.557414 ], [ -122.744413, 45.557426 ], [ -122.744253, 45.557383 ], [ -122.744164, 45.557328 ], [ -122.743953, 45.557141 ], [ -122.743837, 45.556988 ], [ -122.743784, 45.556811 ], [ -122.743764, 45.556531 ], [ -122.743694, 45.556464 ], [ -122.743588, 45.556428 ], [ -122.743426, 45.556447 ], [ -122.743194, 45.556529 ], [ -122.742966, 45.556559 ], [ -122.742773, 45.556511 ], [ -122.74268, 45.556409 ], [ -122.74269, 45.556274 ], [ -122.74269, 45.556093 ], [ -122.742581, 45.55595 ], [ -122.742392, 45.555835 ], [ -122.742139, 45.555772 ], [ -122.741911, 45.555691 ], [ -122.741793, 45.555613 ], [ -122.741701, 45.555568 ], [ -122.741633, 45.555515 ], [ -122.741594, 45.555463 ], [ -122.741583, 45.555383 ], [ -122.74147, 45.555237 ], [ -122.741364, 45.555158 ], [ -122.74119, 45.555116 ], [ -122.740924, 45.555096 ], [ -122.74062, 45.555057 ], [ -122.740315, 45.555049 ], [ -122.740036, 45.555051 ], [ -122.739928, 45.555042 ], [ -122.739837, 45.555012 ], [ -122.739702, 45.554939 ], [ -122.739308, 45.554679 ], [ -122.739238, 45.554618 ], [ -122.739193, 45.554544 ], [ -122.739194, 45.554467 ], [ -122.73922, 45.554377 ], [ -122.739307, 45.554213 ], [ -122.739527, 45.553847 ], [ -122.739521, 45.553795 ], [ -122.739516, 45.553751 ], [ -122.739443, 45.553659 ], [ -122.739332, 45.553612 ], [ -122.739216, 45.553612 ], [ -122.738934, 45.553635 ], [ -122.738679, 45.553675 ], [ -122.738601, 45.553676 ], [ -122.738547, 45.553668 ], [ -122.738519, 45.553654 ], [ -122.738493, 45.55361 ], [ -122.738488, 45.553578 ], [ -122.738504, 45.553504 ], [ -122.738717, 45.55307 ], [ -122.738727, 45.552995 ], [ -122.738679, 45.552884 ], [ -122.738566, 45.552813 ], [ -122.738448, 45.5528 ], [ -122.737992, 45.552911 ], [ -122.737882, 45.552886 ], [ -122.737818, 45.552824 ], [ -122.737769, 45.552727 ], [ -122.73777, 45.552404 ], [ -122.737736, 45.552264 ], [ -122.737489, 45.552016 ], [ -122.737324, 45.551823 ], [ -122.737199, 45.551578 ], [ -122.737071, 45.551429 ], [ -122.73698, 45.551289 ], [ -122.736982, 45.551163 ], [ -122.73704, 45.551005 ], [ -122.73703, 45.550909 ], [ -122.736967, 45.550815 ], [ -122.736868, 45.550759 ], [ -122.73673, 45.550771 ], [ -122.736551, 45.550809 ], [ -122.736358, 45.550805 ], [ -122.73621, 45.550743 ], [ -122.735872, 45.550511 ], [ -122.735607, 45.550377 ], [ -122.735381, 45.55025 ], [ -122.735325, 45.550152 ], [ -122.73538, 45.55002 ], [ -122.735533, 45.549933 ], [ -122.735559, 45.549837 ], [ -122.735522, 45.549742 ], [ -122.7354, 45.549682 ], [ -122.735178, 45.549654 ], [ -122.734779, 45.549643 ], [ -122.734344, 45.549607 ], [ -122.734069, 45.549532 ], [ -122.733797, 45.549412 ], [ -122.733574, 45.549255 ], [ -122.733481, 45.549158 ], [ -122.733393, 45.54898 ], [ -122.733353, 45.548912 ], [ -122.73329, 45.548824 ], [ -122.733221, 45.548739 ], [ -122.732914, 45.548434 ], [ -122.732895, 45.548369 ], [ -122.732897, 45.548307 ], [ -122.732956, 45.548212 ], [ -122.733066, 45.548159 ], [ -122.733349, 45.54814 ], [ -122.73382, 45.548185 ], [ -122.733999, 45.548186 ], [ -122.734209, 45.548161 ], [ -122.734427, 45.548106 ], [ -122.73464, 45.548009 ], [ -122.73494, 45.547846 ], [ -122.735333, 45.547648 ], [ -122.735409, 45.547577 ], [ -122.735435, 45.547472 ], [ -122.735403, 45.547395 ], [ -122.735326, 45.54733 ], [ -122.735217, 45.547292 ], [ -122.735114, 45.547289 ], [ -122.735085, 45.547288 ], [ -122.734718, 45.547329 ], [ -122.734036, 45.547367 ], [ -122.733955, 45.547364 ], [ -122.733888, 45.54735 ], [ -122.733823, 45.547324 ], [ -122.733785, 45.5473 ], [ -122.733743, 45.547262 ], [ -122.733713, 45.547218 ], [ -122.733696, 45.547164 ], [ -122.7337, 45.54711 ], [ -122.733854, 45.546496 ], [ -122.733837, 45.546249 ], [ -122.733846, 45.54618 ], [ -122.733868, 45.546109 ], [ -122.733914, 45.546021 ], [ -122.733999, 45.545918 ], [ -122.734075, 45.545853 ], [ -122.734603, 45.545445 ], [ -122.734855, 45.545036 ], [ -122.734996, 45.544792 ], [ -122.734995, 45.544701 ], [ -122.734966, 45.544652 ], [ -122.734946, 45.54464 ], [ -122.734859, 45.544586 ], [ -122.734768, 45.544565 ], [ -122.734654, 45.544572 ], [ -122.734415, 45.544665 ], [ -122.734068, 45.544828 ], [ -122.733593, 45.545055 ], [ -122.733482, 45.545103 ], [ -122.733234, 45.545143 ], [ -122.73316, 45.545175 ], [ -122.733083, 45.545253 ], [ -122.733012, 45.545363 ], [ -122.732857, 45.545596 ], [ -122.732705, 45.545755 ], [ -122.732362, 45.546005 ], [ -122.73225, 45.54606 ], [ -122.732098, 45.546105 ], [ -122.731896, 45.546131 ], [ -122.731299, 45.546258 ], [ -122.731115, 45.54627 ], [ -122.730954, 45.546268 ], [ -122.730825, 45.546239 ], [ -122.730689, 45.546228 ], [ -122.730576, 45.546265 ], [ -122.73047, 45.546335 ], [ -122.730301, 45.546532 ], [ -122.730225, 45.54661 ], [ -122.730132, 45.546649 ], [ -122.730024, 45.546661 ], [ -122.729892, 45.546648 ], [ -122.72975, 45.546595 ], [ -122.729543, 45.546555 ], [ -122.729349, 45.546529 ], [ -122.729183, 45.546514 ], [ -122.729007, 45.546522 ], [ -122.728878, 45.546493 ], [ -122.728766, 45.546432 ], [ -122.728571, 45.546256 ], [ -122.728296, 45.546059 ], [ -122.727771, 45.545441 ], [ -122.727784, 45.545258 ], [ -122.727775, 45.545202 ], [ -122.72774, 45.545157 ], [ -122.727683, 45.545107 ], [ -122.727495, 45.545009 ], [ -122.727402, 45.544924 ], [ -122.727337, 45.544827 ], [ -122.727335, 45.544709 ], [ -122.727368, 45.544599 ], [ -122.727438, 45.544491 ], [ -122.727653, 45.54425 ], [ -122.727679, 45.544203 ], [ -122.727681, 45.544154 ], [ -122.727661, 45.544107 ], [ -122.727628, 45.544073 ], [ -122.727591, 45.544046 ], [ -122.727535, 45.544026 ], [ -122.727456, 45.544004 ], [ -122.727339, 45.543991 ], [ -122.72695, 45.544045 ], [ -122.726837, 45.544039 ], [ -122.726786, 45.544021 ], [ -122.726745, 45.543989 ], [ -122.726713, 45.543947 ], [ -122.726729, 45.543526 ], [ -122.727152, 45.542989 ], [ -122.727172, 45.542942 ], [ -122.727158, 45.542881 ], [ -122.727125, 45.542825 ], [ -122.727069, 45.54278 ], [ -122.726988, 45.542742 ], [ -122.726945, 45.542709 ], [ -122.726899, 45.542654 ], [ -122.726873, 45.542605 ], [ -122.726866, 45.542547 ], [ -122.726865, 45.541947 ], [ -122.72684, 45.54188 ], [ -122.726762, 45.541792 ], [ -122.726734, 45.541736 ], [ -122.726741, 45.541668 ], [ -122.726763, 45.541605 ], [ -122.726817, 45.541542 ], [ -122.726855, 45.541473 ], [ -122.726851, 45.541427 ], [ -122.726846, 45.541378 ], [ -122.726813, 45.541319 ], [ -122.726756, 45.54127 ], [ -122.726666, 45.541218 ], [ -122.726344, 45.540876 ], [ -122.726218, 45.540767 ], [ -122.726162, 45.540661 ], [ -122.726147, 45.540569 ], [ -122.726182, 45.540443 ], [ -122.726549, 45.539729 ], [ -122.726561, 45.539669 ], [ -122.726541, 45.539598 ], [ -122.726488, 45.539547 ], [ -122.726386, 45.539479 ], [ -122.726324, 45.539404 ], [ -122.726309, 45.539366 ], [ -122.726309, 45.539329 ], [ -122.726341, 45.539233 ], [ -122.726375, 45.539152 ], [ -122.726484, 45.538984 ], [ -122.726565, 45.538896 ], [ -122.726698, 45.538788 ], [ -122.726812, 45.538684 ], [ -122.726859, 45.538603 ], [ -122.726881, 45.538518 ], [ -122.726855, 45.538437 ], [ -122.726797, 45.538365 ], [ -122.726713, 45.538328 ], [ -122.726581, 45.538334 ], [ -122.726422, 45.538368 ], [ -122.725814, 45.53863 ], [ -122.725581, 45.538767 ], [ -122.725491, 45.538864 ], [ -122.725399, 45.538997 ], [ -122.725346, 45.539101 ], [ -122.725247, 45.539151 ], [ -122.724622, 45.539516 ], [ -122.724235, 45.539684 ], [ -122.723914, 45.539792 ], [ -122.723821, 45.539813 ], [ -122.723724, 45.539817 ], [ -122.723616, 45.539801 ], [ -122.723086, 45.53962 ], [ -122.72292, 45.539597 ], [ -122.722548, 45.539569 ], [ -122.722421, 45.539548 ], [ -122.722227, 45.539481 ], [ -122.721971, 45.539352 ], [ -122.721033, 45.538878 ], [ -122.720972, 45.538836 ], [ -122.720928, 45.538779 ], [ -122.720901, 45.538716 ], [ -122.720898, 45.538623 ], [ -122.720913, 45.538462 ], [ -122.720866, 45.538352 ], [ -122.720744, 45.538203 ], [ -122.720668, 45.538161 ], [ -122.720548, 45.53812 ], [ -122.720075, 45.537959 ], [ -122.71995, 45.537907 ], [ -122.719836, 45.53784 ], [ -122.719759, 45.537783 ], [ -122.719682, 45.537705 ], [ -122.719479, 45.537349 ], [ -122.719388, 45.537212 ], [ -122.719311, 45.537134 ], [ -122.719212, 45.537049 ], [ -122.719114, 45.536919 ], [ -122.719075, 45.53685 ], [ -122.719014, 45.536709 ], [ -122.718973, 45.536564 ], [ -122.718946, 45.536516 ], [ -122.718835, 45.536318 ], [ -122.718748, 45.536198 ], [ -122.718614, 45.536053 ], [ -122.718464, 45.535913 ], [ -122.718282, 45.535846 ], [ -122.718878, 45.535974 ], [ -122.718669, 45.533678 ], [ -122.71827, 45.533254 ], [ -122.715175, 45.533414 ], [ -122.715097, 45.533558 ], [ -122.714914, 45.53366 ], [ -122.714288, 45.533725 ], [ -122.714219, 45.534049 ], [ -122.713597, 45.534181 ], [ -122.713654, 45.535736 ], [ -122.713365, 45.535683 ], [ -122.712752, 45.535572 ], [ -122.712497, 45.535526 ], [ -122.712166, 45.535348 ], [ -122.712208, 45.534867 ], [ -122.712361, 45.534534 ], [ -122.712372, 45.534298 ], [ -122.712627, 45.533815 ], [ -122.712661, 45.533476 ], [ -122.713033, 45.533422 ], [ -122.713142, 45.533258 ], [ -122.713467, 45.533258 ], [ -122.714258, 45.532259 ], [ -122.714218, 45.532097 ], [ -122.714648, 45.532021 ], [ -122.714768, 45.531995 ], [ -122.714887, 45.531964 ], [ -122.715112, 45.531884 ], [ -122.715297, 45.531804 ], [ -122.715936, 45.531296 ], [ -122.716618, 45.530755 ], [ -122.716821, 45.530588 ], [ -122.716584, 45.529983 ], [ -122.715201, 45.529906 ], [ -122.714983, 45.530127 ], [ -122.715048, 45.529544 ], [ -122.714993, 45.529331 ], [ -122.715042, 45.527432 ], [ -122.71496, 45.52682 ], [ -122.716259, 45.526714 ], [ -122.719608, 45.526439 ], [ -122.719769, 45.52329 ], [ -122.71972, 45.522983 ], [ -122.718897, 45.522602 ], [ -122.718748, 45.521683 ], [ -122.719, 45.521676 ], [ -122.719231, 45.521644 ], [ -122.719446, 45.521593 ], [ -122.71964, 45.521517 ], [ -122.719839, 45.521386 ], [ -122.720605, 45.520699 ], [ -122.720892, 45.520439 ], [ -122.722042, 45.519395 ], [ -122.722141, 45.519308 ], [ -122.72228, 45.519222 ], [ -122.722419, 45.519149 ], [ -122.722672, 45.519031 ], [ -122.723083, 45.518939 ], [ -122.723421, 45.518909 ], [ -122.723771, 45.518922 ], [ -122.72405, 45.518974 ], [ -122.724355, 45.519068 ], [ -122.725554, 45.519517 ], [ -122.72583, 45.519628 ], [ -122.726092, 45.5197 ], [ -122.726305, 45.519743 ], [ -122.726497, 45.519769 ], [ -122.72674, 45.519793 ], [ -122.726961, 45.519803 ], [ -122.727139, 45.519799 ], [ -122.727426, 45.519783 ], [ -122.727658, 45.51975 ], [ -122.727994, 45.519682 ], [ -122.728261, 45.519592 ], [ -122.728634, 45.519438 ], [ -122.728769, 45.519363 ], [ -122.728993, 45.519259 ], [ -122.729351, 45.519079 ], [ -122.729646, 45.518942 ], [ -122.730008, 45.518823 ], [ -122.73026, 45.518761 ], [ -122.730685, 45.518693 ], [ -122.730944, 45.518659 ], [ -122.731225, 45.518649 ], [ -122.731534, 45.518671 ], [ -122.731733, 45.518699 ], [ -122.733572, 45.519063 ], [ -122.735103, 45.51939 ], [ -122.736319, 45.519624 ], [ -122.73716, 45.519554 ], [ -122.738916, 45.519041 ], [ -122.741318, 45.51829 ], [ -122.74316, 45.51708 ], [ -122.743859, 45.516665 ], [ -122.743859, 45.517226 ], [ -122.743862, 45.519509 ], [ -122.746397, 45.519513 ], [ -122.748381, 45.519517 ], [ -122.751574, 45.519523 ], [ -122.753884, 45.519528 ], [ -122.755672, 45.519532 ], [ -122.755773, 45.519532 ], [ -122.761435, 45.519542 ], [ -122.761645, 45.519541 ], [ -122.764435, 45.519547 ], [ -122.764465, 45.519547 ], [ -122.764464, 45.519562 ], [ -122.764464, 45.519584 ], [ -122.764464, 45.519704 ], [ -122.764465, 45.519877 ], [ -122.764471, 45.521824 ], [ -122.764475, 45.52252 ], [ -122.764475, 45.523151 ], [ -122.764477, 45.523783 ], [ -122.764479, 45.524414 ], [ -122.764483, 45.525201 ], [ -122.764483, 45.525556 ], [ -122.764484, 45.525702 ], [ -122.764484, 45.525809 ], [ -122.764485, 45.526208 ], [ -122.764486, 45.526737 ], [ -122.76448, 45.527509 ], [ -122.764477, 45.527824 ], [ -122.764472, 45.528166 ], [ -122.764469, 45.528746 ], [ -122.764466, 45.529183 ], [ -122.764459, 45.529634 ], [ -122.764458, 45.529727 ], [ -122.764171, 45.529754 ], [ -122.76409, 45.529761 ], [ -122.764036, 45.529763 ], [ -122.763736, 45.529776 ], [ -122.76364, 45.529775 ], [ -122.763603, 45.529775 ], [ -122.763494, 45.529774 ], [ -122.763447, 45.529774 ], [ -122.76318, 45.529777 ], [ -122.76258, 45.529786 ], [ -122.761941, 45.529812 ], [ -122.761702, 45.529826 ], [ -122.761469, 45.52985 ], [ -122.761262, 45.52988 ], [ -122.760096, 45.530046 ], [ -122.759107, 45.530188 ], [ -122.75771, 45.530388 ], [ -122.75735, 45.530447 ], [ -122.757077, 45.530515 ], [ -122.756847, 45.530611 ], [ -122.756687, 45.530702 ], [ -122.756546, 45.530794 ], [ -122.754924, 45.531988 ], [ -122.754788, 45.532074 ], [ -122.754861, 45.532137 ], [ -122.754944, 45.532185 ], [ -122.755077, 45.532229 ], [ -122.75534, 45.532271 ], [ -122.755646, 45.532327 ], [ -122.755902, 45.532389 ], [ -122.756158, 45.53248 ], [ -122.756403, 45.532586 ], [ -122.756591, 45.532686 ], [ -122.756778, 45.532805 ], [ -122.757017, 45.532993 ], [ -122.757195, 45.533177 ], [ -122.757754, 45.53382 ], [ -122.758005, 45.534113 ], [ -122.758075, 45.534202 ], [ -122.758115, 45.534269 ], [ -122.758143, 45.534359 ], [ -122.758156, 45.534458 ], [ -122.758136, 45.534566 ], [ -122.758108, 45.534654 ], [ -122.758022, 45.534772 ], [ -122.757671, 45.535158 ], [ -122.757562, 45.535306 ], [ -122.757547, 45.535344 ], [ -122.75751, 45.53544 ], [ -122.757499, 45.535606 ], [ -122.757509, 45.535672 ], [ -122.757529, 45.535756 ], [ -122.7576, 45.535879 ], [ -122.758219, 45.536678 ], [ -122.758232, 45.536692 ], [ -122.758317, 45.536785 ], [ -122.758461, 45.536885 ], [ -122.758591, 45.536942 ], [ -122.758667, 45.536966 ], [ -122.758886, 45.537036 ], [ -122.759067, 45.537086 ], [ -122.759176, 45.53715 ], [ -122.759302, 45.537245 ], [ -122.759338, 45.537286 ], [ -122.759388, 45.537342 ], [ -122.759454, 45.53747 ], [ -122.759473, 45.537536 ], [ -122.759481, 45.537639 ], [ -122.759463, 45.537723 ], [ -122.759409, 45.537834 ], [ -122.759341, 45.537932 ], [ -122.75926, 45.538012 ], [ -122.759005, 45.538213 ], [ -122.758914, 45.538295 ], [ -122.758831, 45.538414 ], [ -122.758793, 45.538494 ], [ -122.758778, 45.538583 ], [ -122.75876, 45.538816 ], [ -122.75876, 45.538911 ], [ -122.758758, 45.539181 ], [ -122.758757, 45.539324 ], [ -122.758757, 45.539337 ], [ -122.758757, 45.54005 ], [ -122.758828, 45.540401 ], [ -122.758896, 45.540602 ], [ -122.759008, 45.540818 ], [ -122.759169, 45.541032 ], [ -122.75942, 45.541288 ], [ -122.759618, 45.541451 ], [ -122.759989, 45.541685 ], [ -122.760867, 45.542214 ], [ -122.761039, 45.542379 ], [ -122.761092, 45.542479 ], [ -122.761133, 45.542614 ], [ -122.761126, 45.542792 ], [ -122.761077, 45.542977 ], [ -122.760992, 45.543153 ], [ -122.760699, 45.543377 ], [ -122.760735, 45.543811 ], [ -122.760727, 45.543992 ], [ -122.760847, 45.544421 ], [ -122.760862, 45.544497 ], [ -122.760909, 45.544676 ], [ -122.760978, 45.544846 ], [ -122.761018, 45.544908 ], [ -122.761095, 45.545028 ], [ -122.762144, 45.54637 ], [ -122.76225, 45.546485 ], [ -122.76237, 45.546584 ], [ -122.762543, 45.546689 ], [ -122.762714, 45.546764 ], [ -122.762992, 45.546842 ], [ -122.763312, 45.546905 ], [ -122.763981, 45.547038 ], [ -122.764174, 45.547075 ], [ -122.764391, 45.547116 ], [ -122.76459, 45.547154 ], [ -122.764761, 45.547168 ], [ -122.76496, 45.547151 ], [ -122.765137, 45.547102 ], [ -122.765544, 45.546924 ], [ -122.765706, 45.546871 ], [ -122.765902, 45.546838 ], [ -122.766109, 45.546836 ], [ -122.766298, 45.546862 ], [ -122.766479, 45.546916 ], [ -122.766645, 45.546999 ], [ -122.768419, 45.548094 ], [ -122.76975, 45.548911 ], [ -122.769947, 45.549052 ], [ -122.770076, 45.549172 ], [ -122.770208, 45.549336 ], [ -122.770309, 45.549521 ], [ -122.770636, 45.550287 ], [ -122.770891, 45.550884 ], [ -122.770962, 45.551016 ], [ -122.771052, 45.551131 ], [ -122.771173, 45.551245 ], [ -122.771246, 45.5513 ], [ -122.771356, 45.551368 ], [ -122.77146, 45.551422 ], [ -122.772349, 45.551835 ], [ -122.772897, 45.552088 ], [ -122.773054, 45.552149 ], [ -122.773177, 45.552182 ], [ -122.773332, 45.552209 ], [ -122.77348, 45.552219 ], [ -122.774098, 45.552233 ], [ -122.774256, 45.552245 ], [ -122.774392, 45.552268 ], [ -122.77445, 45.552284 ], [ -122.774504, 45.552179 ], [ -122.774531, 45.552145 ], [ -122.774572, 45.552105 ], [ -122.774643, 45.55206 ], [ -122.774747, 45.552014 ], [ -122.774857, 45.551996 ], [ -122.774954, 45.551993 ], [ -122.775056, 45.552005 ], [ -122.775115, 45.552021 ], [ -122.775242, 45.552074 ], [ -122.775298, 45.552093 ], [ -122.7754, 45.552115 ], [ -122.775485, 45.552119 ], [ -122.775604, 45.552107 ], [ -122.776135, 45.551979 ], [ -122.776269, 45.551956 ], [ -122.776419, 45.551945 ], [ -122.777027, 45.551933 ], [ -122.777151, 45.551917 ], [ -122.777264, 45.551892 ], [ -122.777379, 45.551858 ], [ -122.77748, 45.551816 ], [ -122.77757, 45.55177 ], [ -122.777652, 45.551709 ], [ -122.777762, 45.551611 ], [ -122.778154, 45.551216 ], [ -122.778218, 45.551145 ], [ -122.778307, 45.551078 ], [ -122.778381, 45.551029 ], [ -122.778481, 45.550977 ], [ -122.778596, 45.550931 ], [ -122.778731, 45.550892 ], [ -122.778855, 45.550867 ], [ -122.779027, 45.550853 ], [ -122.77916, 45.550858 ], [ -122.779371, 45.550874 ], [ -122.779393, 45.550746 ], [ -122.77938, 45.550559 ], [ -122.779361, 45.55048 ], [ -122.779302, 45.550401 ], [ -122.779226, 45.550345 ], [ -122.779141, 45.550305 ], [ -122.779062, 45.550285 ], [ -122.778976, 45.550275 ], [ -122.777338, 45.550276 ], [ -122.777176, 45.550269 ], [ -122.776807, 45.550232 ], [ -122.776298, 45.550138 ], [ -122.77634, 45.550034 ], [ -122.776397, 45.549955 ], [ -122.776553, 45.549849 ], [ -122.776662, 45.549809 ], [ -122.776831, 45.549771 ], [ -122.777033, 45.549743 ], [ -122.777953, 45.549624 ], [ -122.777982, 45.549599 ], [ -122.778074, 45.549573 ], [ -122.778134, 45.54955 ], [ -122.778197, 45.549525 ], [ -122.778384, 45.549448 ], [ -122.778448, 45.549413 ], [ -122.778511, 45.549375 ], [ -122.778576, 45.549336 ], [ -122.778711, 45.549251 ], [ -122.778787, 45.549207 ], [ -122.778956, 45.549126 ], [ -122.779047, 45.549088 ], [ -122.779547, 45.548941 ], [ -122.779754, 45.548903 ], [ -122.779852, 45.548887 ], [ -122.779948, 45.548873 ], [ -122.780136, 45.548837 ], [ -122.780317, 45.548797 ], [ -122.780482, 45.548748 ], [ -122.780606, 45.548671 ], [ -122.780641, 45.548625 ], [ -122.780651, 45.548577 ], [ -122.780638, 45.54853 ], [ -122.780512, 45.548484 ], [ -122.780403, 45.548483 ], [ -122.779671, 45.548474 ], [ -122.77939, 45.548471 ], [ -122.779528, 45.548394 ], [ -122.779539, 45.548382 ], [ -122.779683, 45.548244 ], [ -122.779759, 45.548067 ], [ -122.779899, 45.547413 ], [ -122.779965, 45.547319 ], [ -122.780078, 45.547222 ], [ -122.780196, 45.547163 ], [ -122.780335, 45.547119 ], [ -122.78043, 45.547102 ], [ -122.780536, 45.547094 ], [ -122.780636, 45.547099 ], [ -122.780766, 45.547118 ], [ -122.780921, 45.547169 ], [ -122.780999, 45.547208 ], [ -122.781287, 45.547409 ], [ -122.781526, 45.547529 ], [ -122.781707, 45.547574 ], [ -122.781856, 45.547589 ], [ -122.782014, 45.547588 ], [ -122.782166, 45.547562 ], [ -122.782286, 45.547526 ], [ -122.782409, 45.547474 ], [ -122.78252, 45.547408 ], [ -122.782602, 45.547336 ], [ -122.782672, 45.547254 ], [ -122.782727, 45.547159 ], [ -122.782754, 45.547064 ], [ -122.782822, 45.546701 ], [ -122.782935, 45.546068 ], [ -122.783076, 45.545339 ], [ -122.783155, 45.54518 ], [ -122.783274, 45.545057 ], [ -122.783499, 45.544929 ], [ -122.783679, 45.544871 ], [ -122.783983, 45.544433 ], [ -122.784009, 45.544396 ], [ -122.784061, 45.54432 ], [ -122.784091, 45.544297 ], [ -122.784127, 45.544271 ], [ -122.784222, 45.544199 ], [ -122.784769, 45.543979 ], [ -122.784769, 45.544716 ], [ -122.78477, 45.545158 ], [ -122.784772, 45.548289 ], [ -122.784771, 45.548362 ], [ -122.784771, 45.5484 ], [ -122.784802, 45.548399 ], [ -122.784836, 45.5484 ], [ -122.784862, 45.5484 ], [ -122.787136, 45.548406 ], [ -122.789838, 45.548414 ], [ -122.794998, 45.548433 ], [ -122.795111, 45.548433 ], [ -122.794679, 45.548993 ], [ -122.794329, 45.549365 ], [ -122.794225, 45.549442 ], [ -122.794184, 45.549475 ], [ -122.794137, 45.549503 ], [ -122.794084, 45.549526 ], [ -122.794026, 45.549543 ], [ -122.793966, 45.549553 ], [ -122.793903, 45.549557 ], [ -122.79378, 45.549545 ], [ -122.793348, 45.549453 ], [ -122.792875, 45.549355 ], [ -122.79274, 45.54935 ], [ -122.792699, 45.54935 ], [ -122.79258, 45.549371 ], [ -122.792512, 45.549397 ], [ -122.792456, 45.549426 ], [ -122.792385, 45.549478 ], [ -122.792328, 45.549542 ], [ -122.792288, 45.549631 ], [ -122.792281, 45.549679 ], [ -122.792301, 45.549841 ], [ -122.792364, 45.549908 ], [ -122.792408, 45.549935 ], [ -122.792426, 45.550003 ], [ -122.79258, 45.549995 ], [ -122.792708, 45.550006 ], [ -122.793403, 45.550121 ], [ -122.793481, 45.550137 ], [ -122.793556, 45.55016 ], [ -122.793692, 45.550223 ], [ -122.793789, 45.55029 ], [ -122.794254, 45.55064 ], [ -122.794961, 45.551165 ], [ -122.79523, 45.55136 ], [ -122.795705, 45.551712 ], [ -122.795824, 45.551831 ], [ -122.795874, 45.55191 ], [ -122.795896, 45.551966 ], [ -122.795912, 45.552053 ], [ -122.795914, 45.552082 ], [ -122.79591, 45.553659 ], [ -122.795915, 45.553723 ], [ -122.79593, 45.553786 ], [ -122.795954, 45.553848 ], [ -122.795987, 45.553907 ], [ -122.796029, 45.553964 ], [ -122.79608, 45.554017 ], [ -122.796079, 45.554099 ], [ -122.796057, 45.555695 ], [ -122.799439, 45.555693 ], [ -122.801408, 45.555691 ], [ -122.803132, 45.555689 ], [ -122.803131, 45.555734 ], [ -122.803125, 45.556183 ], [ -122.804585, 45.556182 ], [ -122.804591, 45.555731 ], [ -122.804592, 45.555688 ], [ -122.804762, 45.555688 ], [ -122.805432, 45.555687 ], [ -122.805435, 45.5561 ], [ -122.805464, 45.560512 ], [ -122.80547, 45.561512 ], [ -122.805481, 45.562911 ], [ -122.807423, 45.562938 ], [ -122.809602, 45.562969 ], [ -122.815614, 45.563052 ], [ -122.826005, 45.563041 ], [ -122.826187, 45.563041 ], [ -122.82621, 45.566284 ], [ -122.826222, 45.568063 ], [ -122.826244, 45.57074 ], [ -122.826342, 45.577521 ], [ -122.826668, 45.577518 ], [ -122.837074, 45.577474 ], [ -122.838845, 45.577482 ], [ -122.843798, 45.577502 ], [ -122.846978, 45.577516 ], [ -122.846938, 45.579451 ], [ -122.846905, 45.581018 ], [ -122.846836, 45.584574 ], [ -122.846841, 45.587828 ], [ -122.846842, 45.588233 ], [ -122.846849, 45.591836 ], [ -122.851125, 45.591894 ], [ -122.852084, 45.591902 ], [ -122.852648, 45.591882 ], [ -122.8567, 45.591914 ], [ -122.861656, 45.591901 ], [ -122.866745, 45.591881 ], [ -122.867592, 45.591878 ], [ -122.867566, 45.595539 ] ] ] } },
{ "type": "Feature", "properties": { "GEOID": "41051008903", "NAMELSAD": "Census Tract 89.03", "area_sqmi": 2.3906792313117533, "total_bike_miles": 0.176, "num_segments": 2, "bike_density": 0.07, "total_pop": 4927, "pop_white": 3373, "pop_black": 50, "pop_asian": 979, "pop_hispanic": 0, "pct_white": 68.5, "pct_nonwhite": 31.5, "pct_black": 1.0, "pct_asian": 19.9, "pct_hispanic": 0.0, "median_income": 123558.0 }, "geometry": { "type": "Polygon", "coordinates": [ [ [ -122.528382, 45.463256 ], [ -122.528349, 45.463393 ], [ -122.528227, 45.463575 ], [ -122.527309, 45.464533 ], [ -122.527209, 45.464659 ], [ -122.527171, 45.464721 ], [ -122.527007, 45.465188 ], [ -122.526958, 45.465267 ], [ -122.526912, 45.465322 ], [ -122.526842, 45.465373 ], [ -122.526772, 45.465406 ], [ -122.526682, 45.465433 ], [ -122.526587, 45.465446 ], [ -122.526464, 45.465443 ], [ -122.526351, 45.465435 ], [ -122.526156, 45.465415 ], [ -122.526022, 45.465414 ], [ -122.525921, 45.465426 ], [ -122.525795, 45.465462 ], [ -122.525729, 45.465492 ], [ -122.525703, 45.465503 ], [ -122.525651, 45.465544 ], [ -122.525567, 45.465604 ], [ -122.524841, 45.466433 ], [ -122.524773, 45.466501 ], [ -122.524565, 45.466555 ], [ -122.524452, 45.466603 ], [ -122.524349, 45.466657 ], [ -122.524296, 45.466718 ], [ -122.524303, 45.466788 ], [ -122.524361, 45.466854 ], [ -122.524783, 45.467048 ], [ -122.524886, 45.467143 ], [ -122.524911, 45.467287 ], [ -122.524831, 45.467412 ], [ -122.52472, 45.467527 ], [ -122.524612, 45.467599 ], [ -122.52445, 45.467669 ], [ -122.524257, 45.467743 ], [ -122.5242, 45.467814 ], [ -122.524205, 45.46905 ], [ -122.524204, 45.46916 ], [ -122.524156, 45.469261 ], [ -122.524114, 45.469306 ], [ -122.524028, 45.469338 ], [ -122.52393, 45.469365 ], [ -122.523836, 45.469375 ], [ -122.523737, 45.469371 ], [ -122.523558, 45.469349 ], [ -122.523471, 45.469348 ], [ -122.523385, 45.469386 ], [ -122.52334, 45.469431 ], [ -122.523291, 45.469513 ], [ -122.523279, 45.469605 ], [ -122.523302, 45.469699 ], [ -122.523329, 45.469766 ], [ -122.523569, 45.470162 ], [ -122.523599, 45.470226 ], [ -122.523682, 45.470319 ], [ -122.523805, 45.470396 ], [ -122.523931, 45.470447 ], [ -122.524063, 45.470517 ], [ -122.524218, 45.470613 ], [ -122.524333, 45.470697 ], [ -122.524439, 45.470786 ], [ -122.524592, 45.470934 ], [ -122.52463, 45.470993 ], [ -122.524668, 45.471157 ], [ -122.524655, 45.471254 ], [ -122.524599, 45.471333 ], [ -122.524488, 45.471446 ], [ -122.524171, 45.471647 ], [ -122.523917, 45.471784 ], [ -122.523824, 45.471894 ], [ -122.523826, 45.471961 ], [ -122.523831, 45.471989 ], [ -122.523837, 45.47202 ], [ -122.52384, 45.472038 ], [ -122.523851, 45.472082 ], [ -122.523953, 45.472505 ], [ -122.524004, 45.472561 ], [ -122.524157, 45.472652 ], [ -122.524265, 45.472672 ], [ -122.524482, 45.472639 ], [ -122.52467, 45.472583 ], [ -122.524843, 45.472547 ], [ -122.525167, 45.472544 ], [ -122.525675, 45.472593 ], [ -122.525766, 45.472608 ], [ -122.525875, 45.472649 ], [ -122.525977, 45.472738 ], [ -122.52598, 45.472902 ], [ -122.525993, 45.473236 ], [ -122.526024, 45.474044 ], [ -122.526053, 45.474799 ], [ -122.526117, 45.476843 ], [ -122.524406, 45.47689 ], [ -122.523565, 45.476919 ], [ -122.523568, 45.477388 ], [ -122.523573, 45.477973 ], [ -122.523584, 45.479496 ], [ -122.523585, 45.480028 ], [ -122.523582, 45.480368 ], [ -122.52358, 45.480843 ], [ -122.523578, 45.48117 ], [ -122.519934, 45.480742 ], [ -122.519045, 45.480638 ], [ -122.516635, 45.480308 ], [ -122.514661, 45.480038 ], [ -122.513091, 45.479841 ], [ -122.509984, 45.479452 ], [ -122.506628, 45.47902 ], [ -122.505671, 45.478896 ], [ -122.504214, 45.478708 ], [ -122.504032, 45.478685 ], [ -122.502606, 45.478519 ], [ -122.502143, 45.478479 ], [ -122.501778, 45.478459 ], [ -122.501165, 45.478452 ], [ -122.50074, 45.478471 ], [ -122.499955, 45.478542 ], [ -122.4995, 45.478614 ], [ -122.499125, 45.478693 ], [ -122.498745, 45.478784 ], [ -122.498411, 45.478883 ], [ -122.498129, 45.47898 ], [ -122.497854, 45.479088 ], [ -122.497689, 45.479161 ], [ -122.496864, 45.47948 ], [ -122.496046, 45.479929 ], [ -122.493791, 45.481378 ], [ -122.493144, 45.481776 ], [ -122.492968, 45.481885 ], [ -122.49218, 45.48237 ], [ -122.491756, 45.482631 ], [ -122.491632, 45.482708 ], [ -122.491598, 45.482729 ], [ -122.491562, 45.482751 ], [ -122.490305, 45.483531 ], [ -122.489869, 45.483801 ], [ -122.489566, 45.484 ], [ -122.489246, 45.484188 ], [ -122.488914, 45.484364 ], [ -122.488569, 45.484528 ], [ -122.488211, 45.484678 ], [ -122.487843, 45.484815 ], [ -122.487467, 45.484939 ], [ -122.48708, 45.485048 ], [ -122.486686, 45.485143 ], [ -122.48516, 45.485466 ], [ -122.48517, 45.484656 ], [ -122.485173, 45.484492 ], [ -122.485167, 45.484417 ], [ -122.485176, 45.484342 ], [ -122.485199, 45.484269 ], [ -122.485221, 45.484231 ], [ -122.485236, 45.484198 ], [ -122.485287, 45.484132 ], [ -122.485351, 45.484071 ], [ -122.487213, 45.482571 ], [ -122.487802, 45.482117 ], [ -122.487873, 45.482043 ], [ -122.487935, 45.481944 ], [ -122.488065, 45.481525 ], [ -122.488115, 45.481363 ], [ -122.488202, 45.481132 ], [ -122.488259, 45.481005 ], [ -122.488389, 45.480778 ], [ -122.489084, 45.479564 ], [ -122.489218, 45.479331 ], [ -122.489369, 45.479164 ], [ -122.489429, 45.479099 ], [ -122.48965, 45.478857 ], [ -122.489794, 45.478699 ], [ -122.490309, 45.478106 ], [ -122.49098, 45.477586 ], [ -122.491463, 45.477212 ], [ -122.492396, 45.476489 ], [ -122.492578, 45.47633 ], [ -122.492882, 45.476034 ], [ -122.492956, 45.475947 ], [ -122.49323, 45.475626 ], [ -122.493955, 45.474602 ], [ -122.494366, 45.47402 ], [ -122.494404, 45.473943 ], [ -122.49412, 45.473852 ], [ -122.494081, 45.473834 ], [ -122.493834, 45.473722 ], [ -122.493663, 45.473588 ], [ -122.493581, 45.473501 ], [ -122.493501, 45.473377 ], [ -122.493406, 45.473133 ], [ -122.493175, 45.472442 ], [ -122.492909, 45.471647 ], [ -122.492841, 45.471505 ], [ -122.492731, 45.471358 ], [ -122.492599, 45.471263 ], [ -122.492423, 45.47115 ], [ -122.489284, 45.46925 ], [ -122.48904, 45.469094 ], [ -122.488564, 45.468772 ], [ -122.488331, 45.468607 ], [ -122.487869, 45.468274 ], [ -122.487642, 45.468104 ], [ -122.487317, 45.467845 ], [ -122.48722, 45.467768 ], [ -122.486207, 45.467031 ], [ -122.486037, 45.46692 ], [ -122.485796, 45.466779 ], [ -122.484648, 45.466283 ], [ -122.482978, 45.465597 ], [ -122.481779, 45.465104 ], [ -122.481711, 45.465061 ], [ -122.481638, 45.465014 ], [ -122.481577, 45.464958 ], [ -122.48145, 45.464829 ], [ -122.480854, 45.463905 ], [ -122.48046, 45.463313 ], [ -122.48034, 45.463145 ], [ -122.48029, 45.46306 ], [ -122.480206, 45.462883 ], [ -122.480174, 45.462793 ], [ -122.48013, 45.462612 ], [ -122.480115, 45.462429 ], [ -122.479942, 45.461176 ], [ -122.481897, 45.461163 ], [ -122.482314, 45.461154 ], [ -122.48293, 45.461156 ], [ -122.484666, 45.461136 ], [ -122.485866, 45.461138 ], [ -122.486584, 45.461132 ], [ -122.489501, 45.461089 ], [ -122.490511, 45.461074 ], [ -122.491058, 45.461067 ], [ -122.49354, 45.461032 ], [ -122.496748, 45.460982 ], [ -122.499043, 45.461023 ], [ -122.499336, 45.461028 ], [ -122.499546, 45.461033 ], [ -122.500288, 45.461051 ], [ -122.500451, 45.461055 ], [ -122.500482, 45.461055 ], [ -122.500768, 45.461063 ], [ -122.501043, 45.46107 ], [ -122.501787, 45.461107 ], [ -122.502142, 45.461115 ], [ -122.50229, 45.461119 ], [ -122.502459, 45.461122 ], [ -122.502691, 45.461128 ], [ -122.50298, 45.461135 ], [ -122.503035, 45.461137 ], [ -122.503711, 45.461167 ], [ -122.503851, 45.461172 ], [ -122.504048, 45.461179 ], [ -122.50409, 45.461181 ], [ -122.504296, 45.461186 ], [ -122.504364, 45.461187 ], [ -122.504787, 45.461198 ], [ -122.505582, 45.461218 ], [ -122.506773, 45.461249 ], [ -122.506847, 45.46125 ], [ -122.506907, 45.461252 ], [ -122.506986, 45.461253 ], [ -122.507051, 45.461252 ], [ -122.507261, 45.461252 ], [ -122.507664, 45.461253 ], [ -122.508041, 45.461254 ], [ -122.508654, 45.461253 ], [ -122.509341, 45.461251 ], [ -122.50951, 45.461252 ], [ -122.510439, 45.461256 ], [ -122.511128, 45.461257 ], [ -122.511844, 45.461257 ], [ -122.514243, 45.46126 ], [ -122.515588, 45.461261 ], [ -122.516394, 45.461261 ], [ -122.516693, 45.461262 ], [ -122.517067, 45.461262 ], [ -122.518066, 45.461264 ], [ -122.518674, 45.461264 ], [ -122.51976, 45.461265 ], [ -122.519877, 45.461265 ], [ -122.521033, 45.461267 ], [ -122.521493, 45.461275 ], [ -122.521668, 45.46127 ], [ -122.52214, 45.46127 ], [ -122.522403, 45.461271 ], [ -122.523392, 45.461273 ], [ -122.523669, 45.461273 ], [ -122.523936, 45.461273 ], [ -122.524343, 45.461273 ], [ -122.525721, 45.461273 ], [ -122.527468, 45.461273 ], [ -122.527416, 45.461946 ], [ -122.527438, 45.462094 ], [ -122.527512, 45.462244 ], [ -122.528242, 45.462864 ], [ -122.528334, 45.462983 ], [ -122.528379, 45.463119 ], [ -122.528382, 45.463256 ] ] ] } },
{ "type": "Feature", "properties": { "GEOID": "41051008203", "NAMELSAD": "Census Tract 82.03", "area_sqmi": 0.65850428795971983, "total_bike_miles": 3.493, "num_segments": 49, "bike_density": 5.3, "total_pop": 5296, "pop_white": 2919, "pop_black": 568, "pop_asian": 331, "pop_hispanic": 0, "pct_white": 55.1, "pct_nonwhite": 44.9, "pct_black": 10.7, "pct_asian": 6.2, "pct_hispanic": 0.0, "median_income": 69869.0 }, "geometry": { "type": "Polygon", "coordinates": [ [ [ -122.558452, 45.5178 ], [ -122.558432, 45.51834 ], [ -122.55842, 45.519052 ], [ -122.558403, 45.519516 ], [ -122.55837, 45.520386 ], [ -122.558321, 45.521712 ], [ -122.55829, 45.522641 ], [ -122.55548, 45.522619 ], [ -122.553756, 45.522609 ], [ -122.552848, 45.522604 ], [ -122.552383, 45.522601 ], [ -122.551821, 45.522597 ], [ -122.551275, 45.522593 ], [ -122.550623, 45.522589 ], [ -122.549126, 45.522579 ], [ -122.546749, 45.522563 ], [ -122.545818, 45.522557 ], [ -122.545289, 45.522553 ], [ -122.542914, 45.522537 ], [ -122.541134, 45.522522 ], [ -122.540352, 45.522516 ], [ -122.53919, 45.522506 ], [ -122.537767, 45.522494 ], [ -122.537767, 45.521778 ], [ -122.537763, 45.521167 ], [ -122.537773, 45.520407 ], [ -122.53776, 45.519712 ], [ -122.537779, 45.519023 ], [ -122.537736, 45.516945 ], [ -122.537704, 45.515734 ], [ -122.537698, 45.514585 ], [ -122.537702, 45.514237 ], [ -122.537657, 45.512919 ], [ -122.537649, 45.51154 ], [ -122.538709, 45.511545 ], [ -122.540799, 45.511556 ], [ -122.542822, 45.511566 ], [ -122.545461, 45.511569 ], [ -122.546865, 45.511571 ], [ -122.548086, 45.511561 ], [ -122.548127, 45.511758 ], [ -122.54821, 45.511931 ], [ -122.548314, 45.51211 ], [ -122.548446, 45.512273 ], [ -122.548603, 45.51243 ], [ -122.548746, 45.512558 ], [ -122.548889, 45.51267 ], [ -122.54904, 45.512765 ], [ -122.549182, 45.512843 ], [ -122.550088, 45.513249 ], [ -122.551028, 45.513646 ], [ -122.55203, 45.514067 ], [ -122.55231, 45.514184 ], [ -122.55432, 45.515025 ], [ -122.55664, 45.516003 ], [ -122.557072, 45.516195 ], [ -122.557298, 45.516286 ], [ -122.55754, 45.516424 ], [ -122.557707, 45.516542 ], [ -122.557887, 45.516697 ], [ -122.558012, 45.516825 ], [ -122.558154, 45.517032 ], [ -122.558318, 45.517273 ], [ -122.558403, 45.517512 ], [ -122.558445, 45.517687 ], [ -122.558452, 45.5178 ] ] ] } },
{ "type": "Feature", "properties": { "GEOID": "41051005901", "NAMELSAD": "Census Tract 59.01", "area_sqmi": 0.30364547177692042, "total_bike_miles": 0.495, "num_segments": 9, "bike_density": 1.63, "total_pop": 2419, "pop_white": 1827, "pop_black": 95, "pop_asian": 105, "pop_hispanic": 0, "pct_white": 75.5, "pct_nonwhite": 24.5, "pct_black": 3.9, "pct_asian": 4.3, "pct_hispanic": 0.0, "median_income": 92156.0 }, "geometry": { "type": "Polygon", "coordinates": [ [ [ -122.682755, 45.488327 ], [ -122.682754, 45.488626 ], [ -122.682714, 45.488753 ], [ -122.682638, 45.488991 ], [ -122.682446, 45.489275 ], [ -122.682207, 45.489506 ], [ -122.682045, 45.48966 ], [ -122.681771, 45.489862 ], [ -122.681591, 45.489973 ], [ -122.681466, 45.490035 ], [ -122.681227, 45.490138 ], [ -122.680932, 45.490231 ], [ -122.678903, 45.490732 ], [ -122.678484, 45.490883 ], [ -122.678133, 45.49111 ], [ -122.678023, 45.491176 ], [ -122.677808, 45.491317 ], [ -122.677635, 45.491465 ], [ -122.677549, 45.491544 ], [ -122.677394, 45.491703 ], [ -122.677257, 45.49186 ], [ -122.677136, 45.492024 ], [ -122.676933, 45.492368 ], [ -122.676963, 45.49265 ], [ -122.676965, 45.493125 ], [ -122.677112, 45.493831 ], [ -122.67714, 45.493964 ], [ -122.677226, 45.49423 ], [ -122.677253, 45.494329 ], [ -122.677276, 45.494413 ], [ -122.677377, 45.494631 ], [ -122.677467, 45.494789 ], [ -122.677565, 45.494924 ], [ -122.677673, 45.4951 ], [ -122.677775, 45.495335 ], [ -122.677831, 45.495547 ], [ -122.677984, 45.495699 ], [ -122.678096, 45.495831 ], [ -122.678375, 45.496205 ], [ -122.678526, 45.49644 ], [ -122.67866, 45.496681 ], [ -122.678775, 45.496927 ], [ -122.678843, 45.497107 ], [ -122.678901, 45.497243 ], [ -122.678985, 45.497362 ], [ -122.679352, 45.498003 ], [ -122.679738, 45.49872 ], [ -122.68017, 45.499433 ], [ -122.680516, 45.500115 ], [ -122.68056, 45.500202 ], [ -122.680831, 45.500714 ], [ -122.680917, 45.50086 ], [ -122.67983, 45.500851 ], [ -122.678699, 45.500845 ], [ -122.678296, 45.500841 ], [ -122.678069, 45.500859 ], [ -122.677812, 45.500874 ], [ -122.677666, 45.500915 ], [ -122.677576, 45.500918 ], [ -122.67748, 45.500908 ], [ -122.676571, 45.500692 ], [ -122.676058, 45.500552 ], [ -122.675825, 45.5005 ], [ -122.675244, 45.500389 ], [ -122.67433, 45.500478 ], [ -122.674228, 45.500482 ], [ -122.674017, 45.500484 ], [ -122.673764, 45.500506 ], [ -122.673482, 45.500526 ], [ -122.673274, 45.500545 ], [ -122.672973, 45.500565 ], [ -122.673004, 45.500114 ], [ -122.673072, 45.499274 ], [ -122.67336, 45.495268 ], [ -122.673401, 45.494279 ], [ -122.673468, 45.493431 ], [ -122.673545, 45.492819 ], [ -122.673711, 45.492957 ], [ -122.674179, 45.491833 ], [ -122.674427, 45.491392 ], [ -122.674494, 45.491283 ], [ -122.674561, 45.491174 ], [ -122.674662, 45.491031 ], [ -122.674791, 45.49079 ], [ -122.674949, 45.490574 ], [ -122.675177, 45.490276 ], [ -122.675462, 45.489947 ], [ -122.675708, 45.489734 ], [ -122.675845, 45.489608 ], [ -122.676246, 45.489242 ], [ -122.677604, 45.488207 ], [ -122.677662, 45.488163 ], [ -122.678154, 45.487797 ], [ -122.678788, 45.487212 ], [ -122.678936, 45.486987 ], [ -122.679133, 45.486589 ], [ -122.679189, 45.486477 ], [ -122.679214, 45.486372 ], [ -122.679273, 45.486119 ], [ -122.679302, 45.485832 ], [ -122.679302, 45.485507 ], [ -122.679302, 45.485328 ], [ -122.67929, 45.485107 ], [ -122.679268, 45.4847 ], [ -122.678955, 45.481524 ], [ -122.678936, 45.479846 ], [ -122.6789, 45.476565 ], [ -122.678771, 45.475943 ], [ -122.678736, 45.475773 ], [ -122.678322, 45.474648 ], [ -122.678246, 45.474443 ], [ -122.678164, 45.47422 ], [ -122.677627, 45.472726 ], [ -122.679145, 45.472745 ], [ -122.679432, 45.47282 ], [ -122.679338, 45.47303 ], [ -122.679295, 45.473131 ], [ -122.679267, 45.473233 ], [ -122.67925, 45.473337 ], [ -122.679229, 45.473546 ], [ -122.679229, 45.473651 ], [ -122.679246, 45.473964 ], [ -122.679254, 45.474022 ], [ -122.679517, 45.475875 ], [ -122.679538, 45.476015 ], [ -122.679672, 45.476924 ], [ -122.679746, 45.477347 ], [ -122.680032, 45.479167 ], [ -122.680111, 45.479671 ], [ -122.680216, 45.480325 ], [ -122.680247, 45.48059 ], [ -122.680398, 45.481898 ], [ -122.680632, 45.483052 ], [ -122.680657, 45.483209 ], [ -122.680697, 45.483396 ], [ -122.680758, 45.483617 ], [ -122.680827, 45.483773 ], [ -122.680905, 45.483916 ], [ -122.681302, 45.484471 ], [ -122.681431, 45.484624 ], [ -122.681873, 45.485149 ], [ -122.682104, 45.485553 ], [ -122.682122, 45.485636 ], [ -122.682518, 45.486756 ], [ -122.682558, 45.486953 ], [ -122.682689, 45.487592 ], [ -122.682755, 45.488067 ], [ -122.682755, 45.488327 ] ] ] } },
{ "type": "Feature", "properties": { "GEOID": "41051004901", "NAMELSAD": "Census Tract 49.01", "area_sqmi": 0.12132582233826603, "total_bike_miles": 1.478, "num_segments": 25, "bike_density": 12.18, "total_pop": 3102, "pop_white": 2205, "pop_black": 0, "pop_asian": 419, "pop_hispanic": 0, "pct_white": 71.1, "pct_nonwhite": 28.9, "pct_black": 0.0, "pct_asian": 13.5, "pct_hispanic": 0.0, "median_income": 71292.0 }, "geometry": { "type": "Polygon", "coordinates": [ [ [ -122.700853, 45.535454 ], [ -122.699841, 45.535473 ], [ -122.698822, 45.535492 ], [ -122.697576, 45.535516 ], [ -122.697085, 45.535525 ], [ -122.6968, 45.53553 ], [ -122.695717, 45.535551 ], [ -122.6948, 45.535569 ], [ -122.694762, 45.53557 ], [ -122.69473, 45.53485 ], [ -122.694711, 45.534141 ], [ -122.694685, 45.533428 ], [ -122.694658, 45.532715 ], [ -122.693973, 45.532736 ], [ -122.692633, 45.532755 ], [ -122.690601, 45.53279 ], [ -122.69059, 45.532495 ], [ -122.690575, 45.532077 ], [ -122.690548, 45.531364 ], [ -122.690522, 45.530651 ], [ -122.690508, 45.530275 ], [ -122.690495, 45.529938 ], [ -122.691901, 45.529912 ], [ -122.692524, 45.529901 ], [ -122.694552, 45.529864 ], [ -122.694579, 45.530577 ], [ -122.695088, 45.530567 ], [ -122.695189, 45.530565 ], [ -122.696607, 45.530539 ], [ -122.696611, 45.530643 ], [ -122.696634, 45.531252 ], [ -122.697276, 45.53124 ], [ -122.697953, 45.531228 ], [ -122.698662, 45.531215 ], [ -122.698679, 45.531655 ], [ -122.698689, 45.531928 ], [ -122.698716, 45.532565 ], [ -122.698715, 45.532641 ], [ -122.700744, 45.532603 ], [ -122.70077, 45.533316 ], [ -122.700797, 45.534029 ], [ -122.700813, 45.534637 ], [ -122.700824, 45.534742 ], [ -122.700853, 45.535454 ] ] ] } },
{ "type": "Feature", "properties": { "GEOID": "41051005002", "NAMELSAD": "Census Tract 50.02", "area_sqmi": 0.15213132980876323, "total_bike_miles": 3.231, "num_segments": 93, "bike_density": 21.24, "total_pop": 1474, "pop_white": 1112, "pop_black": 54, "pop_asian": 59, "pop_hispanic": 0, "pct_white": 75.4, "pct_nonwhite": 24.6, "pct_black": 3.7, "pct_asian": 4.0, "pct_hispanic": 0.0, "median_income": 76250.0 }, "geometry": { "type": "Polygon", "coordinates": [ [ [ -122.694762, 45.53557 ], [ -122.693241, 45.535586 ], [ -122.693033, 45.535547 ], [ -122.692918, 45.535549 ], [ -122.692765, 45.53557 ], [ -122.692527, 45.535535 ], [ -122.692354, 45.535519 ], [ -122.692171, 45.535511 ], [ -122.692024, 45.535516 ], [ -122.691775, 45.535512 ], [ -122.691431, 45.53553 ], [ -122.691216, 45.535551 ], [ -122.691024, 45.535575 ], [ -122.690716, 45.535637 ], [ -122.689693, 45.53566 ], [ -122.688678, 45.535678 ], [ -122.687666, 45.535699 ], [ -122.68665, 45.535716 ], [ -122.686557, 45.535731 ], [ -122.686493, 45.535752 ], [ -122.686424, 45.535784 ], [ -122.686324, 45.535857 ], [ -122.685933, 45.535633 ], [ -122.686436, 45.535232 ], [ -122.686608, 45.535084 ], [ -122.686652, 45.535009 ], [ -122.686974, 45.534459 ], [ -122.687055, 45.534291 ], [ -122.687122, 45.534114 ], [ -122.687174, 45.533913 ], [ -122.687198, 45.533767 ], [ -122.687211, 45.533548 ], [ -122.687184, 45.532855 ], [ -122.68717, 45.532488 ], [ -122.687158, 45.532184 ], [ -122.687156, 45.532141 ], [ -122.687137, 45.531647 ], [ -122.687129, 45.531422 ], [ -122.687153, 45.530713 ], [ -122.687121, 45.529999 ], [ -122.68709, 45.529288 ], [ -122.687012, 45.528578 ], [ -122.687007, 45.528318 ], [ -122.687001, 45.528132 ], [ -122.686947, 45.52644 ], [ -122.686881, 45.525725 ], [ -122.686856, 45.525015 ], [ -122.68682, 45.524748 ], [ -122.686723, 45.524225 ], [ -122.68661, 45.523885 ], [ -122.686437, 45.523585 ], [ -122.686291, 45.523587 ], [ -122.686133, 45.523283 ], [ -122.685962, 45.522953 ], [ -122.685931, 45.522893 ], [ -122.6861, 45.522891 ], [ -122.686356, 45.522888 ], [ -122.686562, 45.522885 ], [ -122.687215, 45.522876 ], [ -122.687506, 45.522888 ], [ -122.688216, 45.522918 ], [ -122.688216, 45.522942 ], [ -122.688224, 45.523554 ], [ -122.68823, 45.52366 ], [ -122.688264, 45.524275 ], [ -122.688281, 45.524986 ], [ -122.688308, 45.525699 ], [ -122.688334, 45.526411 ], [ -122.688361, 45.527124 ], [ -122.689375, 45.527106 ], [ -122.689401, 45.527818 ], [ -122.689428, 45.528531 ], [ -122.689458, 45.529237 ], [ -122.689481, 45.529957 ], [ -122.690495, 45.529938 ], [ -122.690508, 45.530275 ], [ -122.690522, 45.530651 ], [ -122.690548, 45.531364 ], [ -122.690575, 45.532077 ], [ -122.69059, 45.532495 ], [ -122.690601, 45.53279 ], [ -122.692633, 45.532755 ], [ -122.693973, 45.532736 ], [ -122.694658, 45.532715 ], [ -122.694685, 45.533428 ], [ -122.694711, 45.534141 ], [ -122.69473, 45.53485 ], [ -122.694762, 45.53557 ] ] ] } },
{ "type": "Feature", "properties": { "GEOID": "41051008204", "NAMELSAD": "Census Tract 82.04", "area_sqmi": 0.2575354897346383, "total_bike_miles": 1.015, "num_segments": 23, "bike_density": 3.94, "total_pop": 2386, "pop_white": 1388, "pop_black": 29, "pop_asian": 285, "pop_hispanic": 0, "pct_white": 58.2, "pct_nonwhite": 41.8, "pct_black": 1.2, "pct_asian": 11.9, "pct_hispanic": 0.0, "median_income": 40658.0 }, "geometry": { "type": "Polygon", "coordinates": [ [ [ -122.548086, 45.511561 ], [ -122.546865, 45.511571 ], [ -122.545461, 45.511569 ], [ -122.542822, 45.511566 ], [ -122.540799, 45.511556 ], [ -122.538709, 45.511545 ], [ -122.537649, 45.51154 ], [ -122.537678, 45.510809 ], [ -122.537676, 45.510621 ], [ -122.537677, 45.510025 ], [ -122.537682, 45.509045 ], [ -122.537673, 45.508307 ], [ -122.537667, 45.507826 ], [ -122.537667, 45.507575 ], [ -122.537666, 45.506966 ], [ -122.537667, 45.506806 ], [ -122.53767, 45.506417 ], [ -122.537671, 45.506011 ], [ -122.537673, 45.504702 ], [ -122.537674, 45.504633 ], [ -122.537683, 45.504093 ], [ -122.538955, 45.504109 ], [ -122.539988, 45.504117 ], [ -122.540548, 45.504122 ], [ -122.540859, 45.504123 ], [ -122.541181, 45.504127 ], [ -122.541861, 45.504132 ], [ -122.542194, 45.50414 ], [ -122.542823, 45.50415 ], [ -122.543813, 45.504163 ], [ -122.544796, 45.504169 ], [ -122.545419, 45.504172 ], [ -122.546666, 45.504185 ], [ -122.548009, 45.504197 ], [ -122.548009, 45.504691 ], [ -122.548014, 45.506682 ], [ -122.548011, 45.50701 ], [ -122.548029, 45.507874 ], [ -122.548032, 45.50814 ], [ -122.548038, 45.508691 ], [ -122.54805, 45.50969 ], [ -122.548073, 45.510879 ], [ -122.548086, 45.511561 ] ] ] } },
{ "type": "Feature", "properties": { "GEOID": "41051009204", "NAMELSAD": "Census Tract 92.04", "area_sqmi": 0.46709631652434802, "total_bike_miles": 2.218, "num_segments": 32, "bike_density": 4.75, "total_pop": 4206, "pop_white": 2241, "pop_black": 239, "pop_asian": 492, "pop_hispanic": 0, "pct_white": 53.3, "pct_nonwhite": 46.7, "pct_black": 5.7, "pct_asian": 11.7, "pct_hispanic": 0.0, "median_income": 78232.0 }, "geometry": { "type": "Polygon", "coordinates": [ [ [ -122.53776, 45.519712 ], [ -122.537773, 45.520407 ], [ -122.537763, 45.521167 ], [ -122.537767, 45.521778 ], [ -122.537767, 45.522494 ], [ -122.535735, 45.522477 ], [ -122.535188, 45.522473 ], [ -122.534952, 45.522484 ], [ -122.534943, 45.522503 ], [ -122.534922, 45.522549 ], [ -122.533865, 45.522534 ], [ -122.532546, 45.522534 ], [ -122.531847, 45.52251 ], [ -122.531688, 45.522509 ], [ -122.530849, 45.522505 ], [ -122.530851, 45.522456 ], [ -122.530855, 45.522372 ], [ -122.530891, 45.519063 ], [ -122.530026, 45.519067 ], [ -122.52996, 45.519069 ], [ -122.530019, 45.518101 ], [ -122.530015, 45.517416 ], [ -122.530009, 45.516555 ], [ -122.52999, 45.515704 ], [ -122.529996, 45.514814 ], [ -122.529977, 45.514051 ], [ -122.529978, 45.511638 ], [ -122.529972, 45.510224 ], [ -122.529971, 45.509909 ], [ -122.529971, 45.50912 ], [ -122.529971, 45.50863 ], [ -122.529971, 45.508055 ], [ -122.529965, 45.507406 ], [ -122.529963, 45.507149 ], [ -122.529958, 45.506563 ], [ -122.529952, 45.505872 ], [ -122.529954, 45.505356 ], [ -122.529948, 45.504403 ], [ -122.529946, 45.504058 ], [ -122.53123, 45.504067 ], [ -122.533384, 45.504075 ], [ -122.534315, 45.504078 ], [ -122.534762, 45.50408 ], [ -122.535597, 45.504094 ], [ -122.537683, 45.504093 ], [ -122.537674, 45.504633 ], [ -122.537673, 45.504702 ], [ -122.537671, 45.506011 ], [ -122.53767, 45.506417 ], [ -122.537667, 45.506806 ], [ -122.537666, 45.506966 ], [ -122.537667, 45.507575 ], [ -122.537667, 45.507826 ], [ -122.537673, 45.508307 ], [ -122.537682, 45.509045 ], [ -122.537677, 45.510025 ], [ -122.537676, 45.510621 ], [ -122.537678, 45.510809 ], [ -122.537649, 45.51154 ], [ -122.537657, 45.512919 ], [ -122.537702, 45.514237 ], [ -122.537698, 45.514585 ], [ -122.537704, 45.515734 ], [ -122.537736, 45.516945 ], [ -122.537779, 45.519023 ], [ -122.53776, 45.519712 ] ] ] } },
{ "type": "Feature", "properties": { "GEOID": "41051009203", "NAMELSAD": "Census Tract 92.03", "area_sqmi": 0.56494611054886523, "total_bike_miles": 1.404, "num_segments": 25, "bike_density": 2.48, "total_pop": 3056, "pop_white": 1790, "pop_black": 124, "pop_asian": 401, "pop_hispanic": 0, "pct_white": 58.6, "pct_nonwhite": 41.4, "pct_black": 4.1, "pct_asian": 13.1, "pct_hispanic": 0.0, "median_income": 61396.0 }, "geometry": { "type": "Polygon", "coordinates": [ [ [ -122.530855, 45.522372 ], [ -122.530851, 45.522456 ], [ -122.530849, 45.522505 ], [ -122.527511, 45.52249 ], [ -122.527373, 45.522489 ], [ -122.526101, 45.522488 ], [ -122.524456, 45.522475 ], [ -122.523515, 45.522467 ], [ -122.522632, 45.52246 ], [ -122.522177, 45.522466 ], [ -122.52095, 45.522458 ], [ -122.520952, 45.52238 ], [ -122.520952, 45.52236 ], [ -122.520953, 45.522278 ], [ -122.520972, 45.52089 ], [ -122.52099, 45.520223 ], [ -122.520997, 45.519988 ], [ -122.521002, 45.519212 ], [ -122.521021, 45.519103 ], [ -122.521033, 45.518988 ], [ -122.521024, 45.515667 ], [ -122.521014, 45.513863 ], [ -122.520984, 45.511739 ], [ -122.520993, 45.510237 ], [ -122.520981, 45.508156 ], [ -122.520979, 45.507864 ], [ -122.520975, 45.507196 ], [ -122.520972, 45.506339 ], [ -122.520971, 45.505768 ], [ -122.520968, 45.50553 ], [ -122.520964, 45.504979 ], [ -122.520962, 45.504756 ], [ -122.520959, 45.504311 ], [ -122.520957, 45.504091 ], [ -122.521378, 45.504088 ], [ -122.522155, 45.504095 ], [ -122.522777, 45.504078 ], [ -122.523218, 45.504074 ], [ -122.523727, 45.504071 ], [ -122.524742, 45.504064 ], [ -122.526112, 45.504054 ], [ -122.526168, 45.504054 ], [ -122.527244, 45.504053 ], [ -122.52848, 45.504051 ], [ -122.529946, 45.504058 ], [ -122.529948, 45.504403 ], [ -122.529954, 45.505356 ], [ -122.529952, 45.505872 ], [ -122.529958, 45.506563 ], [ -122.529963, 45.507149 ], [ -122.529965, 45.507406 ], [ -122.529971, 45.508055 ], [ -122.529971, 45.50863 ], [ -122.529971, 45.50912 ], [ -122.529971, 45.509909 ], [ -122.529972, 45.510224 ], [ -122.529978, 45.511638 ], [ -122.529977, 45.514051 ], [ -122.529996, 45.514814 ], [ -122.52999, 45.515704 ], [ -122.530009, 45.516555 ], [ -122.530015, 45.517416 ], [ -122.530019, 45.518101 ], [ -122.52996, 45.519069 ], [ -122.530026, 45.519067 ], [ -122.530891, 45.519063 ], [ -122.530855, 45.522372 ] ] ] } },
{ "type": "Feature", "properties": { "GEOID": "41051007001", "NAMELSAD": "Census Tract 70.01", "area_sqmi": 1.349717903271493, "total_bike_miles": 0.0, "num_segments": 0, "bike_density": 0.0, "total_pop": 5495, "pop_white": 3305, "pop_black": 198, "pop_asian": 1415, "pop_hispanic": 0, "pct_white": 60.1, "pct_nonwhite": 39.9, "pct_black": 3.6, "pct_asian": 25.8, "pct_hispanic": 0.0, "median_income": 184485.0 }, "geometry": { "type": "Polygon", "coordinates": [ [ [ -122.784841, 45.536331 ], [ -122.784822, 45.537623 ], [ -122.784777, 45.540649 ], [ -122.784768, 45.54194 ], [ -122.784768, 45.541971 ], [ -122.784768, 45.54232 ], [ -122.784768, 45.542426 ], [ -122.784769, 45.543979 ], [ -122.784222, 45.544199 ], [ -122.784127, 45.544271 ], [ -122.784091, 45.544297 ], [ -122.784061, 45.54432 ], [ -122.784009, 45.544396 ], [ -122.783983, 45.544433 ], [ -122.783679, 45.544871 ], [ -122.783499, 45.544929 ], [ -122.783274, 45.545057 ], [ -122.783155, 45.54518 ], [ -122.783076, 45.545339 ], [ -122.782935, 45.546068 ], [ -122.782822, 45.546701 ], [ -122.782754, 45.547064 ], [ -122.782727, 45.547159 ], [ -122.782672, 45.547254 ], [ -122.782602, 45.547336 ], [ -122.78252, 45.547408 ], [ -122.782409, 45.547474 ], [ -122.782286, 45.547526 ], [ -122.782166, 45.547562 ], [ -122.782014, 45.547588 ], [ -122.781856, 45.547589 ], [ -122.781707, 45.547574 ], [ -122.781526, 45.547529 ], [ -122.781287, 45.547409 ], [ -122.780999, 45.547208 ], [ -122.780921, 45.547169 ], [ -122.780766, 45.547118 ], [ -122.780636, 45.547099 ], [ -122.780536, 45.547094 ], [ -122.78043, 45.547102 ], [ -122.780335, 45.547119 ], [ -122.780196, 45.547163 ], [ -122.780078, 45.547222 ], [ -122.779965, 45.547319 ], [ -122.779899, 45.547413 ], [ -122.779759, 45.548067 ], [ -122.779683, 45.548244 ], [ -122.779539, 45.548382 ], [ -122.779528, 45.548394 ], [ -122.77939, 45.548471 ], [ -122.779671, 45.548474 ], [ -122.780403, 45.548483 ], [ -122.780512, 45.548484 ], [ -122.780638, 45.54853 ], [ -122.780651, 45.548577 ], [ -122.780641, 45.548625 ], [ -122.780606, 45.548671 ], [ -122.780482, 45.548748 ], [ -122.780317, 45.548797 ], [ -122.780136, 45.548837 ], [ -122.779948, 45.548873 ], [ -122.779852, 45.548887 ], [ -122.779754, 45.548903 ], [ -122.779547, 45.548941 ], [ -122.779047, 45.549088 ], [ -122.778956, 45.549126 ], [ -122.778787, 45.549207 ], [ -122.778711, 45.549251 ], [ -122.778576, 45.549336 ], [ -122.778511, 45.549375 ], [ -122.778448, 45.549413 ], [ -122.778384, 45.549448 ], [ -122.778197, 45.549525 ], [ -122.778134, 45.54955 ], [ -122.778074, 45.549573 ], [ -122.777982, 45.549599 ], [ -122.777953, 45.549624 ], [ -122.777033, 45.549743 ], [ -122.776831, 45.549771 ], [ -122.776662, 45.549809 ], [ -122.776553, 45.549849 ], [ -122.776397, 45.549955 ], [ -122.77634, 45.550034 ], [ -122.776298, 45.550138 ], [ -122.776807, 45.550232 ], [ -122.777176, 45.550269 ], [ -122.777338, 45.550276 ], [ -122.778976, 45.550275 ], [ -122.779062, 45.550285 ], [ -122.779141, 45.550305 ], [ -122.779226, 45.550345 ], [ -122.779302, 45.550401 ], [ -122.779361, 45.55048 ], [ -122.77938, 45.550559 ], [ -122.779393, 45.550746 ], [ -122.779371, 45.550874 ], [ -122.77916, 45.550858 ], [ -122.779027, 45.550853 ], [ -122.778855, 45.550867 ], [ -122.778731, 45.550892 ], [ -122.778596, 45.550931 ], [ -122.778481, 45.550977 ], [ -122.778381, 45.551029 ], [ -122.778307, 45.551078 ], [ -122.778218, 45.551145 ], [ -122.778154, 45.551216 ], [ -122.777762, 45.551611 ], [ -122.777652, 45.551709 ], [ -122.77757, 45.55177 ], [ -122.77748, 45.551816 ], [ -122.777379, 45.551858 ], [ -122.777264, 45.551892 ], [ -122.777151, 45.551917 ], [ -122.777027, 45.551933 ], [ -122.776419, 45.551945 ], [ -122.776269, 45.551956 ], [ -122.776135, 45.551979 ], [ -122.775604, 45.552107 ], [ -122.775485, 45.552119 ], [ -122.7754, 45.552115 ], [ -122.775298, 45.552093 ], [ -122.775242, 45.552074 ], [ -122.775115, 45.552021 ], [ -122.775056, 45.552005 ], [ -122.774954, 45.551993 ], [ -122.774857, 45.551996 ], [ -122.774747, 45.552014 ], [ -122.774643, 45.55206 ], [ -122.774572, 45.552105 ], [ -122.774531, 45.552145 ], [ -122.774504, 45.552179 ], [ -122.77445, 45.552284 ], [ -122.774392, 45.552268 ], [ -122.774256, 45.552245 ], [ -122.774098, 45.552233 ], [ -122.77348, 45.552219 ], [ -122.773332, 45.552209 ], [ -122.773177, 45.552182 ], [ -122.773054, 45.552149 ], [ -122.772897, 45.552088 ], [ -122.772349, 45.551835 ], [ -122.77146, 45.551422 ], [ -122.771356, 45.551368 ], [ -122.771246, 45.5513 ], [ -122.771173, 45.551245 ], [ -122.771052, 45.551131 ], [ -122.770962, 45.551016 ], [ -122.770891, 45.550884 ], [ -122.770636, 45.550287 ], [ -122.770309, 45.549521 ], [ -122.770208, 45.549336 ], [ -122.770076, 45.549172 ], [ -122.769947, 45.549052 ], [ -122.76975, 45.548911 ], [ -122.768419, 45.548094 ], [ -122.766645, 45.546999 ], [ -122.766479, 45.546916 ], [ -122.766298, 45.546862 ], [ -122.766109, 45.546836 ], [ -122.765902, 45.546838 ], [ -122.765706, 45.546871 ], [ -122.765544, 45.546924 ], [ -122.765137, 45.547102 ], [ -122.76496, 45.547151 ], [ -122.764761, 45.547168 ], [ -122.76459, 45.547154 ], [ -122.764391, 45.547116 ], [ -122.764174, 45.547075 ], [ -122.763981, 45.547038 ], [ -122.763312, 45.546905 ], [ -122.762992, 45.546842 ], [ -122.762714, 45.546764 ], [ -122.762543, 45.546689 ], [ -122.76237, 45.546584 ], [ -122.76225, 45.546485 ], [ -122.762144, 45.54637 ], [ -122.761095, 45.545028 ], [ -122.761018, 45.544908 ], [ -122.760978, 45.544846 ], [ -122.760909, 45.544676 ], [ -122.760862, 45.544497 ], [ -122.760847, 45.544421 ], [ -122.760727, 45.543992 ], [ -122.760735, 45.543811 ], [ -122.760699, 45.543377 ], [ -122.760992, 45.543153 ], [ -122.761077, 45.542977 ], [ -122.761126, 45.542792 ], [ -122.761133, 45.542614 ], [ -122.761092, 45.542479 ], [ -122.761039, 45.542379 ], [ -122.760867, 45.542214 ], [ -122.759989, 45.541685 ], [ -122.759618, 45.541451 ], [ -122.75942, 45.541288 ], [ -122.759169, 45.541032 ], [ -122.759008, 45.540818 ], [ -122.758896, 45.540602 ], [ -122.758828, 45.540401 ], [ -122.758757, 45.54005 ], [ -122.758757, 45.539337 ], [ -122.758757, 45.539324 ], [ -122.758758, 45.539181 ], [ -122.75876, 45.538911 ], [ -122.75876, 45.538816 ], [ -122.758778, 45.538583 ], [ -122.758793, 45.538494 ], [ -122.758831, 45.538414 ], [ -122.758914, 45.538295 ], [ -122.759005, 45.538213 ], [ -122.75926, 45.538012 ], [ -122.759341, 45.537932 ], [ -122.759409, 45.537834 ], [ -122.759463, 45.537723 ], [ -122.759481, 45.537639 ], [ -122.759473, 45.537536 ], [ -122.759454, 45.53747 ], [ -122.759388, 45.537342 ], [ -122.759338, 45.537286 ], [ -122.759302, 45.537245 ], [ -122.759176, 45.53715 ], [ -122.759067, 45.537086 ], [ -122.758886, 45.537036 ], [ -122.758667, 45.536966 ], [ -122.758591, 45.536942 ], [ -122.758461, 45.536885 ], [ -122.758317, 45.536785 ], [ -122.758232, 45.536692 ], [ -122.758219, 45.536678 ], [ -122.7576, 45.535879 ], [ -122.757529, 45.535756 ], [ -122.757509, 45.535672 ], [ -122.757499, 45.535606 ], [ -122.75751, 45.53544 ], [ -122.757547, 45.535344 ], [ -122.757562, 45.535306 ], [ -122.757671, 45.535158 ], [ -122.758022, 45.534772 ], [ -122.758108, 45.534654 ], [ -122.758136, 45.534566 ], [ -122.758156, 45.534458 ], [ -122.758143, 45.534359 ], [ -122.758115, 45.534269 ], [ -122.758075, 45.534202 ], [ -122.758005, 45.534113 ], [ -122.757754, 45.53382 ], [ -122.757195, 45.533177 ], [ -122.757017, 45.532993 ], [ -122.756778, 45.532805 ], [ -122.756591, 45.532686 ], [ -122.756403, 45.532586 ], [ -122.756158, 45.53248 ], [ -122.755902, 45.532389 ], [ -122.755646, 45.532327 ], [ -122.75534, 45.532271 ], [ -122.755077, 45.532229 ], [ -122.754944, 45.532185 ], [ -122.754861, 45.532137 ], [ -122.754788, 45.532074 ], [ -122.754924, 45.531988 ], [ -122.756546, 45.530794 ], [ -122.756687, 45.530702 ], [ -122.756847, 45.530611 ], [ -122.757077, 45.530515 ], [ -122.75735, 45.530447 ], [ -122.75771, 45.530388 ], [ -122.759107, 45.530188 ], [ -122.760096, 45.530046 ], [ -122.761262, 45.52988 ], [ -122.761469, 45.52985 ], [ -122.761702, 45.529826 ], [ -122.761941, 45.529812 ], [ -122.76258, 45.529786 ], [ -122.76318, 45.529777 ], [ -122.763447, 45.529774 ], [ -122.763494, 45.529774 ], [ -122.763603, 45.529775 ], [ -122.76364, 45.529775 ], [ -122.763736, 45.529776 ], [ -122.764036, 45.529763 ], [ -122.76409, 45.529761 ], [ -122.764171, 45.529754 ], [ -122.764458, 45.529727 ], [ -122.764454, 45.530309 ], [ -122.764442, 45.530998 ], [ -122.76444, 45.531084 ], [ -122.764439, 45.531184 ], [ -122.764436, 45.531344 ], [ -122.764436, 45.531358 ], [ -122.764433, 45.531668 ], [ -122.764431, 45.53185 ], [ -122.764428, 45.5322 ], [ -122.764426, 45.532545 ], [ -122.764424, 45.532884 ], [ -122.764419, 45.533155 ], [ -122.764412, 45.533822 ], [ -122.764412, 45.533862 ], [ -122.765076, 45.533858 ], [ -122.765474, 45.533856 ], [ -122.76609, 45.533852 ], [ -122.768947, 45.533834 ], [ -122.769884, 45.533829 ], [ -122.770809, 45.533823 ], [ -122.771915, 45.533816 ], [ -122.77215, 45.533815 ], [ -122.772326, 45.533813 ], [ -122.772712, 45.53381 ], [ -122.774372, 45.533809 ], [ -122.774659, 45.533809 ], [ -122.775114, 45.533808 ], [ -122.775153, 45.533809 ], [ -122.77609, 45.533827 ], [ -122.778214, 45.533867 ], [ -122.779277, 45.533887 ], [ -122.779838, 45.533897 ], [ -122.781146, 45.533923 ], [ -122.78234, 45.533946 ], [ -122.783624, 45.533971 ], [ -122.784232, 45.533982 ], [ -122.784864, 45.533994 ], [ -122.784841, 45.536331 ] ] ] } },
{ "type": "Feature", "properties": { "GEOID": "41051003903", "NAMELSAD": "Census Tract 39.03", "area_sqmi": 0.50535665301813881, "total_bike_miles": 2.31, "num_segments": 41, "bike_density": 4.57, "total_pop": 3257, "pop_white": 2117, "pop_black": 270, "pop_asian": 140, "pop_hispanic": 0, "pct_white": 65.0, "pct_nonwhite": 35.0, "pct_black": 8.3, "pct_asian": 4.3, "pct_hispanic": 0.0, "median_income": 115750.0 }, "geometry": { "type": "Polygon", "coordinates": [ [ [ -122.716824, 45.593373 ], [ -122.716799, 45.593506 ], [ -122.716744, 45.593645 ], [ -122.716676, 45.593841 ], [ -122.715086, 45.593455 ], [ -122.713974, 45.593178 ], [ -122.713183, 45.592984 ], [ -122.712361, 45.592784 ], [ -122.71221, 45.592746 ], [ -122.711295, 45.592516 ], [ -122.710496, 45.592318 ], [ -122.710215, 45.592248 ], [ -122.709681, 45.592117 ], [ -122.706422, 45.591304 ], [ -122.705408, 45.59104 ], [ -122.702404, 45.590221 ], [ -122.702389, 45.589922 ], [ -122.702396, 45.588619 ], [ -122.7024, 45.587867 ], [ -122.702403, 45.587363 ], [ -122.702404, 45.587205 ], [ -122.702417, 45.587158 ], [ -122.702443, 45.587126 ], [ -122.702336, 45.587066 ], [ -122.702367, 45.58704 ], [ -122.702389, 45.587 ], [ -122.702399, 45.586948 ], [ -122.702412, 45.585602 ], [ -122.702421, 45.584023 ], [ -122.70268, 45.584026 ], [ -122.703397, 45.584028 ], [ -122.704374, 45.58403 ], [ -122.705365, 45.584033 ], [ -122.705367, 45.583601 ], [ -122.705369, 45.58334 ], [ -122.705372, 45.582654 ], [ -122.705374, 45.582333 ], [ -122.70538, 45.580785 ], [ -122.705381, 45.580594 ], [ -122.705383, 45.579697 ], [ -122.705383, 45.579337 ], [ -122.705384, 45.578971 ], [ -122.705383, 45.578621 ], [ -122.705386, 45.577918 ], [ -122.705387, 45.577134 ], [ -122.705849, 45.577131 ], [ -122.706124, 45.577129 ], [ -122.706864, 45.577127 ], [ -122.707576, 45.57712 ], [ -122.707958, 45.577127 ], [ -122.708459, 45.577131 ], [ -122.708721, 45.577147 ], [ -122.709018, 45.577175 ], [ -122.709501, 45.577249 ], [ -122.709715, 45.577291 ], [ -122.709947, 45.577343 ], [ -122.710182, 45.577407 ], [ -122.710476, 45.577497 ], [ -122.710925, 45.577654 ], [ -122.711595, 45.5779 ], [ -122.712394, 45.578192 ], [ -122.713502, 45.578598 ], [ -122.714038, 45.578793 ], [ -122.714573, 45.578989 ], [ -122.714567, 45.580817 ], [ -122.71456, 45.582353 ], [ -122.714552, 45.584054 ], [ -122.71455, 45.584485 ], [ -122.714546, 45.58537 ], [ -122.71454, 45.586631 ], [ -122.714496, 45.586631 ], [ -122.714437, 45.58663 ], [ -122.714003, 45.58663 ], [ -122.713466, 45.586629 ], [ -122.713464, 45.587086 ], [ -122.713472, 45.587153 ], [ -122.713465, 45.5872 ], [ -122.71348, 45.588619 ], [ -122.71348, 45.588671 ], [ -122.713454, 45.589439 ], [ -122.713533, 45.589643 ], [ -122.713824, 45.590275 ], [ -122.71384, 45.59031 ], [ -122.713854, 45.590355 ], [ -122.713877, 45.590406 ], [ -122.713899, 45.590451 ], [ -122.713916, 45.590495 ], [ -122.71393, 45.590539 ], [ -122.713949, 45.590588 ], [ -122.713966, 45.590634 ], [ -122.713985, 45.590677 ], [ -122.71401, 45.590727 ], [ -122.71403, 45.590778 ], [ -122.714048, 45.590834 ], [ -122.71407, 45.590898 ], [ -122.714088, 45.590946 ], [ -122.714104, 45.590992 ], [ -122.714128, 45.591041 ], [ -122.714152, 45.591113 ], [ -122.714172, 45.591168 ], [ -122.714203, 45.591245 ], [ -122.714228, 45.591304 ], [ -122.714245, 45.591349 ], [ -122.714254, 45.5914 ], [ -122.714275, 45.591454 ], [ -122.714292, 45.591498 ], [ -122.71432, 45.591564 ], [ -122.714346, 45.591614 ], [ -122.714375, 45.59168 ], [ -122.714401, 45.59173 ], [ -122.714436, 45.591804 ], [ -122.714484, 45.591881 ], [ -122.714513, 45.591924 ], [ -122.714548, 45.591974 ], [ -122.714583, 45.592019 ], [ -122.714616, 45.592065 ], [ -122.714647, 45.592117 ], [ -122.71468, 45.592161 ], [ -122.714723, 45.59221 ], [ -122.714774, 45.592252 ], [ -122.714831, 45.592284 ], [ -122.714889, 45.592318 ], [ -122.714951, 45.592355 ], [ -122.715009, 45.59239 ], [ -122.715068, 45.592418 ], [ -122.715174, 45.592461 ], [ -122.715238, 45.592487 ], [ -122.71531, 45.592509 ], [ -122.715384, 45.592529 ], [ -122.71545, 45.592556 ], [ -122.715523, 45.592574 ], [ -122.715596, 45.592598 ], [ -122.715668, 45.59261 ], [ -122.715731, 45.592618 ], [ -122.715818, 45.592627 ], [ -122.715883, 45.592632 ], [ -122.715944, 45.592633 ], [ -122.716019, 45.592633 ], [ -122.716082, 45.592634 ], [ -122.716139, 45.592631 ], [ -122.716196, 45.592624 ], [ -122.716249, 45.592617 ], [ -122.716311, 45.592607 ], [ -122.71637, 45.592599 ], [ -122.716424, 45.592592 ], [ -122.716485, 45.592583 ], [ -122.716538, 45.592575 ], [ -122.716588, 45.592575 ], [ -122.716653, 45.592698 ], [ -122.716738, 45.592866 ], [ -122.716798, 45.593027 ], [ -122.716825, 45.59319 ], [ -122.716824, 45.593373 ] ] ] } },
{ "type": "Feature", "properties": { "GEOID": "41051005101", "NAMELSAD": "Census Tract 51.01", "area_sqmi": 0.18540096763140562, "total_bike_miles": 2.113, "num_segments": 25, "bike_density": 11.39, "total_pop": 4473, "pop_white": 3460, "pop_black": 17, "pop_asian": 606, "pop_hispanic": 0, "pct_white": 77.4, "pct_nonwhite": 22.6, "pct_black": 0.4, "pct_asian": 13.5, "pct_hispanic": 0.0, "median_income": 121442.0 }, "geometry": { "type": "Polygon", "coordinates": [ [ [ -122.685933, 45.535633 ], [ -122.685653, 45.53586 ], [ -122.685617, 45.535889 ], [ -122.68552, 45.535968 ], [ -122.685473, 45.536006 ], [ -122.685444, 45.53603 ], [ -122.685342, 45.536112 ], [ -122.68528, 45.536163 ], [ -122.684327, 45.536947 ], [ -122.683342, 45.537858 ], [ -122.683269, 45.537922 ], [ -122.683201, 45.537869 ], [ -122.683176, 45.537857 ], [ -122.683101, 45.537819 ], [ -122.68267, 45.537603 ], [ -122.68204, 45.537288 ], [ -122.68098, 45.536756 ], [ -122.678037, 45.535282 ], [ -122.673945, 45.531963 ], [ -122.67414, 45.531855 ], [ -122.67538, 45.531166 ], [ -122.676227, 45.530696 ], [ -122.676332, 45.530636 ], [ -122.676785, 45.530375 ], [ -122.677145, 45.530168 ], [ -122.677643, 45.529881 ], [ -122.678602, 45.52999 ], [ -122.679606, 45.530103 ], [ -122.679874, 45.530119 ], [ -122.680331, 45.530129 ], [ -122.681364, 45.530119 ], [ -122.681525, 45.530114 ], [ -122.682381, 45.53009 ], [ -122.683196, 45.530074 ], [ -122.683399, 45.53007 ], [ -122.683422, 45.530781 ], [ -122.683465, 45.531492 ], [ -122.683475, 45.532207 ], [ -122.6835, 45.532611 ], [ -122.683519, 45.532922 ], [ -122.684515, 45.532901 ], [ -122.684579, 45.5329 ], [ -122.68553, 45.532883 ], [ -122.685556, 45.533596 ], [ -122.685583, 45.534309 ], [ -122.685601, 45.535023 ], [ -122.685621, 45.535432 ], [ -122.685848, 45.535582 ], [ -122.685933, 45.535633 ] ] ] } },
{ "type": "Feature", "properties": { "GEOID": "41051008904", "NAMELSAD": "Census Tract 89.04", "area_sqmi": 1.3663873127731017, "total_bike_miles": 1.283, "num_segments": 14, "bike_density": 0.94, "total_pop": 4753, "pop_white": 3009, "pop_black": 215, "pop_asian": 825, "pop_hispanic": 0, "pct_white": 63.3, "pct_nonwhite": 36.7, "pct_black": 4.5, "pct_asian": 17.4, "pct_hispanic": 0.0, "median_income": 71032.0 }, "geometry": { "type": "Polygon", "coordinates": [ [ [ -122.549379, 45.476045 ], [ -122.546874, 45.476331 ], [ -122.546478, 45.476369 ], [ -122.545978, 45.476403 ], [ -122.545478, 45.476422 ], [ -122.54482, 45.476426 ], [ -122.543821, 45.476437 ], [ -122.541345, 45.476479 ], [ -122.539869, 45.476493 ], [ -122.53895, 45.476512 ], [ -122.538163, 45.476528 ], [ -122.537094, 45.476536 ], [ -122.537101, 45.477394 ], [ -122.537111, 45.477786 ], [ -122.537118, 45.478303 ], [ -122.537117, 45.478369 ], [ -122.537113, 45.478834 ], [ -122.537115, 45.479075 ], [ -122.537122, 45.479537 ], [ -122.53721, 45.480073 ], [ -122.537223, 45.480153 ], [ -122.537291, 45.480453 ], [ -122.536586, 45.4806 ], [ -122.536021, 45.480717 ], [ -122.535538, 45.480818 ], [ -122.534387, 45.481057 ], [ -122.533243, 45.481295 ], [ -122.532851, 45.481381 ], [ -122.532167, 45.481507 ], [ -122.531652, 45.48159 ], [ -122.531246, 45.481645 ], [ -122.530837, 45.48169 ], [ -122.530426, 45.481725 ], [ -122.529895, 45.481753 ], [ -122.529806, 45.481758 ], [ -122.529392, 45.481767 ], [ -122.528979, 45.481766 ], [ -122.528573, 45.481753 ], [ -122.528167, 45.48173 ], [ -122.527763, 45.481697 ], [ -122.527362, 45.481654 ], [ -122.525955, 45.481474 ], [ -122.524855, 45.481333 ], [ -122.523578, 45.48117 ], [ -122.52358, 45.480843 ], [ -122.523582, 45.480368 ], [ -122.523585, 45.480028 ], [ -122.523584, 45.479496 ], [ -122.523573, 45.477973 ], [ -122.523568, 45.477388 ], [ -122.523565, 45.476919 ], [ -122.524406, 45.47689 ], [ -122.526117, 45.476843 ], [ -122.526053, 45.474799 ], [ -122.526024, 45.474044 ], [ -122.525993, 45.473236 ], [ -122.52598, 45.472902 ], [ -122.525977, 45.472738 ], [ -122.525875, 45.472649 ], [ -122.525766, 45.472608 ], [ -122.525675, 45.472593 ], [ -122.525167, 45.472544 ], [ -122.524843, 45.472547 ], [ -122.52467, 45.472583 ], [ -122.524482, 45.472639 ], [ -122.524265, 45.472672 ], [ -122.524157, 45.472652 ], [ -122.524004, 45.472561 ], [ -122.523953, 45.472505 ], [ -122.523851, 45.472082 ], [ -122.52384, 45.472038 ], [ -122.523837, 45.47202 ], [ -122.523831, 45.471989 ], [ -122.523826, 45.471961 ], [ -122.523824, 45.471894 ], [ -122.523917, 45.471784 ], [ -122.524171, 45.471647 ], [ -122.524488, 45.471446 ], [ -122.524599, 45.471333 ], [ -122.524655, 45.471254 ], [ -122.524668, 45.471157 ], [ -122.52463, 45.470993 ], [ -122.524592, 45.470934 ], [ -122.524439, 45.470786 ], [ -122.524333, 45.470697 ], [ -122.524218, 45.470613 ], [ -122.524063, 45.470517 ], [ -122.523931, 45.470447 ], [ -122.523805, 45.470396 ], [ -122.523682, 45.470319 ], [ -122.523599, 45.470226 ], [ -122.523569, 45.470162 ], [ -122.523329, 45.469766 ], [ -122.523302, 45.469699 ], [ -122.523279, 45.469605 ], [ -122.523291, 45.469513 ], [ -122.52334, 45.469431 ], [ -122.523385, 45.469386 ], [ -122.523471, 45.469348 ], [ -122.523558, 45.469349 ], [ -122.523737, 45.469371 ], [ -122.523836, 45.469375 ], [ -122.52393, 45.469365 ], [ -122.524028, 45.469338 ], [ -122.524114, 45.469306 ], [ -122.524156, 45.469261 ], [ -122.524204, 45.46916 ], [ -122.524205, 45.46905 ], [ -122.5242, 45.467814 ], [ -122.524257, 45.467743 ], [ -122.52445, 45.467669 ], [ -122.524612, 45.467599 ], [ -122.52472, 45.467527 ], [ -122.524831, 45.467412 ], [ -122.524911, 45.467287 ], [ -122.524886, 45.467143 ], [ -122.524783, 45.467048 ], [ -122.524361, 45.466854 ], [ -122.524303, 45.466788 ], [ -122.524296, 45.466718 ], [ -122.524349, 45.466657 ], [ -122.524452, 45.466603 ], [ -122.524565, 45.466555 ], [ -122.524773, 45.466501 ], [ -122.524841, 45.466433 ], [ -122.525567, 45.465604 ], [ -122.525651, 45.465544 ], [ -122.525703, 45.465503 ], [ -122.525729, 45.465492 ], [ -122.525795, 45.465462 ], [ -122.525921, 45.465426 ], [ -122.526022, 45.465414 ], [ -122.526156, 45.465415 ], [ -122.526351, 45.465435 ], [ -122.526464, 45.465443 ], [ -122.526587, 45.465446 ], [ -122.526682, 45.465433 ], [ -122.526772, 45.465406 ], [ -122.526842, 45.465373 ], [ -122.526912, 45.465322 ], [ -122.526958, 45.465267 ], [ -122.527007, 45.465188 ], [ -122.527171, 45.464721 ], [ -122.527209, 45.464659 ], [ -122.527309, 45.464533 ], [ -122.528227, 45.463575 ], [ -122.528349, 45.463393 ], [ -122.528382, 45.463256 ], [ -122.528379, 45.463119 ], [ -122.528334, 45.462983 ], [ -122.528242, 45.462864 ], [ -122.527512, 45.462244 ], [ -122.527438, 45.462094 ], [ -122.527416, 45.461946 ], [ -122.527468, 45.461273 ], [ -122.528357, 45.461281 ], [ -122.529648, 45.461292 ], [ -122.530085, 45.461296 ], [ -122.530936, 45.461304 ], [ -122.531076, 45.461305 ], [ -122.531548, 45.461309 ], [ -122.5323, 45.461316 ], [ -122.532488, 45.461318 ], [ -122.533262, 45.461324 ], [ -122.537618, 45.461353 ], [ -122.547534, 45.461061 ], [ -122.547638, 45.461058 ], [ -122.548002, 45.461045 ], [ -122.547985, 45.461412 ], [ -122.548021, 45.46153 ], [ -122.548035, 45.4616 ], [ -122.54804, 45.461672 ], [ -122.548036, 45.461743 ], [ -122.548023, 45.463698 ], [ -122.54803, 45.464164 ], [ -122.548039, 45.464702 ], [ -122.548049, 45.465918 ], [ -122.548065, 45.466732 ], [ -122.548069, 45.466934 ], [ -122.548066, 45.467759 ], [ -122.548064, 45.468344 ], [ -122.548028, 45.470383 ], [ -122.54806, 45.471509 ], [ -122.548058, 45.472656 ], [ -122.548057, 45.47362 ], [ -122.548057, 45.473836 ], [ -122.548134, 45.473928 ], [ -122.548151, 45.473949 ], [ -122.54817, 45.473971 ], [ -122.548964, 45.474924 ], [ -122.549224, 45.475441 ], [ -122.549271, 45.475511 ], [ -122.549316, 45.475633 ], [ -122.549373, 45.475863 ], [ -122.549379, 45.476045 ] ] ] } },
{ "type": "Feature", "properties": { "GEOID": "41051000201", "NAMELSAD": "Census Tract 2.01", "area_sqmi": 0.4674522791647634, "total_bike_miles": 2.312, "num_segments": 37, "bike_density": 4.95, "total_pop": 3722, "pop_white": 3220, "pop_black": 92, "pop_asian": 78, "pop_hispanic": 0, "pct_white": 86.5, "pct_nonwhite": 13.5, "pct_black": 2.5, "pct_asian": 2.1, "pct_hispanic": 0.0, "median_income": 87955.0 }, "geometry": { "type": "Polygon", "coordinates": [ [ [ -122.648727, 45.473734 ], [ -122.648539, 45.473736 ], [ -122.647723, 45.473784 ], [ -122.646735, 45.473842 ], [ -122.645743, 45.4739 ], [ -122.644754, 45.473958 ], [ -122.643783, 45.474015 ], [ -122.642814, 45.474084 ], [ -122.64195, 45.474135 ], [ -122.641809, 45.474143 ], [ -122.641723, 45.474151 ], [ -122.641514, 45.474168 ], [ -122.640403, 45.474228 ], [ -122.639799, 45.474265 ], [ -122.639725, 45.474269 ], [ -122.639509, 45.474283 ], [ -122.639205, 45.473097 ], [ -122.638868, 45.471784 ], [ -122.638767, 45.471288 ], [ -122.638619, 45.470562 ], [ -122.638322, 45.469272 ], [ -122.638197, 45.468729 ], [ -122.637535, 45.465846 ], [ -122.63751, 45.465758 ], [ -122.637172, 45.464285 ], [ -122.636922, 45.463066 ], [ -122.636915, 45.463033 ], [ -122.6369, 45.462961 ], [ -122.63656, 45.461474 ], [ -122.636587, 45.461476 ], [ -122.638965, 45.46148 ], [ -122.639919, 45.461482 ], [ -122.640481, 45.461483 ], [ -122.640592, 45.461483 ], [ -122.640683, 45.461483 ], [ -122.640814, 45.461483 ], [ -122.641142, 45.461483 ], [ -122.641287, 45.461482 ], [ -122.641492, 45.461482 ], [ -122.64158, 45.461482 ], [ -122.641579, 45.461459 ], [ -122.641566, 45.461363 ], [ -122.641559, 45.461303 ], [ -122.641553, 45.461252 ], [ -122.641497, 45.460779 ], [ -122.641354, 45.459597 ], [ -122.641342, 45.459481 ], [ -122.641331, 45.459394 ], [ -122.64129, 45.459046 ], [ -122.641275, 45.458923 ], [ -122.641271, 45.45889 ], [ -122.641263, 45.458819 ], [ -122.641258, 45.458776 ], [ -122.641252, 45.458729 ], [ -122.641249, 45.458704 ], [ -122.641245, 45.458671 ], [ -122.641344, 45.458671 ], [ -122.641414, 45.458671 ], [ -122.641914, 45.458671 ], [ -122.641954, 45.458672 ], [ -122.642019, 45.458672 ], [ -122.642373, 45.458672 ], [ -122.642642, 45.458672 ], [ -122.642869, 45.458673 ], [ -122.642962, 45.458672 ], [ -122.643072, 45.458671 ], [ -122.643136, 45.45867 ], [ -122.643215, 45.458671 ], [ -122.643571, 45.458674 ], [ -122.644342, 45.458674 ], [ -122.645042, 45.458674 ], [ -122.646364, 45.458676 ], [ -122.646737, 45.458676 ], [ -122.646958, 45.458669 ], [ -122.647002, 45.458739 ], [ -122.647038, 45.4588 ], [ -122.647039, 45.458875 ], [ -122.647045, 45.459327 ], [ -122.647044, 45.46004 ], [ -122.647043, 45.460754 ], [ -122.647042, 45.461467 ], [ -122.647041, 45.46218 ], [ -122.64704, 45.462893 ], [ -122.647039, 45.463606 ], [ -122.647042, 45.464319 ], [ -122.647037, 45.465032 ], [ -122.647037, 45.465511 ], [ -122.647057, 45.465568 ], [ -122.647125, 45.465671 ], [ -122.647204, 45.465743 ], [ -122.647705, 45.466114 ], [ -122.647756, 45.466162 ], [ -122.647785, 45.466206 ], [ -122.647801, 45.466246 ], [ -122.647832, 45.466461 ], [ -122.647919, 45.467123 ], [ -122.647987, 45.467653 ], [ -122.648016, 45.467884 ], [ -122.64807, 45.468297 ], [ -122.648111, 45.468601 ], [ -122.648208, 45.469436 ], [ -122.648302, 45.470137 ], [ -122.648387, 45.47086 ], [ -122.648475, 45.471578 ], [ -122.648516, 45.471922 ], [ -122.64856, 45.472291 ], [ -122.648647, 45.473006 ], [ -122.648721, 45.473644 ], [ -122.648727, 45.473734 ] ] ] } },
{ "type": "Feature", "properties": { "GEOID": "41051004104", "NAMELSAD": "Census Tract 41.04", "area_sqmi": 1.7292461013520835, "total_bike_miles": 2.383, "num_segments": 27, "bike_density": 1.38, "total_pop": 3581, "pop_white": 1535, "pop_black": 1013, "pop_asian": 10, "pop_hispanic": 0, "pct_white": 42.9, "pct_nonwhite": 57.1, "pct_black": 28.3, "pct_asian": 0.3, "pct_hispanic": 0.0, "median_income": 60689.0 }, "geometry": { "type": "Polygon", "coordinates": [ [ [ -122.788341, 45.614874 ], [ -122.78645, 45.615944 ], [ -122.786263, 45.616039 ], [ -122.782559, 45.617936 ], [ -122.782037, 45.617954 ], [ -122.781702, 45.61794 ], [ -122.780387, 45.617963 ], [ -122.780287, 45.617965 ], [ -122.78022, 45.617879 ], [ -122.78012, 45.617752 ], [ -122.779795, 45.617482 ], [ -122.779545, 45.617343 ], [ -122.779332, 45.617256 ], [ -122.77911, 45.617184 ], [ -122.778538, 45.617097 ], [ -122.778387, 45.617086 ], [ -122.773283, 45.61651 ], [ -122.771658, 45.616342 ], [ -122.771365, 45.616312 ], [ -122.770215, 45.616191 ], [ -122.768693, 45.61607 ], [ -122.766988, 45.615881 ], [ -122.766566, 45.615834 ], [ -122.765134, 45.615637 ], [ -122.764456, 45.61552 ], [ -122.764179, 45.615468 ], [ -122.764049, 45.61544 ], [ -122.763772, 45.615379 ], [ -122.763601, 45.615336 ], [ -122.763269, 45.61524 ], [ -122.763251, 45.61521 ], [ -122.763152, 45.614957 ], [ -122.763136, 45.614916 ], [ -122.763039, 45.614459 ], [ -122.762988, 45.613945 ], [ -122.762971, 45.61353 ], [ -122.762927, 45.613033 ], [ -122.762866, 45.612585 ], [ -122.762783, 45.612383 ], [ -122.762712, 45.612275 ], [ -122.762624, 45.612139 ], [ -122.762439, 45.611914 ], [ -122.762223, 45.611713 ], [ -122.761974, 45.61152 ], [ -122.761788, 45.611397 ], [ -122.761628, 45.611282 ], [ -122.761496, 45.611164 ], [ -122.761357, 45.611026 ], [ -122.759272, 45.608749 ], [ -122.759256, 45.608731 ], [ -122.759096, 45.60854 ], [ -122.758966, 45.608399 ], [ -122.758728, 45.608168 ], [ -122.758439, 45.607924 ], [ -122.758207, 45.60775 ], [ -122.75796, 45.607584 ], [ -122.757703, 45.607426 ], [ -122.75734, 45.60723 ], [ -122.756121, 45.6067 ], [ -122.755898, 45.606596 ], [ -122.754888, 45.606129 ], [ -122.754689, 45.606033 ], [ -122.754581, 45.60598 ], [ -122.754459, 45.605918 ], [ -122.753982, 45.605695 ], [ -122.752032, 45.604806 ], [ -122.750067, 45.603916 ], [ -122.748824, 45.603386 ], [ -122.747196, 45.60267 ], [ -122.747756, 45.601853 ], [ -122.747961, 45.601628 ], [ -122.748116, 45.601391 ], [ -122.748304, 45.601007 ], [ -122.748415, 45.600741 ], [ -122.748566, 45.600432 ], [ -122.748984, 45.599542 ], [ -122.749242, 45.599601 ], [ -122.749779, 45.599343 ], [ -122.750555, 45.598972 ], [ -122.751359, 45.598586 ], [ -122.751792, 45.599032 ], [ -122.753733, 45.598088 ], [ -122.755679, 45.597141 ], [ -122.756614, 45.598104 ], [ -122.756919, 45.597978 ], [ -122.757409, 45.597775 ], [ -122.757895, 45.597575 ], [ -122.758388, 45.597373 ], [ -122.758646, 45.597267 ], [ -122.75887, 45.597175 ], [ -122.759168, 45.597051 ], [ -122.75937, 45.596968 ], [ -122.759849, 45.596774 ], [ -122.760006, 45.59671 ], [ -122.760598, 45.596469 ], [ -122.760895, 45.596348 ], [ -122.761762, 45.595999 ], [ -122.762643, 45.595642 ], [ -122.763524, 45.595285 ], [ -122.764303, 45.594969 ], [ -122.764422, 45.594945 ], [ -122.765998, 45.594223 ], [ -122.767601, 45.596582 ], [ -122.768122, 45.597463 ], [ -122.768483, 45.598072 ], [ -122.769145, 45.599188 ], [ -122.769463, 45.599735 ], [ -122.769577, 45.599971 ], [ -122.769792, 45.600066 ], [ -122.769893, 45.600138 ], [ -122.769982, 45.600216 ], [ -122.770061, 45.600299 ], [ -122.770131, 45.600387 ], [ -122.77019, 45.600478 ], [ -122.770236, 45.600573 ], [ -122.770269, 45.60067 ], [ -122.770292, 45.600765 ], [ -122.770331, 45.60087 ], [ -122.770373, 45.600858 ], [ -122.77047, 45.600747 ], [ -122.770557, 45.600669 ], [ -122.770653, 45.600595 ], [ -122.77076, 45.600529 ], [ -122.770873, 45.600468 ], [ -122.770994, 45.600415 ], [ -122.772401, 45.599852 ], [ -122.77304, 45.599596 ], [ -122.774381, 45.59906 ], [ -122.774927, 45.5987 ], [ -122.77716, 45.597975 ], [ -122.77846, 45.599491 ], [ -122.782539, 45.605642 ], [ -122.787956, 45.614261 ], [ -122.788341, 45.614874 ] ] ] } },
{ "type": "Feature", "properties": { "GEOID": "41051009002", "NAMELSAD": "Census Tract 90.02", "area_sqmi": 0.44194622622861368, "total_bike_miles": 2.621, "num_segments": 38, "bike_density": 5.93, "total_pop": 4618, "pop_white": 2423, "pop_black": 327, "pop_asian": 285, "pop_hispanic": 0, "pct_white": 52.5, "pct_nonwhite": 47.5, "pct_black": 7.1, "pct_asian": 6.2, "pct_hispanic": 0.0, "median_income": 65373.0 }, "geometry": { "type": "Polygon", "coordinates": [ [ [ -122.537683, 45.504093 ], [ -122.535597, 45.504094 ], [ -122.534762, 45.50408 ], [ -122.534315, 45.504078 ], [ -122.533384, 45.504075 ], [ -122.53123, 45.504067 ], [ -122.529946, 45.504058 ], [ -122.52848, 45.504051 ], [ -122.527244, 45.504053 ], [ -122.526168, 45.504054 ], [ -122.526112, 45.504054 ], [ -122.524742, 45.504064 ], [ -122.523727, 45.504071 ], [ -122.523681, 45.502738 ], [ -122.523691, 45.502064 ], [ -122.523702, 45.501326 ], [ -122.523573, 45.500602 ], [ -122.523547, 45.500445 ], [ -122.523544, 45.499257 ], [ -122.523543, 45.499063 ], [ -122.523542, 45.498701 ], [ -122.523549, 45.497856 ], [ -122.523544, 45.497385 ], [ -122.523548, 45.496178 ], [ -122.523548, 45.496048 ], [ -122.523548, 45.495893 ], [ -122.52355, 45.495414 ], [ -122.524995, 45.49541 ], [ -122.525842, 45.495409 ], [ -122.527462, 45.495398 ], [ -122.527461, 45.494164 ], [ -122.527477, 45.49385 ], [ -122.528737, 45.493863 ], [ -122.52874, 45.494467 ], [ -122.528877, 45.494806 ], [ -122.528908, 45.494788 ], [ -122.528979, 45.494776 ], [ -122.529998, 45.49477 ], [ -122.529995, 45.49448 ], [ -122.531361, 45.494473 ], [ -122.532147, 45.494469 ], [ -122.532431, 45.494467 ], [ -122.532564, 45.494467 ], [ -122.532831, 45.494465 ], [ -122.533287, 45.494463 ], [ -122.534083, 45.49446 ], [ -122.534357, 45.494458 ], [ -122.537661, 45.494443 ], [ -122.537647, 45.495501 ], [ -122.537661, 45.497076 ], [ -122.537659, 45.497514 ], [ -122.537656, 45.4989 ], [ -122.537656, 45.499109 ], [ -122.53763, 45.500043 ], [ -122.537638, 45.500458 ], [ -122.537647, 45.500875 ], [ -122.537676, 45.50231 ], [ -122.537683, 45.504093 ] ] ] } },
{ "type": "Feature", "properties": { "GEOID": "41051000102", "NAMELSAD": "Census Tract 1.02", "area_sqmi": 1.899793862699463, "total_bike_miles": 4.93, "num_segments": 32, "bike_density": 2.59, "total_pop": 3785, "pop_white": 3127, "pop_black": 0, "pop_asian": 228, "pop_hispanic": 0, "pct_white": 82.6, "pct_nonwhite": 17.4, "pct_black": 0.0, "pct_asian": 6.0, "pct_hispanic": 0.0, "median_income": 89821.0 }, "geometry": { "type": "Polygon", "coordinates": [ [ [ -122.668865, 45.486618 ], [ -122.668511, 45.489634 ], [ -122.66691, 45.493594 ], [ -122.665453, 45.497914 ], [ -122.665103, 45.501184 ], [ -122.664092, 45.501266 ], [ -122.662156, 45.501424 ], [ -122.661711, 45.501457 ], [ -122.661154, 45.501498 ], [ -122.661075, 45.501503 ], [ -122.660863, 45.500828 ], [ -122.660089, 45.497897 ], [ -122.658888, 45.493624 ], [ -122.658834, 45.493477 ], [ -122.658775, 45.493306 ], [ -122.658723, 45.493187 ], [ -122.658596, 45.492937 ], [ -122.658482, 45.492707 ], [ -122.658377, 45.492531 ], [ -122.65826, 45.492377 ], [ -122.658036, 45.49209 ], [ -122.65784, 45.49186 ], [ -122.657593, 45.491602 ], [ -122.657397, 45.491423 ], [ -122.657266, 45.491306 ], [ -122.657098, 45.491167 ], [ -122.656954, 45.491053 ], [ -122.656681, 45.490857 ], [ -122.656422, 45.49069 ], [ -122.656124, 45.490514 ], [ -122.655857, 45.490366 ], [ -122.655516, 45.490196 ], [ -122.655297, 45.490088 ], [ -122.655189, 45.490036 ], [ -122.655084, 45.489992 ], [ -122.654859, 45.49042 ], [ -122.654592, 45.490366 ], [ -122.654432, 45.490344 ], [ -122.654228, 45.490329 ], [ -122.653204, 45.490335 ], [ -122.651152, 45.490329 ], [ -122.651123, 45.490247 ], [ -122.650968, 45.489614 ], [ -122.650782, 45.488862 ], [ -122.650675, 45.488521 ], [ -122.6504, 45.487548 ], [ -122.650321, 45.487305 ], [ -122.650067, 45.486449 ], [ -122.64996, 45.486203 ], [ -122.649866, 45.485937 ], [ -122.649768, 45.4857 ], [ -122.649601, 45.485395 ], [ -122.649577, 45.485323 ], [ -122.649569, 45.485225 ], [ -122.649593, 45.483921 ], [ -122.649609, 45.483555 ], [ -122.649621, 45.483118 ], [ -122.649634, 45.482677 ], [ -122.649641, 45.482364 ], [ -122.649651, 45.481665 ], [ -122.649565, 45.480846 ], [ -122.649472, 45.48003 ], [ -122.649389, 45.47933 ], [ -122.649361, 45.479045 ], [ -122.649313, 45.478615 ], [ -122.64923, 45.477895 ], [ -122.649161, 45.477334 ], [ -122.649145, 45.477182 ], [ -122.649059, 45.476469 ], [ -122.648992, 45.475906 ], [ -122.648947, 45.475529 ], [ -122.648902, 45.475155 ], [ -122.648815, 45.474441 ], [ -122.648757, 45.473945 ], [ -122.648727, 45.473734 ], [ -122.648721, 45.473644 ], [ -122.648647, 45.473006 ], [ -122.64856, 45.472291 ], [ -122.648516, 45.471922 ], [ -122.648475, 45.471578 ], [ -122.648387, 45.47086 ], [ -122.648302, 45.470137 ], [ -122.648208, 45.469436 ], [ -122.648111, 45.468601 ], [ -122.64807, 45.468297 ], [ -122.648016, 45.467884 ], [ -122.647987, 45.467653 ], [ -122.647919, 45.467123 ], [ -122.647832, 45.466461 ], [ -122.647801, 45.466246 ], [ -122.647785, 45.466206 ], [ -122.647756, 45.466162 ], [ -122.647705, 45.466114 ], [ -122.647204, 45.465743 ], [ -122.647125, 45.465671 ], [ -122.647057, 45.465568 ], [ -122.647037, 45.465511 ], [ -122.647037, 45.465032 ], [ -122.647042, 45.464319 ], [ -122.649022, 45.46432 ], [ -122.651009, 45.464322 ], [ -122.652997, 45.464323 ], [ -122.654985, 45.464324 ], [ -122.656973, 45.464325 ], [ -122.657986, 45.464326 ], [ -122.659, 45.464326 ], [ -122.660013, 45.464321 ], [ -122.66098, 45.464327 ], [ -122.661138, 45.464327 ], [ -122.661329, 45.464326 ], [ -122.661371, 45.464327 ], [ -122.661403, 45.464327 ], [ -122.661449, 45.464327 ], [ -122.66215, 45.464331 ], [ -122.66357, 45.464339 ], [ -122.663834, 45.464341 ], [ -122.665515, 45.464337 ], [ -122.666, 45.464336 ], [ -122.666484, 45.464334 ], [ -122.666484, 45.464933 ], [ -122.666566, 45.465897 ], [ -122.666602, 45.466224 ], [ -122.666934, 45.469209 ], [ -122.667152, 45.471174 ], [ -122.667554, 45.474783 ], [ -122.667839, 45.476478 ], [ -122.668329, 45.479386 ], [ -122.669145, 45.484237 ], [ -122.668865, 45.486618 ] ] ] } },
{ "type": "Feature", "properties": { "GEOID": "41051005702", "NAMELSAD": "Census Tract 57.02", "area_sqmi": 0.29949394426513715, "total_bike_miles": 3.296, "num_segments": 40, "bike_density": 11.01, "total_pop": 4191, "pop_white": 3123, "pop_black": 389, "pop_asian": 312, "pop_hispanic": 0, "pct_white": 74.5, "pct_nonwhite": 25.5, "pct_black": 9.3, "pct_asian": 7.4, "pct_hispanic": 0.0, "median_income": 86250.0 }, "geometry": { "type": "Polygon", "coordinates": [ [ [ -122.681967, 45.507305 ], [ -122.681911, 45.507962 ], [ -122.681887, 45.508453 ], [ -122.681836, 45.508683 ], [ -122.681764, 45.50889 ], [ -122.68175, 45.508918 ], [ -122.681609, 45.509196 ], [ -122.681229, 45.509865 ], [ -122.680855, 45.510513 ], [ -122.680754, 45.510724 ], [ -122.680519, 45.511214 ], [ -122.680254, 45.511706 ], [ -122.680169, 45.511863 ], [ -122.679787, 45.512521 ], [ -122.679447, 45.513196 ], [ -122.679086, 45.513863 ], [ -122.678742, 45.514527 ], [ -122.67772, 45.514237 ], [ -122.676716, 45.513986 ], [ -122.676338, 45.513881 ], [ -122.675791, 45.513729 ], [ -122.674718, 45.513424 ], [ -122.674618, 45.513464 ], [ -122.674563, 45.513495 ], [ -122.674502, 45.51354 ], [ -122.67435, 45.513693 ], [ -122.674311, 45.513726 ], [ -122.674242, 45.513771 ], [ -122.674087, 45.513832 ], [ -122.674002, 45.513857 ], [ -122.673887, 45.513883 ], [ -122.67358, 45.513919 ], [ -122.673311, 45.513845 ], [ -122.673231, 45.513823 ], [ -122.670581, 45.513114 ], [ -122.670417, 45.51307 ], [ -122.670222, 45.512406 ], [ -122.668563, 45.508276 ], [ -122.668748, 45.50816 ], [ -122.669227, 45.507857 ], [ -122.670959, 45.506849 ], [ -122.671053, 45.506805 ], [ -122.671373, 45.506656 ], [ -122.671465, 45.506614 ], [ -122.6722, 45.506304 ], [ -122.672524, 45.506191 ], [ -122.672958, 45.505927 ], [ -122.673174, 45.50581 ], [ -122.673347, 45.50568 ], [ -122.673601, 45.505424 ], [ -122.673954, 45.5054 ], [ -122.675036, 45.505441 ], [ -122.675156, 45.505443 ], [ -122.675216, 45.505445 ], [ -122.675541, 45.505458 ], [ -122.675732, 45.505466 ], [ -122.677313, 45.505551 ], [ -122.677397, 45.505549 ], [ -122.677562, 45.505565 ], [ -122.677637, 45.50557 ], [ -122.678697, 45.505609 ], [ -122.679294, 45.505663 ], [ -122.679838, 45.505747 ], [ -122.680937, 45.50602 ], [ -122.681209, 45.506115 ], [ -122.681987, 45.506422 ], [ -122.681967, 45.507305 ] ] ] } },
{ "type": "Feature", "properties": { "GEOID": "41051002101", "NAMELSAD": "Census Tract 21.01", "area_sqmi": 0.38268819646496943, "total_bike_miles": 4.457, "num_segments": 90, "bike_density": 11.65, "total_pop": 1899, "pop_white": 1270, "pop_black": 226, "pop_asian": 110, "pop_hispanic": 0, "pct_white": 66.9, "pct_nonwhite": 33.1, "pct_black": 11.9, "pct_asian": 5.8, "pct_hispanic": 0.0, "median_income": 72750.0 }, "geometry": { "type": "Polygon", "coordinates": [ [ [ -122.669003, 45.527626 ], [ -122.66865, 45.52778 ], [ -122.668298, 45.527935 ], [ -122.668077, 45.528036 ], [ -122.668056, 45.528045 ], [ -122.667912, 45.528111 ], [ -122.667593, 45.528256 ], [ -122.667466, 45.528314 ], [ -122.666999, 45.528518 ], [ -122.666954, 45.528537 ], [ -122.66693, 45.528547 ], [ -122.666836, 45.528582 ], [ -122.666781, 45.528592 ], [ -122.666641, 45.528618 ], [ -122.666363, 45.528633 ], [ -122.665779, 45.528652 ], [ -122.665562, 45.528651 ], [ -122.665348, 45.528651 ], [ -122.66534, 45.527286 ], [ -122.665346, 45.527178 ], [ -122.665347, 45.527158 ], [ -122.665233, 45.527066 ], [ -122.664855, 45.526784 ], [ -122.664288, 45.526369 ], [ -122.663934, 45.526174 ], [ -122.663892, 45.526153 ], [ -122.663785, 45.526101 ], [ -122.663644, 45.526044 ], [ -122.663471, 45.525983 ], [ -122.663299, 45.525927 ], [ -122.663013, 45.525848 ], [ -122.662768, 45.525791 ], [ -122.662539, 45.52574 ], [ -122.662347, 45.525707 ], [ -122.662123, 45.525672 ], [ -122.661952, 45.525654 ], [ -122.661874, 45.525648 ], [ -122.661697, 45.525641 ], [ -122.661285, 45.525696 ], [ -122.661052, 45.525753 ], [ -122.660819, 45.525826 ], [ -122.66067, 45.525885 ], [ -122.660672, 45.525672 ], [ -122.660423, 45.52577 ], [ -122.66008, 45.525936 ], [ -122.658055, 45.526915 ], [ -122.657962, 45.52696 ], [ -122.657294, 45.527275 ], [ -122.656558, 45.527603 ], [ -122.656221, 45.527733 ], [ -122.65562, 45.527945 ], [ -122.655144, 45.528092 ], [ -122.65356, 45.528521 ], [ -122.653558, 45.528396 ], [ -122.65356, 45.528179 ], [ -122.653557, 45.527943 ], [ -122.653581, 45.526554 ], [ -122.653587, 45.52576 ], [ -122.65359, 45.525049 ], [ -122.653596, 45.524334 ], [ -122.653601, 45.523621 ], [ -122.653606, 45.522908 ], [ -122.653603, 45.522739 ], [ -122.653611, 45.522196 ], [ -122.653616, 45.521482 ], [ -122.65362, 45.520769 ], [ -122.653625, 45.520056 ], [ -122.65363, 45.519343 ], [ -122.654644, 45.519346 ], [ -122.655659, 45.51935 ], [ -122.656673, 45.519353 ], [ -122.657611, 45.519356 ], [ -122.657741, 45.519356 ], [ -122.658682, 45.51936 ], [ -122.659716, 45.519363 ], [ -122.66073, 45.519366 ], [ -122.661784, 45.51937 ], [ -122.662675, 45.519373 ], [ -122.662759, 45.519373 ], [ -122.663735, 45.519376 ], [ -122.663773, 45.519376 ], [ -122.6646, 45.519379 ], [ -122.664788, 45.51938 ], [ -122.664816, 45.51938 ], [ -122.665298, 45.519382 ], [ -122.66544, 45.519332 ], [ -122.665505, 45.519294 ], [ -122.665569, 45.519225 ], [ -122.66562, 45.519103 ], [ -122.665777, 45.518672 ], [ -122.665832, 45.518359 ], [ -122.665457, 45.517948 ], [ -122.665333, 45.517806 ], [ -122.665281, 45.517733 ], [ -122.665249, 45.517648 ], [ -122.665237, 45.517569 ], [ -122.665236, 45.51748 ], [ -122.665251, 45.517375 ], [ -122.665291, 45.517277 ], [ -122.665817, 45.51728 ], [ -122.666209, 45.517267 ], [ -122.666381, 45.517261 ], [ -122.666511, 45.517259 ], [ -122.666657, 45.517273 ], [ -122.666818, 45.517276 ], [ -122.666974, 45.517296 ], [ -122.667164, 45.517313 ], [ -122.667373, 45.517348 ], [ -122.667556, 45.517378 ], [ -122.668333, 45.517507 ], [ -122.668653, 45.517592 ], [ -122.667093, 45.523028 ], [ -122.667785, 45.526766 ], [ -122.668883, 45.527541 ], [ -122.669003, 45.527626 ] ] ] } },
{ "type": "Feature", "properties": { "GEOID": "41051005701", "NAMELSAD": "Census Tract 57.01", "area_sqmi": 0.29277969632964895, "total_bike_miles": 1.463, "num_segments": 27, "bike_density": 5.0, "total_pop": 479, "pop_white": 343, "pop_black": 28, "pop_asian": 69, "pop_hispanic": 0, "pct_white": 71.6, "pct_nonwhite": 28.4, "pct_black": 5.8, "pct_asian": 14.4, "pct_hispanic": 0.0, "median_income": 98304.0 }, "geometry": { "type": "Polygon", "coordinates": [ [ [ -122.682026, 45.50353 ], [ -122.682023, 45.504043 ], [ -122.682017, 45.505125 ], [ -122.682014, 45.505867 ], [ -122.682001, 45.506186 ], [ -122.681987, 45.506422 ], [ -122.681209, 45.506115 ], [ -122.680937, 45.50602 ], [ -122.679838, 45.505747 ], [ -122.679294, 45.505663 ], [ -122.678697, 45.505609 ], [ -122.677637, 45.50557 ], [ -122.677562, 45.505565 ], [ -122.677397, 45.505549 ], [ -122.677313, 45.505551 ], [ -122.675732, 45.505466 ], [ -122.675541, 45.505458 ], [ -122.675216, 45.505445 ], [ -122.675156, 45.505443 ], [ -122.675036, 45.505441 ], [ -122.673954, 45.5054 ], [ -122.673601, 45.505424 ], [ -122.673347, 45.50568 ], [ -122.673174, 45.50581 ], [ -122.672958, 45.505927 ], [ -122.672524, 45.506191 ], [ -122.6722, 45.506304 ], [ -122.671465, 45.506614 ], [ -122.671373, 45.506656 ], [ -122.671053, 45.506805 ], [ -122.670959, 45.506849 ], [ -122.669227, 45.507857 ], [ -122.668748, 45.50816 ], [ -122.668563, 45.508276 ], [ -122.668524, 45.508217 ], [ -122.667512, 45.50667 ], [ -122.666553, 45.505203 ], [ -122.665115, 45.50293 ], [ -122.665111, 45.502397 ], [ -122.665103, 45.501184 ], [ -122.665417, 45.501158 ], [ -122.667543, 45.500984 ], [ -122.66831, 45.500922 ], [ -122.671389, 45.50069 ], [ -122.671484, 45.500683 ], [ -122.671642, 45.500671 ], [ -122.672506, 45.500606 ], [ -122.672787, 45.500581 ], [ -122.672973, 45.500565 ], [ -122.673274, 45.500545 ], [ -122.673482, 45.500526 ], [ -122.673764, 45.500506 ], [ -122.674017, 45.500484 ], [ -122.674228, 45.500482 ], [ -122.67433, 45.500478 ], [ -122.675244, 45.500389 ], [ -122.675825, 45.5005 ], [ -122.676058, 45.500552 ], [ -122.676571, 45.500692 ], [ -122.67748, 45.500908 ], [ -122.677576, 45.500918 ], [ -122.677666, 45.500915 ], [ -122.677812, 45.500874 ], [ -122.678069, 45.500859 ], [ -122.678296, 45.500841 ], [ -122.678699, 45.500845 ], [ -122.67983, 45.500851 ], [ -122.680917, 45.50086 ], [ -122.68133, 45.501567 ], [ -122.681727, 45.502286 ], [ -122.681926, 45.502682 ], [ -122.682006, 45.502867 ], [ -122.682029, 45.503012 ], [ -122.682026, 45.50353 ] ] ] } },
{ "type": "Feature", "properties": { "GEOID": "41051001703", "NAMELSAD": "Census Tract 17.03", "area_sqmi": 0.46363711741009828, "total_bike_miles": 1.229, "num_segments": 31, "bike_density": 2.65, "total_pop": 3702, "pop_white": 2459, "pop_black": 57, "pop_asian": 263, "pop_hispanic": 0, "pct_white": 66.4, "pct_nonwhite": 33.6, "pct_black": 1.5, "pct_asian": 7.1, "pct_hispanic": 0.0, "median_income": 80607.0 }, "geometry": { "type": "Polygon", "coordinates": [ [ [ -122.598672, 45.527184 ], [ -122.598145, 45.52718 ], [ -122.597618, 45.527176 ], [ -122.597596, 45.528287 ], [ -122.596482, 45.528266 ], [ -122.596473, 45.528716 ], [ -122.596466, 45.529155 ], [ -122.596461, 45.529343 ], [ -122.596445, 45.529867 ], [ -122.596431, 45.530467 ], [ -122.596314, 45.530466 ], [ -122.595417, 45.530413 ], [ -122.594402, 45.530401 ], [ -122.594397, 45.530495 ], [ -122.594379, 45.530533 ], [ -122.594335, 45.530575 ], [ -122.594271, 45.530615 ], [ -122.593929, 45.53086 ], [ -122.593799, 45.530973 ], [ -122.593671, 45.531101 ], [ -122.593567, 45.53122 ], [ -122.59345, 45.531375 ], [ -122.593271, 45.531654 ], [ -122.593026, 45.532291 ], [ -122.592827, 45.532817 ], [ -122.592389, 45.533352 ], [ -122.592401, 45.533388 ], [ -122.592409, 45.533534 ], [ -122.592383, 45.533622 ], [ -122.592579, 45.533631 ], [ -122.592771, 45.533636 ], [ -122.593116, 45.533633 ], [ -122.593493, 45.533643 ], [ -122.593532, 45.533644 ], [ -122.593012, 45.533914 ], [ -122.590887, 45.535017 ], [ -122.590284, 45.535256 ], [ -122.589686, 45.535444 ], [ -122.589198, 45.535566 ], [ -122.588706, 45.535676 ], [ -122.588292, 45.535755 ], [ -122.587902, 45.535809 ], [ -122.587595, 45.535834 ], [ -122.587168, 45.535855 ], [ -122.586847, 45.535846 ], [ -122.586395, 45.535868 ], [ -122.585536, 45.535828 ], [ -122.584928, 45.535737 ], [ -122.584277, 45.535601 ], [ -122.583463, 45.535388 ], [ -122.582772, 45.535133 ], [ -122.581904, 45.534777 ], [ -122.580148, 45.534119 ], [ -122.579963, 45.534072 ], [ -122.579534, 45.533911 ], [ -122.579038, 45.533747 ], [ -122.579039, 45.533725 ], [ -122.579022, 45.533481 ], [ -122.579019, 45.533342 ], [ -122.57902, 45.532836 ], [ -122.579027, 45.532477 ], [ -122.579024, 45.532407 ], [ -122.579019, 45.531703 ], [ -122.57903, 45.531601 ], [ -122.579042, 45.530945 ], [ -122.579034, 45.530184 ], [ -122.579037, 45.529474 ], [ -122.579031, 45.528385 ], [ -122.579038, 45.526423 ], [ -122.580138, 45.526425 ], [ -122.581457, 45.526431 ], [ -122.582423, 45.526434 ], [ -122.583515, 45.526437 ], [ -122.584698, 45.52644 ], [ -122.585826, 45.526444 ], [ -122.586804, 45.526448 ], [ -122.587838, 45.526452 ], [ -122.588842, 45.526455 ], [ -122.589848, 45.526458 ], [ -122.59142, 45.526463 ], [ -122.592445, 45.526466 ], [ -122.59346, 45.526469 ], [ -122.594475, 45.526472 ], [ -122.595078, 45.526473 ], [ -122.595684, 45.526474 ], [ -122.596386, 45.526477 ], [ -122.597089, 45.526475 ], [ -122.59862, 45.526476 ], [ -122.598682, 45.526595 ], [ -122.598672, 45.527184 ] ] ] } },
{ "type": "Feature", "properties": { "GEOID": "41051000202", "NAMELSAD": "Census Tract 2.02", "area_sqmi": 0.45343827043347301, "total_bike_miles": 2.213, "num_segments": 37, "bike_density": 4.88, "total_pop": 3559, "pop_white": 2760, "pop_black": 94, "pop_asian": 68, "pop_hispanic": 0, "pct_white": 77.5, "pct_nonwhite": 22.5, "pct_black": 2.6, "pct_asian": 1.9, "pct_hispanic": 0.0, "median_income": 73806.0 }, "geometry": { "type": "Polygon", "coordinates": [ [ [ -122.651152, 45.490329 ], [ -122.650381, 45.490329 ], [ -122.649367, 45.490327 ], [ -122.648345, 45.490325 ], [ -122.64734, 45.490324 ], [ -122.646223, 45.490323 ], [ -122.644714, 45.490322 ], [ -122.644378, 45.49032 ], [ -122.643617, 45.490316 ], [ -122.643554, 45.490316 ], [ -122.643518, 45.490316 ], [ -122.643367, 45.489674 ], [ -122.642062, 45.48518 ], [ -122.641867, 45.484302 ], [ -122.641805, 45.484026 ], [ -122.641442, 45.482526 ], [ -122.641357, 45.482146 ], [ -122.641273, 45.481769 ], [ -122.641253, 45.481678 ], [ -122.641089, 45.480946 ], [ -122.640763, 45.479711 ], [ -122.640485, 45.478517 ], [ -122.640202, 45.477267 ], [ -122.640013, 45.476428 ], [ -122.639509, 45.474283 ], [ -122.639725, 45.474269 ], [ -122.639799, 45.474265 ], [ -122.640403, 45.474228 ], [ -122.641514, 45.474168 ], [ -122.641723, 45.474151 ], [ -122.641809, 45.474143 ], [ -122.64195, 45.474135 ], [ -122.642814, 45.474084 ], [ -122.643783, 45.474015 ], [ -122.644754, 45.473958 ], [ -122.645743, 45.4739 ], [ -122.646735, 45.473842 ], [ -122.647723, 45.473784 ], [ -122.648539, 45.473736 ], [ -122.648727, 45.473734 ], [ -122.648757, 45.473945 ], [ -122.648815, 45.474441 ], [ -122.648902, 45.475155 ], [ -122.648947, 45.475529 ], [ -122.648992, 45.475906 ], [ -122.649059, 45.476469 ], [ -122.649145, 45.477182 ], [ -122.649161, 45.477334 ], [ -122.64923, 45.477895 ], [ -122.649313, 45.478615 ], [ -122.649361, 45.479045 ], [ -122.649389, 45.47933 ], [ -122.649472, 45.48003 ], [ -122.649565, 45.480846 ], [ -122.649651, 45.481665 ], [ -122.649641, 45.482364 ], [ -122.649634, 45.482677 ], [ -122.649621, 45.483118 ], [ -122.649609, 45.483555 ], [ -122.649593, 45.483921 ], [ -122.649569, 45.485225 ], [ -122.649577, 45.485323 ], [ -122.649601, 45.485395 ], [ -122.649768, 45.4857 ], [ -122.649866, 45.485937 ], [ -122.64996, 45.486203 ], [ -122.650067, 45.486449 ], [ -122.650321, 45.487305 ], [ -122.6504, 45.487548 ], [ -122.650675, 45.488521 ], [ -122.650782, 45.488862 ], [ -122.650968, 45.489614 ], [ -122.651123, 45.490247 ], [ -122.651152, 45.490329 ] ] ] } },
{ "type": "Feature", "properties": { "GEOID": "41051004103", "NAMELSAD": "Census Tract 41.03", "area_sqmi": 1.2362736606163183, "total_bike_miles": 3.316, "num_segments": 76, "bike_density": 2.68, "total_pop": 4388, "pop_white": 1970, "pop_black": 482, "pop_asian": 389, "pop_hispanic": 0, "pct_white": 44.9, "pct_nonwhite": 55.1, "pct_black": 11.0, "pct_asian": 8.9, "pct_hispanic": 0.0, "median_income": 97229.0 }, "geometry": { "type": "Polygon", "coordinates": [ [ [ -122.763269, 45.61524 ], [ -122.76305, 45.61529 ], [ -122.762842, 45.615337 ], [ -122.762693, 45.615156 ], [ -122.7623, 45.614935 ], [ -122.761408, 45.614452 ], [ -122.759988, 45.613708 ], [ -122.759494, 45.613455 ], [ -122.758616, 45.612963 ], [ -122.758016, 45.612519 ], [ -122.756133, 45.611382 ], [ -122.754954, 45.610796 ], [ -122.754471, 45.610611 ], [ -122.754206, 45.610509 ], [ -122.753626, 45.610304 ], [ -122.752339, 45.60977 ], [ -122.751528, 45.609562 ], [ -122.750566, 45.609449 ], [ -122.749559, 45.609291 ], [ -122.748722, 45.608991 ], [ -122.747907, 45.60842 ], [ -122.74741, 45.608082 ], [ -122.746928, 45.607852 ], [ -122.746279, 45.607583 ], [ -122.745801, 45.607921 ], [ -122.745628, 45.607812 ], [ -122.745027, 45.607639 ], [ -122.744415, 45.607457 ], [ -122.743637, 45.607264 ], [ -122.74186, 45.607129 ], [ -122.740916, 45.60703 ], [ -122.7403, 45.606834 ], [ -122.739821, 45.606575 ], [ -122.739337, 45.606207 ], [ -122.738831, 45.605692 ], [ -122.738092, 45.605012 ], [ -122.737144, 45.604335 ], [ -122.736455, 45.604031 ], [ -122.735298, 45.603773 ], [ -122.734354, 45.603621 ], [ -122.732437, 45.603463 ], [ -122.7312, 45.603365 ], [ -122.730415, 45.603283 ], [ -122.729747, 45.603088 ], [ -122.729392, 45.602888 ], [ -122.728342, 45.602256 ], [ -122.727809, 45.601962 ], [ -122.727154, 45.601645 ], [ -122.726538, 45.60145 ], [ -122.725785, 45.601293 ], [ -122.724705, 45.601205 ], [ -122.723506, 45.601191 ], [ -122.722582, 45.601124 ], [ -122.721519, 45.601022 ], [ -122.720571, 45.600772 ], [ -122.719798, 45.600556 ], [ -122.719555, 45.600474 ], [ -122.719426, 45.60043 ], [ -122.719288, 45.600383 ], [ -122.719016, 45.600215 ], [ -122.719031, 45.600198 ], [ -122.719197, 45.600059 ], [ -122.719606, 45.599722 ], [ -122.719674, 45.599653 ], [ -122.7197, 45.599644 ], [ -122.723735, 45.596304 ], [ -122.724111, 45.595993 ], [ -122.724738, 45.595469 ], [ -122.725847, 45.594561 ], [ -122.725923, 45.594492 ], [ -122.727057, 45.59358 ], [ -122.727524, 45.593185 ], [ -122.72807, 45.59277 ], [ -122.728371, 45.59251 ], [ -122.729065, 45.591913 ], [ -122.729471, 45.592006 ], [ -122.730363, 45.59223 ], [ -122.730779, 45.592338 ], [ -122.732675, 45.592823 ], [ -122.735418, 45.593523 ], [ -122.736385, 45.593752 ], [ -122.737346, 45.593979 ], [ -122.738309, 45.594208 ], [ -122.739272, 45.594434 ], [ -122.740235, 45.594659 ], [ -122.741197, 45.594887 ], [ -122.742169, 45.595117 ], [ -122.743091, 45.595342 ], [ -122.744088, 45.595585 ], [ -122.745041, 45.59581 ], [ -122.745522, 45.595924 ], [ -122.746002, 45.596037 ], [ -122.746676, 45.594713 ], [ -122.747358, 45.593372 ], [ -122.748321, 45.593598 ], [ -122.749174, 45.593797 ], [ -122.749288, 45.593828 ], [ -122.750279, 45.594091 ], [ -122.750817, 45.594234 ], [ -122.751249, 45.594348 ], [ -122.751541, 45.594427 ], [ -122.751733, 45.594477 ], [ -122.752212, 45.594604 ], [ -122.752701, 45.594738 ], [ -122.753394, 45.594916 ], [ -122.753525, 45.594924 ], [ -122.754584, 45.596012 ], [ -122.755679, 45.597141 ], [ -122.753733, 45.598088 ], [ -122.751792, 45.599032 ], [ -122.751359, 45.598586 ], [ -122.750555, 45.598972 ], [ -122.749779, 45.599343 ], [ -122.749242, 45.599601 ], [ -122.748984, 45.599542 ], [ -122.748566, 45.600432 ], [ -122.748415, 45.600741 ], [ -122.748304, 45.601007 ], [ -122.748116, 45.601391 ], [ -122.747961, 45.601628 ], [ -122.747756, 45.601853 ], [ -122.747196, 45.60267 ], [ -122.748824, 45.603386 ], [ -122.750067, 45.603916 ], [ -122.752032, 45.604806 ], [ -122.753982, 45.605695 ], [ -122.754459, 45.605918 ], [ -122.754581, 45.60598 ], [ -122.754689, 45.606033 ], [ -122.754888, 45.606129 ], [ -122.755898, 45.606596 ], [ -122.756121, 45.6067 ], [ -122.75734, 45.60723 ], [ -122.757703, 45.607426 ], [ -122.75796, 45.607584 ], [ -122.758207, 45.60775 ], [ -122.758439, 45.607924 ], [ -122.758728, 45.608168 ], [ -122.758966, 45.608399 ], [ -122.759096, 45.60854 ], [ -122.759256, 45.608731 ], [ -122.759272, 45.608749 ], [ -122.761357, 45.611026 ], [ -122.761496, 45.611164 ], [ -122.761628, 45.611282 ], [ -122.761788, 45.611397 ], [ -122.761974, 45.61152 ], [ -122.762223, 45.611713 ], [ -122.762439, 45.611914 ], [ -122.762624, 45.612139 ], [ -122.762712, 45.612275 ], [ -122.762783, 45.612383 ], [ -122.762866, 45.612585 ], [ -122.762927, 45.613033 ], [ -122.762971, 45.61353 ], [ -122.762988, 45.613945 ], [ -122.763039, 45.614459 ], [ -122.763136, 45.614916 ], [ -122.763152, 45.614957 ], [ -122.763251, 45.61521 ], [ -122.763269, 45.61524 ] ] ] } },
{ "type": "Feature", "properties": { "GEOID": "41051009704", "NAMELSAD": "Census Tract 97.04", "area_sqmi": 0.43860301698443155, "total_bike_miles": 0.082, "num_segments": 1, "bike_density": 0.19, "total_pop": 4213, "pop_white": 3177, "pop_black": 17, "pop_asian": 178, "pop_hispanic": 0, "pct_white": 75.4, "pct_nonwhite": 24.6, "pct_black": 0.4, "pct_asian": 4.2, "pct_hispanic": 0.0, "median_income": 54690.0 }, "geometry": { "type": "Polygon", "coordinates": [ [ [ -122.484746, 45.514906 ], [ -122.484724, 45.515116 ], [ -122.484677, 45.515346 ], [ -122.484614, 45.515522 ], [ -122.484607, 45.51554 ], [ -122.484561, 45.515715 ], [ -122.484537, 45.515915 ], [ -122.484537, 45.51601 ], [ -122.484545, 45.516104 ], [ -122.484584, 45.517658 ], [ -122.484581, 45.517952 ], [ -122.484579, 45.518115 ], [ -122.484578, 45.518186 ], [ -122.484577, 45.518277 ], [ -122.484576, 45.518357 ], [ -122.484576, 45.518412 ], [ -122.484576, 45.518449 ], [ -122.484575, 45.518492 ], [ -122.484574, 45.518559 ], [ -122.484573, 45.518694 ], [ -122.484574, 45.519146 ], [ -122.483515, 45.519162 ], [ -122.482748, 45.519173 ], [ -122.481645, 45.51916 ], [ -122.480467, 45.519153 ], [ -122.479232, 45.519153 ], [ -122.477132, 45.519158 ], [ -122.475776, 45.519152 ], [ -122.475755, 45.515882 ], [ -122.47569, 45.51573 ], [ -122.475908, 45.515501 ], [ -122.475826, 45.515401 ], [ -122.475788, 45.515317 ], [ -122.47575, 45.515215 ], [ -122.475723, 45.513647 ], [ -122.475714, 45.513032 ], [ -122.475703, 45.512302 ], [ -122.475702, 45.511701 ], [ -122.475702, 45.511577 ], [ -122.475705, 45.5105 ], [ -122.475678, 45.50959 ], [ -122.475672, 45.509122 ], [ -122.475632, 45.50787 ], [ -122.4756, 45.505176 ], [ -122.475593, 45.504564 ], [ -122.476599, 45.504569 ], [ -122.478126, 45.504576 ], [ -122.479052, 45.504581 ], [ -122.480307, 45.504584 ], [ -122.480824, 45.504585 ], [ -122.481342, 45.504588 ], [ -122.482091, 45.504581 ], [ -122.482721, 45.504586 ], [ -122.482954, 45.504585 ], [ -122.483119, 45.504585 ], [ -122.483383, 45.504584 ], [ -122.483408, 45.504584 ], [ -122.483689, 45.504584 ], [ -122.484663, 45.504581 ], [ -122.48468, 45.505563 ], [ -122.484682, 45.505638 ], [ -122.484691, 45.50612 ], [ -122.484693, 45.506235 ], [ -122.484704, 45.506873 ], [ -122.484705, 45.506914 ], [ -122.484705, 45.507307 ], [ -122.484704, 45.507723 ], [ -122.484702, 45.508255 ], [ -122.484702, 45.508499 ], [ -122.484702, 45.50881 ], [ -122.484701, 45.50903 ], [ -122.484705, 45.509331 ], [ -122.484707, 45.509573 ], [ -122.484708, 45.509655 ], [ -122.484712, 45.509913 ], [ -122.484716, 45.510291 ], [ -122.484721, 45.510734 ], [ -122.484717, 45.510962 ], [ -122.484718, 45.511274 ], [ -122.484722, 45.513659 ], [ -122.484736, 45.514543 ], [ -122.484749, 45.514795 ], [ -122.484746, 45.514906 ] ] ] } },
{ "type": "Feature", "properties": { "GEOID": "41051000101", "NAMELSAD": "Census Tract 1.01", "area_sqmi": 0.3539890717186096, "total_bike_miles": 1.575, "num_segments": 20, "bike_density": 4.45, "total_pop": 3288, "pop_white": 2919, "pop_black": 53, "pop_asian": 73, "pop_hispanic": 0, "pct_white": 88.8, "pct_nonwhite": 11.2, "pct_black": 1.6, "pct_asian": 2.2, "pct_hispanic": 0.0, "median_income": 95511.0 }, "geometry": { "type": "Polygon", "coordinates": [ [ [ -122.666484, 45.464334 ], [ -122.666, 45.464336 ], [ -122.665515, 45.464337 ], [ -122.663834, 45.464341 ], [ -122.66357, 45.464339 ], [ -122.66215, 45.464331 ], [ -122.661449, 45.464327 ], [ -122.661403, 45.464327 ], [ -122.661371, 45.464327 ], [ -122.661329, 45.464326 ], [ -122.661138, 45.464327 ], [ -122.66098, 45.464327 ], [ -122.660013, 45.464321 ], [ -122.659, 45.464326 ], [ -122.657986, 45.464326 ], [ -122.656973, 45.464325 ], [ -122.654985, 45.464324 ], [ -122.652997, 45.464323 ], [ -122.651009, 45.464322 ], [ -122.649022, 45.46432 ], [ -122.647042, 45.464319 ], [ -122.647039, 45.463606 ], [ -122.64704, 45.462893 ], [ -122.647041, 45.46218 ], [ -122.647042, 45.461467 ], [ -122.647043, 45.460754 ], [ -122.647044, 45.46004 ], [ -122.647045, 45.459327 ], [ -122.647039, 45.458875 ], [ -122.647038, 45.4588 ], [ -122.647002, 45.458739 ], [ -122.646958, 45.458669 ], [ -122.647227, 45.458685 ], [ -122.647293, 45.45868 ], [ -122.64761, 45.45866 ], [ -122.647783, 45.458649 ], [ -122.647847, 45.458644 ], [ -122.648037, 45.458632 ], [ -122.648613, 45.458596 ], [ -122.649022, 45.458569 ], [ -122.649609, 45.458531 ], [ -122.650038, 45.458503 ], [ -122.650806, 45.458453 ], [ -122.651237, 45.458426 ], [ -122.651577, 45.458404 ], [ -122.651622, 45.458401 ], [ -122.652582, 45.458339 ], [ -122.652921, 45.458318 ], [ -122.652988, 45.458314 ], [ -122.653118, 45.458305 ], [ -122.653196, 45.4583 ], [ -122.653253, 45.458296 ], [ -122.65332, 45.458292 ], [ -122.653856, 45.458254 ], [ -122.654844, 45.458199 ], [ -122.654988, 45.458191 ], [ -122.655075, 45.458185 ], [ -122.655586, 45.458152 ], [ -122.655988, 45.458125 ], [ -122.656972, 45.458066 ], [ -122.658139, 45.457993 ], [ -122.659358, 45.457917 ], [ -122.660979, 45.457819 ], [ -122.661844, 45.458553 ], [ -122.662211, 45.45891 ], [ -122.663859, 45.460514 ], [ -122.664646, 45.46128 ], [ -122.664764, 45.461396 ], [ -122.664883, 45.461511 ], [ -122.665304, 45.461978 ], [ -122.665841, 45.46305 ], [ -122.666116, 45.463599 ], [ -122.666484, 45.464334 ] ] ] } },
{ "type": "Feature", "properties": { "GEOID": "41051009703", "NAMELSAD": "Census Tract 97.03", "area_sqmi": 0.57963702690428576, "total_bike_miles": 1.153, "num_segments": 22, "bike_density": 1.99, "total_pop": 4824, "pop_white": 2731, "pop_black": 348, "pop_asian": 1025, "pop_hispanic": 0, "pct_white": 56.6, "pct_nonwhite": 43.4, "pct_black": 7.2, "pct_asian": 21.2, "pct_hispanic": 0.0, "median_income": 67811.0 }, "geometry": { "type": "Polygon", "coordinates": [ [ [ -122.49664, 45.506079 ], [ -122.496598, 45.506863 ], [ -122.496601, 45.507002 ], [ -122.496587, 45.50731 ], [ -122.496562, 45.507946 ], [ -122.496558, 45.508047 ], [ -122.496562, 45.508254 ], [ -122.496564, 45.508418 ], [ -122.496568, 45.508906 ], [ -122.49657, 45.509096 ], [ -122.496549, 45.51019 ], [ -122.496546, 45.51047 ], [ -122.496546, 45.511072 ], [ -122.496546, 45.511652 ], [ -122.496556, 45.512297 ], [ -122.496549, 45.512662 ], [ -122.496543, 45.513001 ], [ -122.496532, 45.513662 ], [ -122.496506, 45.51507 ], [ -122.496508, 45.515365 ], [ -122.49651, 45.515646 ], [ -122.496512, 45.515982 ], [ -122.496499, 45.517329 ], [ -122.496486, 45.517784 ], [ -122.496465, 45.518518 ], [ -122.496447, 45.519156 ], [ -122.493896, 45.519142 ], [ -122.493259, 45.519144 ], [ -122.49266, 45.519144 ], [ -122.491912, 45.519145 ], [ -122.49116, 45.519145 ], [ -122.490148, 45.519141 ], [ -122.488916, 45.519138 ], [ -122.488098, 45.519141 ], [ -122.487789, 45.519142 ], [ -122.486155, 45.519149 ], [ -122.485623, 45.519148 ], [ -122.485225, 45.519147 ], [ -122.484574, 45.519146 ], [ -122.484573, 45.518694 ], [ -122.484574, 45.518559 ], [ -122.484575, 45.518492 ], [ -122.484576, 45.518449 ], [ -122.484576, 45.518412 ], [ -122.484576, 45.518357 ], [ -122.484577, 45.518277 ], [ -122.484578, 45.518186 ], [ -122.484579, 45.518115 ], [ -122.484581, 45.517952 ], [ -122.484584, 45.517658 ], [ -122.484545, 45.516104 ], [ -122.484537, 45.51601 ], [ -122.484537, 45.515915 ], [ -122.484561, 45.515715 ], [ -122.484607, 45.51554 ], [ -122.484614, 45.515522 ], [ -122.484677, 45.515346 ], [ -122.484724, 45.515116 ], [ -122.484746, 45.514906 ], [ -122.484749, 45.514795 ], [ -122.484736, 45.514543 ], [ -122.484722, 45.513659 ], [ -122.484718, 45.511274 ], [ -122.484717, 45.510962 ], [ -122.484721, 45.510734 ], [ -122.484716, 45.510291 ], [ -122.484712, 45.509913 ], [ -122.484708, 45.509655 ], [ -122.484707, 45.509573 ], [ -122.484705, 45.509331 ], [ -122.484701, 45.50903 ], [ -122.484702, 45.50881 ], [ -122.484702, 45.508499 ], [ -122.484702, 45.508255 ], [ -122.484704, 45.507723 ], [ -122.484705, 45.507307 ], [ -122.484705, 45.506914 ], [ -122.484704, 45.506873 ], [ -122.484693, 45.506235 ], [ -122.484691, 45.50612 ], [ -122.484682, 45.505638 ], [ -122.48468, 45.505563 ], [ -122.484663, 45.504581 ], [ -122.48651, 45.504588 ], [ -122.487338, 45.504592 ], [ -122.487929, 45.504589 ], [ -122.488743, 45.504584 ], [ -122.489016, 45.504583 ], [ -122.489594, 45.504581 ], [ -122.489798, 45.504584 ], [ -122.490262, 45.504589 ], [ -122.490495, 45.504588 ], [ -122.490605, 45.504587 ], [ -122.491075, 45.504585 ], [ -122.491534, 45.504583 ], [ -122.4934, 45.504586 ], [ -122.493678, 45.504578 ], [ -122.494966, 45.504574 ], [ -122.49639, 45.504581 ], [ -122.496624, 45.504572 ], [ -122.496632, 45.505298 ], [ -122.49664, 45.506079 ] ] ] } },
{ "type": "Feature", "properties": { "GEOID": "41051004003", "NAMELSAD": "Census Tract 40.03", "area_sqmi": 0.71172993781494853, "total_bike_miles": 4.452, "num_segments": 79, "bike_density": 6.26, "total_pop": 7827, "pop_white": 3617, "pop_black": 1798, "pop_asian": 551, "pop_hispanic": 0, "pct_white": 46.2, "pct_nonwhite": 53.8, "pct_black": 23.0, "pct_asian": 7.0, "pct_hispanic": 0.0, "median_income": 69107.0 }, "geometry": { "type": "Polygon", "coordinates": [ [ [ -122.735885, 45.586343 ], [ -122.735739, 45.586462 ], [ -122.734885, 45.58716 ], [ -122.729101, 45.591884 ], [ -122.729065, 45.591913 ], [ -122.728371, 45.59251 ], [ -122.72807, 45.59277 ], [ -122.727524, 45.593185 ], [ -122.727057, 45.59358 ], [ -122.725923, 45.594492 ], [ -122.725847, 45.594561 ], [ -122.724738, 45.595469 ], [ -122.724111, 45.595993 ], [ -122.724067, 45.595981 ], [ -122.723975, 45.595957 ], [ -122.718731, 45.594642 ], [ -122.718749, 45.594547 ], [ -122.718735, 45.594483 ], [ -122.718688, 45.594349 ], [ -122.718685, 45.594093 ], [ -122.718088, 45.594071 ], [ -122.7177, 45.594035 ], [ -122.717342, 45.593975 ], [ -122.716676, 45.593841 ], [ -122.716744, 45.593645 ], [ -122.716799, 45.593506 ], [ -122.716824, 45.593373 ], [ -122.716825, 45.59319 ], [ -122.716798, 45.593027 ], [ -122.716738, 45.592866 ], [ -122.716653, 45.592698 ], [ -122.716588, 45.592575 ], [ -122.716538, 45.592575 ], [ -122.716485, 45.592583 ], [ -122.716424, 45.592592 ], [ -122.71637, 45.592599 ], [ -122.716311, 45.592607 ], [ -122.716249, 45.592617 ], [ -122.716196, 45.592624 ], [ -122.716139, 45.592631 ], [ -122.716082, 45.592634 ], [ -122.716019, 45.592633 ], [ -122.715944, 45.592633 ], [ -122.715883, 45.592632 ], [ -122.715818, 45.592627 ], [ -122.715731, 45.592618 ], [ -122.715668, 45.59261 ], [ -122.715596, 45.592598 ], [ -122.715523, 45.592574 ], [ -122.71545, 45.592556 ], [ -122.715384, 45.592529 ], [ -122.71531, 45.592509 ], [ -122.715238, 45.592487 ], [ -122.715174, 45.592461 ], [ -122.715068, 45.592418 ], [ -122.715009, 45.59239 ], [ -122.714951, 45.592355 ], [ -122.714889, 45.592318 ], [ -122.714831, 45.592284 ], [ -122.714774, 45.592252 ], [ -122.714723, 45.59221 ], [ -122.71468, 45.592161 ], [ -122.714647, 45.592117 ], [ -122.714616, 45.592065 ], [ -122.714583, 45.592019 ], [ -122.714548, 45.591974 ], [ -122.714513, 45.591924 ], [ -122.714484, 45.591881 ], [ -122.714436, 45.591804 ], [ -122.714401, 45.59173 ], [ -122.714375, 45.59168 ], [ -122.714346, 45.591614 ], [ -122.71432, 45.591564 ], [ -122.714292, 45.591498 ], [ -122.714275, 45.591454 ], [ -122.714254, 45.5914 ], [ -122.714245, 45.591349 ], [ -122.714228, 45.591304 ], [ -122.714203, 45.591245 ], [ -122.714172, 45.591168 ], [ -122.714152, 45.591113 ], [ -122.714128, 45.591041 ], [ -122.714104, 45.590992 ], [ -122.714088, 45.590946 ], [ -122.71407, 45.590898 ], [ -122.714048, 45.590834 ], [ -122.71403, 45.590778 ], [ -122.71401, 45.590727 ], [ -122.713985, 45.590677 ], [ -122.713966, 45.590634 ], [ -122.713949, 45.590588 ], [ -122.71393, 45.590539 ], [ -122.713916, 45.590495 ], [ -122.713899, 45.590451 ], [ -122.713877, 45.590406 ], [ -122.713854, 45.590355 ], [ -122.71384, 45.59031 ], [ -122.713824, 45.590275 ], [ -122.713533, 45.589643 ], [ -122.713454, 45.589439 ], [ -122.71348, 45.588671 ], [ -122.71348, 45.588619 ], [ -122.713465, 45.5872 ], [ -122.713472, 45.587153 ], [ -122.713464, 45.587086 ], [ -122.713466, 45.586629 ], [ -122.714003, 45.58663 ], [ -122.714437, 45.58663 ], [ -122.714496, 45.586631 ], [ -122.71454, 45.586631 ], [ -122.714546, 45.58537 ], [ -122.71455, 45.584485 ], [ -122.714552, 45.584054 ], [ -122.71456, 45.582353 ], [ -122.714567, 45.580817 ], [ -122.714573, 45.578989 ], [ -122.715463, 45.579316 ], [ -122.715692, 45.579423 ], [ -122.716557, 45.579741 ], [ -122.717423, 45.580058 ], [ -122.717855, 45.580217 ], [ -122.718295, 45.580367 ], [ -122.718752, 45.580523 ], [ -122.719202, 45.580688 ], [ -122.719652, 45.580853 ], [ -122.719903, 45.580945 ], [ -122.720101, 45.581018 ], [ -122.721427, 45.581504 ], [ -122.721662, 45.58159 ], [ -122.722528, 45.581907 ], [ -122.722755, 45.58199 ], [ -122.723393, 45.582224 ], [ -122.723559, 45.582285 ], [ -122.724086, 45.582478 ], [ -122.724628, 45.582676 ], [ -122.724778, 45.582731 ], [ -122.725625, 45.583042 ], [ -122.72651, 45.583366 ], [ -122.72695, 45.583527 ], [ -122.727376, 45.583683 ], [ -122.728307, 45.584023 ], [ -122.729681, 45.584529 ], [ -122.731113, 45.585059 ], [ -122.732097, 45.585423 ], [ -122.732305, 45.585476 ], [ -122.732803, 45.585588 ], [ -122.73331, 45.585713 ], [ -122.73382, 45.585838 ], [ -122.734348, 45.585956 ], [ -122.734874, 45.586092 ], [ -122.734991, 45.586123 ], [ -122.735821, 45.586327 ], [ -122.735854, 45.586335 ], [ -122.735885, 45.586343 ] ] ] } },
{ "type": "Feature", "properties": { "GEOID": "41051005202", "NAMELSAD": "Census Tract 52.02", "area_sqmi": 0.11120189874903522, "total_bike_miles": 0.395, "num_segments": 15, "bike_density": 3.56, "total_pop": 2711, "pop_white": 1776, "pop_black": 108, "pop_asian": 178, "pop_hispanic": 0, "pct_white": 65.5, "pct_nonwhite": 34.5, "pct_black": 4.0, "pct_asian": 6.6, "pct_hispanic": 0.0, "median_income": 59447.0 }, "geometry": { "type": "Polygon", "coordinates": [ [ [ -122.69821, 45.520587 ], [ -122.698205, 45.521299 ], [ -122.698199, 45.522447 ], [ -122.698195, 45.523246 ], [ -122.698188, 45.523432 ], [ -122.697385, 45.52337 ], [ -122.696792, 45.523339 ], [ -122.696326, 45.523315 ], [ -122.695394, 45.523272 ], [ -122.695041, 45.523255 ], [ -122.69429, 45.523215 ], [ -122.693955, 45.523193 ], [ -122.693279, 45.523161 ], [ -122.692271, 45.523118 ], [ -122.691403, 45.523074 ], [ -122.691266, 45.523068 ], [ -122.690608, 45.523031 ], [ -122.690222, 45.52301 ], [ -122.689219, 45.522967 ], [ -122.689364, 45.522936 ], [ -122.689486, 45.522895 ], [ -122.689526, 45.522876 ], [ -122.689681, 45.522801 ], [ -122.689789, 45.522671 ], [ -122.689846, 45.522592 ], [ -122.689969, 45.522401 ], [ -122.690065, 45.522314 ], [ -122.69013, 45.522164 ], [ -122.690498, 45.521494 ], [ -122.690527, 45.52144 ], [ -122.690557, 45.521404 ], [ -122.690558, 45.521381 ], [ -122.690855, 45.520827 ], [ -122.691067, 45.520521 ], [ -122.691217, 45.520319 ], [ -122.691347, 45.520165 ], [ -122.691476, 45.520014 ], [ -122.691589, 45.519904 ], [ -122.69166, 45.519822 ], [ -122.691744, 45.519713 ], [ -122.691972, 45.51936 ], [ -122.692345, 45.518669 ], [ -122.692679, 45.518109 ], [ -122.69274, 45.518007 ], [ -122.692883, 45.518042 ], [ -122.693049, 45.518082 ], [ -122.693182, 45.51808 ], [ -122.693747, 45.518221 ], [ -122.694301, 45.518362 ], [ -122.694734, 45.518478 ], [ -122.695248, 45.518616 ], [ -122.69562, 45.518722 ], [ -122.696173, 45.518878 ], [ -122.696398, 45.518942 ], [ -122.696979, 45.519067 ], [ -122.697842, 45.519229 ], [ -122.698215, 45.519841 ], [ -122.69821, 45.520587 ] ] ] } },
{ "type": "Feature", "properties": { "GEOID": "41051005103", "NAMELSAD": "Census Tract 51.03", "area_sqmi": 0.22748282301595632, "total_bike_miles": 3.368, "num_segments": 54, "bike_density": 14.81, "total_pop": 3415, "pop_white": 2368, "pop_black": 459, "pop_asian": 126, "pop_hispanic": 0, "pct_white": 69.3, "pct_nonwhite": 30.7, "pct_black": 13.4, "pct_asian": 3.7, "pct_hispanic": 0.0, "median_income": 34714.0 }, "geometry": { "type": "Polygon", "coordinates": [ [ [ -122.677643, 45.529881 ], [ -122.677145, 45.530168 ], [ -122.676785, 45.530375 ], [ -122.676332, 45.530636 ], [ -122.676227, 45.530696 ], [ -122.67538, 45.531166 ], [ -122.67414, 45.531855 ], [ -122.673945, 45.531963 ], [ -122.669159, 45.527763 ], [ -122.669085, 45.527698 ], [ -122.669003, 45.527626 ], [ -122.668883, 45.527541 ], [ -122.667785, 45.526766 ], [ -122.667093, 45.523028 ], [ -122.667721, 45.523038 ], [ -122.669238, 45.52306 ], [ -122.669583, 45.523065 ], [ -122.670109, 45.523089 ], [ -122.670282, 45.523104 ], [ -122.671326, 45.523101 ], [ -122.67146, 45.523105 ], [ -122.672366, 45.523133 ], [ -122.673368, 45.523124 ], [ -122.674396, 45.523099 ], [ -122.675406, 45.52308 ], [ -122.676472, 45.523062 ], [ -122.677411, 45.523042 ], [ -122.677463, 45.523757 ], [ -122.677494, 45.524469 ], [ -122.677516, 45.525183 ], [ -122.677542, 45.525896 ], [ -122.677564, 45.526503 ], [ -122.677568, 45.526608 ], [ -122.677595, 45.527321 ], [ -122.677609, 45.528036 ], [ -122.677644, 45.528742 ], [ -122.677643, 45.529881 ] ] ] } },
{ "type": "Feature", "properties": { "GEOID": "41051005902", "NAMELSAD": "Census Tract 59.02", "area_sqmi": 0.29198070172659063, "total_bike_miles": 2.237, "num_segments": 27, "bike_density": 7.66, "total_pop": 3429, "pop_white": 2763, "pop_black": 94, "pop_asian": 372, "pop_hispanic": 0, "pct_white": 80.6, "pct_nonwhite": 19.4, "pct_black": 2.7, "pct_asian": 10.8, "pct_hispanic": 0.0, "median_income": 110688.0 }, "geometry": { "type": "Polygon", "coordinates": [ [ [ -122.673404, 45.490483 ], [ -122.673302, 45.490707 ], [ -122.673182, 45.490971 ], [ -122.673061, 45.491272 ], [ -122.672997, 45.491576 ], [ -122.673045, 45.492128 ], [ -122.673084, 45.492289 ], [ -122.673204, 45.492461 ], [ -122.67334, 45.492615 ], [ -122.673545, 45.492819 ], [ -122.673468, 45.493431 ], [ -122.673401, 45.494279 ], [ -122.67336, 45.495268 ], [ -122.673072, 45.499274 ], [ -122.673004, 45.500114 ], [ -122.672973, 45.500565 ], [ -122.672787, 45.500581 ], [ -122.672506, 45.500606 ], [ -122.671642, 45.500671 ], [ -122.671484, 45.500683 ], [ -122.671389, 45.50069 ], [ -122.66831, 45.500922 ], [ -122.667543, 45.500984 ], [ -122.665417, 45.501158 ], [ -122.665103, 45.501184 ], [ -122.665453, 45.497914 ], [ -122.66691, 45.493594 ], [ -122.668511, 45.489634 ], [ -122.668865, 45.486618 ], [ -122.669656, 45.486542 ], [ -122.672067, 45.486259 ], [ -122.672102, 45.486255 ], [ -122.672147, 45.48641 ], [ -122.672249, 45.48651 ], [ -122.672355, 45.486569 ], [ -122.672769, 45.486776 ], [ -122.672855, 45.486864 ], [ -122.672908, 45.487004 ], [ -122.672958, 45.487249 ], [ -122.672907, 45.487834 ], [ -122.672791, 45.488333 ], [ -122.672761, 45.488368 ], [ -122.672726, 45.488389 ], [ -122.672574, 45.488405 ], [ -122.672418, 45.48846 ], [ -122.672229, 45.488528 ], [ -122.672089, 45.488561 ], [ -122.671899, 45.488655 ], [ -122.671823, 45.488692 ], [ -122.671516, 45.488837 ], [ -122.671266, 45.489512 ], [ -122.671209, 45.489646 ], [ -122.671219, 45.489679 ], [ -122.671247, 45.489714 ], [ -122.671297, 45.489756 ], [ -122.671436, 45.489827 ], [ -122.671463, 45.489835 ], [ -122.671525, 45.489836 ], [ -122.671703, 45.489839 ], [ -122.671923, 45.489853 ], [ -122.672391, 45.489865 ], [ -122.67242, 45.489869 ], [ -122.672522, 45.489882 ], [ -122.673177, 45.489898 ], [ -122.673728, 45.489914 ], [ -122.673404, 45.490483 ] ] ] } },
{ "type": "Feature", "properties": { "GEOID": "41051002002", "NAMELSAD": "Census Tract 20.02", "area_sqmi": 0.30070521707839787, "total_bike_miles": 1.38, "num_segments": 31, "bike_density": 4.59, "total_pop": 3792, "pop_white": 2364, "pop_black": 79, "pop_asian": 193, "pop_hispanic": 0, "pct_white": 62.3, "pct_nonwhite": 37.7, "pct_black": 2.1, "pct_asian": 5.1, "pct_hispanic": 0.0, "median_income": 66864.0 }, "geometry": { "type": "Polygon", "coordinates": [ [ [ -122.645512, 45.520028 ], [ -122.645505, 45.520741 ], [ -122.645498, 45.521454 ], [ -122.645497, 45.522168 ], [ -122.645495, 45.522881 ], [ -122.645492, 45.523595 ], [ -122.645485, 45.524308 ], [ -122.645476, 45.525022 ], [ -122.64547, 45.525742 ], [ -122.645451, 45.525929 ], [ -122.645465, 45.526553 ], [ -122.645461, 45.527219 ], [ -122.645456, 45.527905 ], [ -122.645451, 45.528591 ], [ -122.64545, 45.529276 ], [ -122.645329, 45.529347 ], [ -122.644849, 45.529805 ], [ -122.644859, 45.529906 ], [ -122.644849, 45.530057 ], [ -122.644441, 45.530076 ], [ -122.643502, 45.530119 ], [ -122.642458, 45.530167 ], [ -122.637102, 45.530431 ], [ -122.637116, 45.530284 ], [ -122.637127, 45.52998 ], [ -122.637154, 45.529159 ], [ -122.637159, 45.528619 ], [ -122.637157, 45.528338 ], [ -122.637155, 45.527898 ], [ -122.637172, 45.527517 ], [ -122.637182, 45.527172 ], [ -122.637199, 45.526466 ], [ -122.637214, 45.525727 ], [ -122.637226, 45.525014 ], [ -122.637236, 45.524329 ], [ -122.637248, 45.523589 ], [ -122.637262, 45.522874 ], [ -122.637276, 45.522131 ], [ -122.637288, 45.521436 ], [ -122.6373, 45.520725 ], [ -122.637312, 45.520102 ], [ -122.637313, 45.520009 ], [ -122.637326, 45.519314 ], [ -122.638095, 45.519314 ], [ -122.6383, 45.519317 ], [ -122.6391, 45.519315 ], [ -122.639297, 45.519313 ], [ -122.641491, 45.519317 ], [ -122.643498, 45.51932 ], [ -122.644574, 45.519323 ], [ -122.645526, 45.51932 ], [ -122.645512, 45.520028 ] ] ] } },
{ "type": "Feature", "properties": { "GEOID": "41051002001", "NAMELSAD": "Census Tract 20.01", "area_sqmi": 0.25572135786557593, "total_bike_miles": 1.703, "num_segments": 33, "bike_density": 6.66, "total_pop": 2244, "pop_white": 1736, "pop_black": 0, "pop_asian": 165, "pop_hispanic": 0, "pct_white": 77.4, "pct_nonwhite": 22.6, "pct_black": 0.0, "pct_asian": 7.4, "pct_hispanic": 0.0, "median_income": 82031.0 }, "geometry": { "type": "Polygon", "coordinates": [ [ [ -122.637313, 45.520009 ], [ -122.637312, 45.520102 ], [ -122.6373, 45.520725 ], [ -122.637288, 45.521436 ], [ -122.637276, 45.522131 ], [ -122.637262, 45.522874 ], [ -122.637248, 45.523589 ], [ -122.637236, 45.524329 ], [ -122.637226, 45.525014 ], [ -122.637214, 45.525727 ], [ -122.637199, 45.526466 ], [ -122.637182, 45.527172 ], [ -122.637172, 45.527517 ], [ -122.637155, 45.527898 ], [ -122.637157, 45.528338 ], [ -122.637159, 45.528619 ], [ -122.637154, 45.529159 ], [ -122.637127, 45.52998 ], [ -122.637116, 45.530284 ], [ -122.637102, 45.530431 ], [ -122.636531, 45.530455 ], [ -122.63624, 45.530478 ], [ -122.636181, 45.530487 ], [ -122.635861, 45.530536 ], [ -122.635682, 45.530573 ], [ -122.635514, 45.53061 ], [ -122.63536, 45.530645 ], [ -122.635107, 45.530714 ], [ -122.634921, 45.530777 ], [ -122.634418, 45.53101 ], [ -122.634004, 45.531262 ], [ -122.633685, 45.531532 ], [ -122.633231, 45.53203 ], [ -122.633102, 45.532171 ], [ -122.63281, 45.532517 ], [ -122.632739, 45.532602 ], [ -122.631892, 45.533393 ], [ -122.63138, 45.533774 ], [ -122.631097, 45.533931 ], [ -122.63064, 45.534137 ], [ -122.630624, 45.533925 ], [ -122.630658, 45.533694 ], [ -122.630657, 45.533104 ], [ -122.630672, 45.532414 ], [ -122.630654, 45.531854 ], [ -122.63064, 45.531713 ], [ -122.630653, 45.531588 ], [ -122.630669, 45.531436 ], [ -122.630657, 45.530052 ], [ -122.630664, 45.529347 ], [ -122.630678, 45.528617 ], [ -122.630711, 45.528377 ], [ -122.630762, 45.528247 ], [ -122.630847, 45.5281 ], [ -122.630913, 45.528011 ], [ -122.631013, 45.52791 ], [ -122.631146, 45.527764 ], [ -122.631313, 45.527556 ], [ -122.631361, 45.527479 ], [ -122.63151, 45.527204 ], [ -122.631562, 45.527074 ], [ -122.631632, 45.52686 ], [ -122.631676, 45.526611 ], [ -122.631675, 45.526461 ], [ -122.631677, 45.525748 ], [ -122.631674, 45.525035 ], [ -122.631683, 45.524327 ], [ -122.631692, 45.523608 ], [ -122.631689, 45.523233 ], [ -122.631688, 45.522866 ], [ -122.631687, 45.522118 ], [ -122.631551, 45.522125 ], [ -122.629879, 45.522115 ], [ -122.630093, 45.521852 ], [ -122.630197, 45.521716 ], [ -122.630843, 45.520787 ], [ -122.630882, 45.520721 ], [ -122.630922, 45.520665 ], [ -122.630891, 45.520599 ], [ -122.630841, 45.52054 ], [ -122.630806, 45.520463 ], [ -122.630803, 45.520404 ], [ -122.630807, 45.520365 ], [ -122.630869, 45.52029 ], [ -122.630928, 45.520166 ], [ -122.63093, 45.519306 ], [ -122.631967, 45.519307 ], [ -122.632943, 45.519308 ], [ -122.633881, 45.519309 ], [ -122.634826, 45.519311 ], [ -122.635991, 45.519312 ], [ -122.63708, 45.519312 ], [ -122.637326, 45.519314 ], [ -122.637313, 45.520009 ] ] ] } },
{ "type": "Feature", "properties": { "GEOID": "41051001204", "NAMELSAD": "Census Tract 12.04", "area_sqmi": 0.21301378442686308, "total_bike_miles": 0.818, "num_segments": 14, "bike_density": 3.84, "total_pop": 2747, "pop_white": 1847, "pop_black": 72, "pop_asian": 118, "pop_hispanic": 0, "pct_white": 67.2, "pct_nonwhite": 32.8, "pct_black": 2.6, "pct_asian": 4.3, "pct_hispanic": 0.0, "median_income": 72056.0 }, "geometry": { "type": "Polygon", "coordinates": [ [ [ -122.649606, 45.51581 ], [ -122.649592, 45.516477 ], [ -122.649587, 45.51719 ], [ -122.649582, 45.517903 ], [ -122.649577, 45.518616 ], [ -122.649572, 45.519329 ], [ -122.648558, 45.519326 ], [ -122.647543, 45.519322 ], [ -122.64653, 45.519319 ], [ -122.645526, 45.51932 ], [ -122.644574, 45.519323 ], [ -122.643498, 45.51932 ], [ -122.641491, 45.519317 ], [ -122.639297, 45.519313 ], [ -122.6391, 45.519315 ], [ -122.6383, 45.519317 ], [ -122.638095, 45.519314 ], [ -122.637326, 45.519314 ], [ -122.63708, 45.519312 ], [ -122.635991, 45.519312 ], [ -122.634826, 45.519311 ], [ -122.634791, 45.519228 ], [ -122.634783, 45.518568 ], [ -122.634788, 45.518337 ], [ -122.634788, 45.518284 ], [ -122.634788, 45.51806 ], [ -122.634787, 45.517854 ], [ -122.634785, 45.517156 ], [ -122.634783, 45.516443 ], [ -122.634781, 45.515744 ], [ -122.63478, 45.515017 ], [ -122.634897, 45.515002 ], [ -122.636096, 45.515005 ], [ -122.63711, 45.515009 ], [ -122.638125, 45.515012 ], [ -122.639139, 45.515015 ], [ -122.640153, 45.515018 ], [ -122.642505, 45.515027 ], [ -122.643519, 45.51503 ], [ -122.644533, 45.515034 ], [ -122.645568, 45.515037 ], [ -122.647475, 45.515043 ], [ -122.648587, 45.515047 ], [ -122.649601, 45.515051 ], [ -122.649606, 45.51581 ] ] ] } },
{ "type": "Feature", "properties": { "GEOID": "41051001203", "NAMELSAD": "Census Tract 12.03", "area_sqmi": 0.14507302083138071, "total_bike_miles": 0.923, "num_segments": 20, "bike_density": 6.36, "total_pop": 2736, "pop_white": 2403, "pop_black": 91, "pop_asian": 44, "pop_hispanic": 0, "pct_white": 87.8, "pct_nonwhite": 12.2, "pct_black": 3.3, "pct_asian": 1.6, "pct_hispanic": 0.0, "median_income": 95392.0 }, "geometry": { "type": "Polygon", "coordinates": [ [ [ -122.649611, 45.513624 ], [ -122.649606, 45.514336 ], [ -122.649601, 45.515051 ], [ -122.648587, 45.515047 ], [ -122.647475, 45.515043 ], [ -122.645568, 45.515037 ], [ -122.644533, 45.515034 ], [ -122.643519, 45.51503 ], [ -122.642505, 45.515027 ], [ -122.640153, 45.515018 ], [ -122.639139, 45.515015 ], [ -122.638125, 45.515012 ], [ -122.63711, 45.515009 ], [ -122.636096, 45.515005 ], [ -122.634897, 45.515002 ], [ -122.63478, 45.515017 ], [ -122.634778, 45.514304 ], [ -122.634776, 45.513581 ], [ -122.634774, 45.512865 ], [ -122.634772, 45.512069 ], [ -122.636116, 45.512069 ], [ -122.637131, 45.512071 ], [ -122.638145, 45.512073 ], [ -122.63916, 45.512071 ], [ -122.640313, 45.512077 ], [ -122.641262, 45.512076 ], [ -122.641504, 45.512076 ], [ -122.642195, 45.512077 ], [ -122.642518, 45.512076 ], [ -122.643171, 45.512078 ], [ -122.643536, 45.512078 ], [ -122.644145, 45.512082 ], [ -122.645231, 45.512103 ], [ -122.645563, 45.512183 ], [ -122.646008, 45.512181 ], [ -122.646575, 45.512187 ], [ -122.646835, 45.512187 ], [ -122.647592, 45.51219 ], [ -122.648606, 45.512194 ], [ -122.649368, 45.512196 ], [ -122.649601, 45.512197 ], [ -122.649616, 45.512911 ], [ -122.649611, 45.513624 ] ] ] } },
{ "type": "Feature", "properties": { "GEOID": "41051005201", "NAMELSAD": "Census Tract 52.01", "area_sqmi": 0.13081960114688387, "total_bike_miles": 1.698, "num_segments": 43, "bike_density": 12.98, "total_pop": 2471, "pop_white": 1611, "pop_black": 226, "pop_asian": 81, "pop_hispanic": 0, "pct_white": 65.2, "pct_nonwhite": 34.8, "pct_black": 9.1, "pct_asian": 3.3, "pct_hispanic": 0.0, "median_income": 49609.0 }, "geometry": { "type": "Polygon", "coordinates": [ [ [ -122.692679, 45.518109 ], [ -122.692345, 45.518669 ], [ -122.691972, 45.51936 ], [ -122.691744, 45.519713 ], [ -122.69166, 45.519822 ], [ -122.691589, 45.519904 ], [ -122.691476, 45.520014 ], [ -122.691347, 45.520165 ], [ -122.691217, 45.520319 ], [ -122.691067, 45.520521 ], [ -122.690855, 45.520827 ], [ -122.690558, 45.521381 ], [ -122.690557, 45.521404 ], [ -122.690527, 45.52144 ], [ -122.690498, 45.521494 ], [ -122.69013, 45.522164 ], [ -122.690065, 45.522314 ], [ -122.689969, 45.522401 ], [ -122.689846, 45.522592 ], [ -122.689789, 45.522671 ], [ -122.689681, 45.522801 ], [ -122.689526, 45.522876 ], [ -122.689486, 45.522895 ], [ -122.689364, 45.522936 ], [ -122.689219, 45.522967 ], [ -122.688588, 45.522935 ], [ -122.68828, 45.522921 ], [ -122.688216, 45.522918 ], [ -122.687506, 45.522888 ], [ -122.687215, 45.522876 ], [ -122.686562, 45.522885 ], [ -122.686356, 45.522888 ], [ -122.6861, 45.522891 ], [ -122.685931, 45.522893 ], [ -122.685802, 45.522895 ], [ -122.685291, 45.522902 ], [ -122.684082, 45.522894 ], [ -122.683145, 45.522931 ], [ -122.683112, 45.522568 ], [ -122.683102, 45.522479 ], [ -122.683422, 45.521889 ], [ -122.683782, 45.521223 ], [ -122.684143, 45.520556 ], [ -122.684153, 45.520538 ], [ -122.68451, 45.519882 ], [ -122.684523, 45.519857 ], [ -122.68487, 45.519215 ], [ -122.685227, 45.518557 ], [ -122.685583, 45.51789 ], [ -122.686184, 45.516782 ], [ -122.686307, 45.516558 ], [ -122.687015, 45.516739 ], [ -122.687309, 45.516819 ], [ -122.687453, 45.516855 ], [ -122.687614, 45.516895 ], [ -122.687781, 45.516938 ], [ -122.687917, 45.516973 ], [ -122.688091, 45.517017 ], [ -122.688212, 45.517049 ], [ -122.688399, 45.517095 ], [ -122.69022, 45.517576 ], [ -122.690332, 45.517599 ], [ -122.691373, 45.517758 ], [ -122.691707, 45.51781 ], [ -122.692361, 45.517911 ], [ -122.692495, 45.517945 ], [ -122.69274, 45.518007 ], [ -122.692679, 45.518109 ] ] ] } },
{ "type": "Feature", "properties": { "GEOID": "41051002102", "NAMELSAD": "Census Tract 21.02", "area_sqmi": 0.27661497129665874, "total_bike_miles": 1.341, "num_segments": 29, "bike_density": 4.85, "total_pop": 2324, "pop_white": 1664, "pop_black": 130, "pop_asian": 227, "pop_hispanic": 0, "pct_white": 71.6, "pct_nonwhite": 28.4, "pct_black": 5.6, "pct_asian": 9.8, "pct_hispanic": 0.0, "median_income": 59722.0 }, "geometry": { "type": "Polygon", "coordinates": [ [ [ -122.653625, 45.520056 ], [ -122.65362, 45.520769 ], [ -122.653616, 45.521482 ], [ -122.653611, 45.522196 ], [ -122.653603, 45.522739 ], [ -122.653606, 45.522908 ], [ -122.653601, 45.523621 ], [ -122.653596, 45.524334 ], [ -122.65359, 45.525049 ], [ -122.653587, 45.52576 ], [ -122.653581, 45.526554 ], [ -122.653557, 45.527943 ], [ -122.65356, 45.528179 ], [ -122.653558, 45.528396 ], [ -122.65356, 45.528521 ], [ -122.649382, 45.529613 ], [ -122.648137, 45.529858 ], [ -122.646923, 45.529957 ], [ -122.646463, 45.529979 ], [ -122.645412, 45.53003 ], [ -122.644849, 45.530057 ], [ -122.644859, 45.529906 ], [ -122.644849, 45.529805 ], [ -122.645329, 45.529347 ], [ -122.64545, 45.529276 ], [ -122.645451, 45.528591 ], [ -122.645456, 45.527905 ], [ -122.645461, 45.527219 ], [ -122.645465, 45.526553 ], [ -122.645451, 45.525929 ], [ -122.64547, 45.525742 ], [ -122.645476, 45.525022 ], [ -122.645485, 45.524308 ], [ -122.645492, 45.523595 ], [ -122.645495, 45.522881 ], [ -122.645497, 45.522168 ], [ -122.645498, 45.521454 ], [ -122.645505, 45.520741 ], [ -122.645512, 45.520028 ], [ -122.645526, 45.51932 ], [ -122.64653, 45.519319 ], [ -122.647543, 45.519322 ], [ -122.648558, 45.519326 ], [ -122.649572, 45.519329 ], [ -122.650587, 45.519332 ], [ -122.651601, 45.519336 ], [ -122.652616, 45.519339 ], [ -122.65363, 45.519343 ], [ -122.653625, 45.520056 ] ] ] } },
{ "type": "Feature", "properties": { "GEOID": "41051001704", "NAMELSAD": "Census Tract 17.04", "area_sqmi": 0.31441417239379532, "total_bike_miles": 2.525, "num_segments": 54, "bike_density": 8.03, "total_pop": 2833, "pop_white": 2315, "pop_black": 102, "pop_asian": 209, "pop_hispanic": 0, "pct_white": 81.7, "pct_nonwhite": 18.3, "pct_black": 3.6, "pct_asian": 7.4, "pct_hispanic": 0.0, "median_income": 92904.0 }, "geometry": { "type": "Polygon", "coordinates": [ [ [ -122.59448, 45.525371 ], [ -122.594475, 45.526472 ], [ -122.59346, 45.526469 ], [ -122.592445, 45.526466 ], [ -122.59142, 45.526463 ], [ -122.589848, 45.526458 ], [ -122.588842, 45.526455 ], [ -122.587838, 45.526452 ], [ -122.586804, 45.526448 ], [ -122.585826, 45.526444 ], [ -122.584698, 45.52644 ], [ -122.583515, 45.526437 ], [ -122.582423, 45.526434 ], [ -122.581457, 45.526431 ], [ -122.580138, 45.526425 ], [ -122.579038, 45.526423 ], [ -122.57905, 45.525184 ], [ -122.579051, 45.52459 ], [ -122.579053, 45.523563 ], [ -122.579056, 45.522781 ], [ -122.579059, 45.521108 ], [ -122.579061, 45.52045 ], [ -122.579061, 45.519805 ], [ -122.579046, 45.51913 ], [ -122.580293, 45.519142 ], [ -122.580508, 45.519144 ], [ -122.581469, 45.519151 ], [ -122.582439, 45.519158 ], [ -122.583237, 45.519158 ], [ -122.583515, 45.519177 ], [ -122.584757, 45.519176 ], [ -122.585249, 45.51918 ], [ -122.585865, 45.519185 ], [ -122.586638, 45.519191 ], [ -122.586845, 45.519354 ], [ -122.588071, 45.520352 ], [ -122.588136, 45.520404 ], [ -122.588943, 45.520797 ], [ -122.589887, 45.521248 ], [ -122.590891, 45.521704 ], [ -122.591384, 45.521887 ], [ -122.591901, 45.522103 ], [ -122.592446, 45.522373 ], [ -122.592565, 45.522428 ], [ -122.592651, 45.522477 ], [ -122.593217, 45.522826 ], [ -122.593731, 45.523129 ], [ -122.593935, 45.523313 ], [ -122.593987, 45.523373 ], [ -122.594036, 45.52344 ], [ -122.594113, 45.523578 ], [ -122.594277, 45.524007 ], [ -122.594362, 45.524141 ], [ -122.594487, 45.524255 ], [ -122.59448, 45.525371 ] ] ] } },
{ "type": "Feature", "properties": { "GEOID": "41051009001", "NAMELSAD": "Census Tract 90.01", "area_sqmi": 0.63675436160266796, "total_bike_miles": 3.5, "num_segments": 44, "bike_density": 5.5, "total_pop": 5108, "pop_white": 2546, "pop_black": 282, "pop_asian": 714, "pop_hispanic": 0, "pct_white": 49.8, "pct_nonwhite": 50.2, "pct_black": 5.5, "pct_asian": 14.0, "pct_hispanic": 0.0, "median_income": 74382.0 }, "geometry": { "type": "Polygon", "coordinates": [ [ [ -122.537953, 45.483227 ], [ -122.537907, 45.484509 ], [ -122.537898, 45.484747 ], [ -122.537844, 45.485956 ], [ -122.537821, 45.486807 ], [ -122.537798, 45.487429 ], [ -122.537774, 45.487903 ], [ -122.537748, 45.488319 ], [ -122.537745, 45.488367 ], [ -122.537699, 45.489615 ], [ -122.537698, 45.490649 ], [ -122.537698, 45.490802 ], [ -122.537698, 45.491085 ], [ -122.537691, 45.491837 ], [ -122.53769, 45.492031 ], [ -122.537682, 45.492723 ], [ -122.537661, 45.494443 ], [ -122.534357, 45.494458 ], [ -122.534083, 45.49446 ], [ -122.533287, 45.494463 ], [ -122.532831, 45.494465 ], [ -122.532564, 45.494467 ], [ -122.532431, 45.494467 ], [ -122.532147, 45.494469 ], [ -122.531361, 45.494473 ], [ -122.529995, 45.49448 ], [ -122.529998, 45.49477 ], [ -122.528979, 45.494776 ], [ -122.528908, 45.494788 ], [ -122.528877, 45.494806 ], [ -122.52874, 45.494467 ], [ -122.528737, 45.493863 ], [ -122.527477, 45.49385 ], [ -122.527461, 45.494164 ], [ -122.527462, 45.495398 ], [ -122.525842, 45.495409 ], [ -122.524995, 45.49541 ], [ -122.52355, 45.495414 ], [ -122.523551, 45.495113 ], [ -122.523554, 45.494663 ], [ -122.523554, 45.494238 ], [ -122.523555, 45.493815 ], [ -122.523556, 45.493301 ], [ -122.523558, 45.492668 ], [ -122.523558, 45.492407 ], [ -122.523561, 45.491484 ], [ -122.523562, 45.491174 ], [ -122.523563, 45.490739 ], [ -122.523563, 45.490679 ], [ -122.523564, 45.490551 ], [ -122.523565, 45.490155 ], [ -122.52357, 45.488711 ], [ -122.523572, 45.488039 ], [ -122.52357, 45.487422 ], [ -122.523577, 45.486258 ], [ -122.523587, 45.485427 ], [ -122.523582, 45.485035 ], [ -122.523578, 45.484718 ], [ -122.523577, 45.484463 ], [ -122.523574, 45.483433 ], [ -122.523581, 45.482622 ], [ -122.523579, 45.481712 ], [ -122.523579, 45.48133 ], [ -122.523578, 45.48117 ], [ -122.524855, 45.481333 ], [ -122.525955, 45.481474 ], [ -122.527362, 45.481654 ], [ -122.527763, 45.481697 ], [ -122.528167, 45.48173 ], [ -122.528573, 45.481753 ], [ -122.528979, 45.481766 ], [ -122.529392, 45.481767 ], [ -122.529806, 45.481758 ], [ -122.529895, 45.481753 ], [ -122.530426, 45.481725 ], [ -122.530837, 45.48169 ], [ -122.531246, 45.481645 ], [ -122.531652, 45.48159 ], [ -122.532167, 45.481507 ], [ -122.532851, 45.481381 ], [ -122.533243, 45.481295 ], [ -122.534387, 45.481057 ], [ -122.535538, 45.480818 ], [ -122.536021, 45.480717 ], [ -122.536586, 45.4806 ], [ -122.537291, 45.480453 ], [ -122.537343, 45.480609 ], [ -122.537671, 45.481292 ], [ -122.537768, 45.481456 ], [ -122.537805, 45.481558 ], [ -122.53784, 45.481658 ], [ -122.537858, 45.481718 ], [ -122.537892, 45.481835 ], [ -122.537928, 45.481996 ], [ -122.537934, 45.482042 ], [ -122.537937, 45.482084 ], [ -122.53794, 45.482151 ], [ -122.537948, 45.482572 ], [ -122.537953, 45.483227 ] ] ] } },
{ "type": "Feature", "properties": { "GEOID": "41051003904", "NAMELSAD": "Census Tract 39.04", "area_sqmi": 0.45982983348418571, "total_bike_miles": 2.737, "num_segments": 55, "bike_density": 5.95, "total_pop": 4090, "pop_white": 2802, "pop_black": 184, "pop_asian": 223, "pop_hispanic": 0, "pct_white": 68.5, "pct_nonwhite": 31.5, "pct_black": 4.5, "pct_asian": 5.5, "pct_hispanic": 0.0, "median_income": 110648.0 }, "geometry": { "type": "Polygon", "coordinates": [ [ [ -122.705386, 45.577918 ], [ -122.705383, 45.578621 ], [ -122.705384, 45.578971 ], [ -122.705383, 45.579337 ], [ -122.705383, 45.579697 ], [ -122.705381, 45.580594 ], [ -122.70538, 45.580785 ], [ -122.705374, 45.582333 ], [ -122.705372, 45.582654 ], [ -122.705369, 45.58334 ], [ -122.705367, 45.583601 ], [ -122.705365, 45.584033 ], [ -122.704374, 45.58403 ], [ -122.703397, 45.584028 ], [ -122.70268, 45.584026 ], [ -122.702421, 45.584023 ], [ -122.702412, 45.585602 ], [ -122.702399, 45.586948 ], [ -122.702389, 45.587 ], [ -122.702367, 45.58704 ], [ -122.702336, 45.587066 ], [ -122.702443, 45.587126 ], [ -122.702417, 45.587158 ], [ -122.702404, 45.587205 ], [ -122.702403, 45.587363 ], [ -122.7024, 45.587867 ], [ -122.702396, 45.588619 ], [ -122.702389, 45.589922 ], [ -122.702404, 45.590221 ], [ -122.70144, 45.589958 ], [ -122.700436, 45.589683 ], [ -122.699433, 45.589408 ], [ -122.698476, 45.589146 ], [ -122.697216, 45.5888 ], [ -122.696323, 45.588462 ], [ -122.696192, 45.588413 ], [ -122.695158, 45.588023 ], [ -122.694382, 45.587733 ], [ -122.694165, 45.587652 ], [ -122.693273, 45.587312 ], [ -122.69301, 45.587194 ], [ -122.692798, 45.58711 ], [ -122.692581, 45.587034 ], [ -122.692256, 45.586969 ], [ -122.692291, 45.586693 ], [ -122.692291, 45.586634 ], [ -122.692266, 45.586567 ], [ -122.692226, 45.5865 ], [ -122.692045, 45.586329 ], [ -122.692179, 45.585954 ], [ -122.692163, 45.585233 ], [ -122.692157, 45.585135 ], [ -122.692152, 45.584489 ], [ -122.692153, 45.583759 ], [ -122.692156, 45.583102 ], [ -122.692464, 45.583098 ], [ -122.692464, 45.582702 ], [ -122.692433, 45.582403 ], [ -122.69242, 45.581993 ], [ -122.692432, 45.581693 ], [ -122.692433, 45.581275 ], [ -122.692439, 45.580973 ], [ -122.692435, 45.580562 ], [ -122.692438, 45.580252 ], [ -122.69244, 45.579844 ], [ -122.692441, 45.579214 ], [ -122.692418, 45.579147 ], [ -122.692395, 45.579081 ], [ -122.692397, 45.578463 ], [ -122.692398, 45.577778 ], [ -122.692399, 45.577232 ], [ -122.692421, 45.577121 ], [ -122.693444, 45.577123 ], [ -122.694459, 45.577125 ], [ -122.69485, 45.577128 ], [ -122.695481, 45.577126 ], [ -122.696492, 45.577125 ], [ -122.697238, 45.577128 ], [ -122.697502, 45.577129 ], [ -122.697898, 45.577131 ], [ -122.698171, 45.577129 ], [ -122.698904, 45.577132 ], [ -122.69931, 45.577133 ], [ -122.699902, 45.577134 ], [ -122.70045, 45.577135 ], [ -122.70102, 45.577136 ], [ -122.701464, 45.577137 ], [ -122.702161, 45.577138 ], [ -122.702757, 45.577136 ], [ -122.70382, 45.577131 ], [ -122.704835, 45.57713 ], [ -122.705387, 45.577134 ], [ -122.705386, 45.577918 ] ] ] } },
{ "type": "Feature", "properties": { "GEOID": "41051005001", "NAMELSAD": "Census Tract 50.01", "area_sqmi": 0.13311227716882376, "total_bike_miles": 1.975, "num_segments": 63, "bike_density": 14.84, "total_pop": 3331, "pop_white": 2516, "pop_black": 167, "pop_asian": 260, "pop_hispanic": 0, "pct_white": 75.5, "pct_nonwhite": 24.5, "pct_black": 5.0, "pct_asian": 7.8, "pct_hispanic": 0.0, "median_income": 114899.0 }, "geometry": { "type": "Polygon", "coordinates": [ [ [ -122.687198, 45.533767 ], [ -122.687174, 45.533913 ], [ -122.687122, 45.534114 ], [ -122.687055, 45.534291 ], [ -122.686974, 45.534459 ], [ -122.686652, 45.535009 ], [ -122.686608, 45.535084 ], [ -122.686436, 45.535232 ], [ -122.685933, 45.535633 ], [ -122.685848, 45.535582 ], [ -122.685621, 45.535432 ], [ -122.685601, 45.535023 ], [ -122.685583, 45.534309 ], [ -122.685556, 45.533596 ], [ -122.68553, 45.532883 ], [ -122.684579, 45.5329 ], [ -122.684515, 45.532901 ], [ -122.683519, 45.532922 ], [ -122.6835, 45.532611 ], [ -122.683475, 45.532207 ], [ -122.683465, 45.531492 ], [ -122.683422, 45.530781 ], [ -122.683399, 45.53007 ], [ -122.683364, 45.529345 ], [ -122.683342, 45.528634 ], [ -122.683302, 45.527921 ], [ -122.68329, 45.527217 ], [ -122.683263, 45.526504 ], [ -122.683237, 45.525791 ], [ -122.683211, 45.525079 ], [ -122.683204, 45.524875 ], [ -122.683187, 45.524369 ], [ -122.683188, 45.524284 ], [ -122.68317, 45.523649 ], [ -122.683152, 45.523451 ], [ -122.683145, 45.522931 ], [ -122.684082, 45.522894 ], [ -122.685291, 45.522902 ], [ -122.685802, 45.522895 ], [ -122.685931, 45.522893 ], [ -122.685962, 45.522953 ], [ -122.686133, 45.523283 ], [ -122.686291, 45.523587 ], [ -122.686437, 45.523585 ], [ -122.68661, 45.523885 ], [ -122.686723, 45.524225 ], [ -122.68682, 45.524748 ], [ -122.686856, 45.525015 ], [ -122.686881, 45.525725 ], [ -122.686947, 45.52644 ], [ -122.687001, 45.528132 ], [ -122.687007, 45.528318 ], [ -122.687012, 45.528578 ], [ -122.68709, 45.529288 ], [ -122.687121, 45.529999 ], [ -122.687153, 45.530713 ], [ -122.687129, 45.531422 ], [ -122.687137, 45.531647 ], [ -122.687156, 45.532141 ], [ -122.687158, 45.532184 ], [ -122.68717, 45.532488 ], [ -122.687184, 45.532855 ], [ -122.687211, 45.533548 ], [ -122.687198, 45.533767 ] ] ] } },
{ "type": "Feature", "properties": { "GEOID": "41051005102", "NAMELSAD": "Census Tract 51.02", "area_sqmi": 0.13542900025498272, "total_bike_miles": 1.285, "num_segments": 27, "bike_density": 9.49, "total_pop": 3081, "pop_white": 2303, "pop_black": 117, "pop_asian": 229, "pop_hispanic": 0, "pct_white": 74.7, "pct_nonwhite": 25.3, "pct_black": 3.8, "pct_asian": 7.4, "pct_hispanic": 0.0, "median_income": 75735.0 }, "geometry": { "type": "Polygon", "coordinates": [ [ [ -122.683399, 45.53007 ], [ -122.683196, 45.530074 ], [ -122.682381, 45.53009 ], [ -122.681525, 45.530114 ], [ -122.681364, 45.530119 ], [ -122.680331, 45.530129 ], [ -122.679874, 45.530119 ], [ -122.679606, 45.530103 ], [ -122.678602, 45.52999 ], [ -122.677643, 45.529881 ], [ -122.677644, 45.528742 ], [ -122.677609, 45.528036 ], [ -122.677595, 45.527321 ], [ -122.677568, 45.526608 ], [ -122.677564, 45.526503 ], [ -122.677542, 45.525896 ], [ -122.677516, 45.525183 ], [ -122.677494, 45.524469 ], [ -122.677463, 45.523757 ], [ -122.677411, 45.523042 ], [ -122.67845, 45.523023 ], [ -122.679071, 45.523016 ], [ -122.680089, 45.522996 ], [ -122.681121, 45.522976 ], [ -122.681607, 45.522951 ], [ -122.682116, 45.522938 ], [ -122.683145, 45.522931 ], [ -122.683152, 45.523451 ], [ -122.68317, 45.523649 ], [ -122.683188, 45.524284 ], [ -122.683187, 45.524369 ], [ -122.683204, 45.524875 ], [ -122.683211, 45.525079 ], [ -122.683237, 45.525791 ], [ -122.683263, 45.526504 ], [ -122.68329, 45.527217 ], [ -122.683302, 45.527921 ], [ -122.683342, 45.528634 ], [ -122.683364, 45.529345 ], [ -122.683399, 45.53007 ] ] ] } },
{ "type": "Feature", "properties": { "GEOID": "41051010601", "NAMELSAD": "Census Tract 106.01", "area_sqmi": 0.077620181307102937, "total_bike_miles": 0.396, "num_segments": 11, "bike_density": 5.1, "total_pop": 1646, "pop_white": 1225, "pop_black": 194, "pop_asian": 120, "pop_hispanic": 0, "pct_white": 74.4, "pct_nonwhite": 25.6, "pct_black": 11.8, "pct_asian": 7.3, "pct_hispanic": 0.0, "median_income": 50455.0 }, "geometry": { "type": "Polygon", "coordinates": [ [ [ -122.686184, 45.516782 ], [ -122.685583, 45.51789 ], [ -122.685227, 45.518557 ], [ -122.68487, 45.519215 ], [ -122.684523, 45.519857 ], [ -122.68451, 45.519882 ], [ -122.684153, 45.520538 ], [ -122.684143, 45.520556 ], [ -122.683782, 45.521223 ], [ -122.683422, 45.521889 ], [ -122.683102, 45.522479 ], [ -122.683112, 45.522568 ], [ -122.683145, 45.522931 ], [ -122.682116, 45.522938 ], [ -122.681607, 45.522951 ], [ -122.681121, 45.522976 ], [ -122.680089, 45.522996 ], [ -122.680071, 45.522518 ], [ -122.680075, 45.521757 ], [ -122.680423, 45.521083 ], [ -122.680783, 45.52042 ], [ -122.681124, 45.519741 ], [ -122.681135, 45.519721 ], [ -122.681499, 45.51908 ], [ -122.681509, 45.519061 ], [ -122.681854, 45.518418 ], [ -122.682201, 45.517742 ], [ -122.682541, 45.517073 ], [ -122.682909, 45.516402 ], [ -122.683269, 45.515741 ], [ -122.684005, 45.515935 ], [ -122.684268, 45.516012 ], [ -122.685287, 45.516285 ], [ -122.686307, 45.516558 ], [ -122.686184, 45.516782 ] ] ] } },
{ "type": "Feature", "properties": { "GEOID": "41051005601", "NAMELSAD": "Census Tract 56.01", "area_sqmi": 0.058142683062212715, "total_bike_miles": 0.394, "num_segments": 11, "bike_density": 6.77, "total_pop": 2539, "pop_white": 1601, "pop_black": 28, "pop_asian": 609, "pop_hispanic": 0, "pct_white": 63.1, "pct_nonwhite": 36.9, "pct_black": 1.1, "pct_asian": 24.0, "pct_hispanic": 0.0, "median_income": 42667.0 }, "geometry": { "type": "Polygon", "coordinates": [ [ [ -122.687025, 45.515222 ], [ -122.686672, 45.515893 ], [ -122.686307, 45.516558 ], [ -122.685287, 45.516285 ], [ -122.684268, 45.516012 ], [ -122.684005, 45.515935 ], [ -122.683269, 45.515741 ], [ -122.682761, 45.515609 ], [ -122.681792, 45.515349 ], [ -122.680769, 45.515076 ], [ -122.67975, 45.514806 ], [ -122.67927, 45.514674 ], [ -122.678742, 45.514527 ], [ -122.679086, 45.513863 ], [ -122.679447, 45.513196 ], [ -122.679787, 45.512521 ], [ -122.68083, 45.512803 ], [ -122.681852, 45.513076 ], [ -122.682874, 45.51335 ], [ -122.683841, 45.513622 ], [ -122.684352, 45.513754 ], [ -122.68537, 45.514018 ], [ -122.686374, 45.514287 ], [ -122.687397, 45.514553 ], [ -122.687025, 45.515222 ] ] ] } },
{ "type": "Feature", "properties": { "GEOID": "41051010602", "NAMELSAD": "Census Tract 106.02", "area_sqmi": 0.39391833688654015, "total_bike_miles": 6.135, "num_segments": 133, "bike_density": 15.57, "total_pop": 1979, "pop_white": 1238, "pop_black": 262, "pop_asian": 91, "pop_hispanic": 0, "pct_white": 62.6, "pct_nonwhite": 37.4, "pct_black": 13.2, "pct_asian": 4.6, "pct_hispanic": 0.0, "median_income": 36432.0 }, "geometry": { "type": "Polygon", "coordinates": [ [ [ -122.682909, 45.516402 ], [ -122.682541, 45.517073 ], [ -122.682201, 45.517742 ], [ -122.681854, 45.518418 ], [ -122.681509, 45.519061 ], [ -122.681499, 45.51908 ], [ -122.681135, 45.519721 ], [ -122.681124, 45.519741 ], [ -122.680783, 45.52042 ], [ -122.680423, 45.521083 ], [ -122.680075, 45.521757 ], [ -122.680071, 45.522518 ], [ -122.680089, 45.522996 ], [ -122.679071, 45.523016 ], [ -122.67845, 45.523023 ], [ -122.677411, 45.523042 ], [ -122.676472, 45.523062 ], [ -122.675406, 45.52308 ], [ -122.674396, 45.523099 ], [ -122.673368, 45.523124 ], [ -122.672366, 45.523133 ], [ -122.67146, 45.523105 ], [ -122.671326, 45.523101 ], [ -122.670282, 45.523104 ], [ -122.670109, 45.523089 ], [ -122.669583, 45.523065 ], [ -122.669238, 45.52306 ], [ -122.667721, 45.523038 ], [ -122.667093, 45.523028 ], [ -122.668653, 45.517592 ], [ -122.670417, 45.51307 ], [ -122.670581, 45.513114 ], [ -122.673231, 45.513823 ], [ -122.673311, 45.513845 ], [ -122.67358, 45.513919 ], [ -122.673887, 45.513883 ], [ -122.674002, 45.513857 ], [ -122.674087, 45.513832 ], [ -122.674242, 45.513771 ], [ -122.674311, 45.513726 ], [ -122.67435, 45.513693 ], [ -122.674502, 45.51354 ], [ -122.674563, 45.513495 ], [ -122.674618, 45.513464 ], [ -122.674718, 45.513424 ], [ -122.675791, 45.513729 ], [ -122.676338, 45.513881 ], [ -122.676716, 45.513986 ], [ -122.67772, 45.514237 ], [ -122.678742, 45.514527 ], [ -122.67927, 45.514674 ], [ -122.67975, 45.514806 ], [ -122.680769, 45.515076 ], [ -122.681792, 45.515349 ], [ -122.682761, 45.515609 ], [ -122.683269, 45.515741 ], [ -122.682909, 45.516402 ] ] ] } },
{ "type": "Feature", "properties": { "GEOID": "41051005602", "NAMELSAD": "Census Tract 56.02", "area_sqmi": 0.13225269790123115, "total_bike_miles": 1.734, "num_segments": 36, "bike_density": 13.11, "total_pop": 3116, "pop_white": 1582, "pop_black": 235, "pop_asian": 372, "pop_hispanic": 0, "pct_white": 50.8, "pct_nonwhite": 49.2, "pct_black": 7.5, "pct_asian": 11.9, "pct_hispanic": 0.0, "median_income": 47794.0 }, "geometry": { "type": "Polygon", "coordinates": [ [ [ -122.688771, 45.51212 ], [ -122.688117, 45.513227 ], [ -122.687752, 45.513885 ], [ -122.687397, 45.514553 ], [ -122.686374, 45.514287 ], [ -122.68537, 45.514018 ], [ -122.684352, 45.513754 ], [ -122.683841, 45.513622 ], [ -122.682874, 45.51335 ], [ -122.681852, 45.513076 ], [ -122.68083, 45.512803 ], [ -122.679787, 45.512521 ], [ -122.680169, 45.511863 ], [ -122.680254, 45.511706 ], [ -122.680519, 45.511214 ], [ -122.680754, 45.510724 ], [ -122.680855, 45.510513 ], [ -122.681229, 45.509865 ], [ -122.681609, 45.509196 ], [ -122.68175, 45.508918 ], [ -122.681764, 45.50889 ], [ -122.681836, 45.508683 ], [ -122.681887, 45.508453 ], [ -122.681911, 45.507962 ], [ -122.681967, 45.507305 ], [ -122.681987, 45.506422 ], [ -122.683012, 45.507061 ], [ -122.683566, 45.507399 ], [ -122.68376, 45.507517 ], [ -122.684103, 45.507738 ], [ -122.684198, 45.507799 ], [ -122.684406, 45.507966 ], [ -122.684735, 45.508166 ], [ -122.685138, 45.508424 ], [ -122.685281, 45.508522 ], [ -122.685459, 45.50865 ], [ -122.685611, 45.508746 ], [ -122.685666, 45.508781 ], [ -122.686485, 45.509299 ], [ -122.687113, 45.509801 ], [ -122.687284, 45.509938 ], [ -122.687414, 45.510061 ], [ -122.687529, 45.510169 ], [ -122.687698, 45.510336 ], [ -122.687963, 45.510606 ], [ -122.688239, 45.51092 ], [ -122.688538, 45.511306 ], [ -122.688908, 45.511858 ], [ -122.688771, 45.51212 ] ] ] } },
{ "type": "Feature", "properties": { "GEOID": "41051004902", "NAMELSAD": "Census Tract 49.02", "area_sqmi": 0.084458297284496942, "total_bike_miles": 1.653, "num_segments": 40, "bike_density": 19.57, "total_pop": 2522, "pop_white": 1687, "pop_black": 235, "pop_asian": 51, "pop_hispanic": 0, "pct_white": 66.9, "pct_nonwhite": 33.1, "pct_black": 9.3, "pct_asian": 2.0, "pct_hispanic": 0.0, "median_income": 46613.0 }, "geometry": { "type": "Polygon", "coordinates": [ [ [ -122.692524, 45.529901 ], [ -122.691901, 45.529912 ], [ -122.690495, 45.529938 ], [ -122.689481, 45.529957 ], [ -122.689458, 45.529237 ], [ -122.689428, 45.528531 ], [ -122.689401, 45.527818 ], [ -122.689375, 45.527106 ], [ -122.688361, 45.527124 ], [ -122.688334, 45.526411 ], [ -122.688308, 45.525699 ], [ -122.688281, 45.524986 ], [ -122.688264, 45.524275 ], [ -122.68823, 45.52366 ], [ -122.688224, 45.523554 ], [ -122.688216, 45.522942 ], [ -122.688216, 45.522918 ], [ -122.68828, 45.522921 ], [ -122.688588, 45.522935 ], [ -122.689219, 45.522967 ], [ -122.690222, 45.52301 ], [ -122.690608, 45.523031 ], [ -122.691266, 45.523068 ], [ -122.691403, 45.523074 ], [ -122.692271, 45.523118 ], [ -122.692338, 45.524911 ], [ -122.692364, 45.525624 ], [ -122.692391, 45.526337 ], [ -122.692417, 45.52705 ], [ -122.692444, 45.527763 ], [ -122.69247, 45.528475 ], [ -122.692497, 45.529188 ], [ -122.692516, 45.529688 ], [ -122.692524, 45.529901 ] ] ] } },
{ "type": "Feature", "properties": { "GEOID": "41051009102", "NAMELSAD": "Census Tract 91.02", "area_sqmi": 2.0265425133396544, "total_bike_miles": 3.646, "num_segments": 34, "bike_density": 1.8, "total_pop": 7201, "pop_white": 3940, "pop_black": 627, "pop_asian": 1344, "pop_hispanic": 0, "pct_white": 54.7, "pct_nonwhite": 45.3, "pct_black": 8.7, "pct_asian": 18.7, "pct_hispanic": 0.0, "median_income": 76783.0 }, "geometry": { "type": "Polygon", "coordinates": [ [ [ -122.523587, 45.485427 ], [ -122.523577, 45.486258 ], [ -122.52357, 45.487422 ], [ -122.523572, 45.488039 ], [ -122.52357, 45.488711 ], [ -122.523565, 45.490155 ], [ -122.523564, 45.490551 ], [ -122.523563, 45.490679 ], [ -122.523563, 45.490739 ], [ -122.523562, 45.491174 ], [ -122.523561, 45.491484 ], [ -122.523558, 45.492407 ], [ -122.523558, 45.492668 ], [ -122.523556, 45.493301 ], [ -122.523555, 45.493815 ], [ -122.523554, 45.494238 ], [ -122.523554, 45.494663 ], [ -122.523551, 45.495113 ], [ -122.52355, 45.495414 ], [ -122.523548, 45.495893 ], [ -122.523548, 45.496048 ], [ -122.523548, 45.496178 ], [ -122.523544, 45.497385 ], [ -122.523549, 45.497856 ], [ -122.522219, 45.49809 ], [ -122.522123, 45.498105 ], [ -122.521953, 45.498131 ], [ -122.521376, 45.498219 ], [ -122.520436, 45.498375 ], [ -122.519317, 45.498561 ], [ -122.51856, 45.498714 ], [ -122.51839, 45.498748 ], [ -122.51708, 45.498982 ], [ -122.516418, 45.499101 ], [ -122.515782, 45.499197 ], [ -122.515612, 45.499218 ], [ -122.515483, 45.499227 ], [ -122.515241, 45.499224 ], [ -122.515087, 45.499212 ], [ -122.514916, 45.499183 ], [ -122.514728, 45.499146 ], [ -122.514454, 45.49908 ], [ -122.513826, 45.498918 ], [ -122.512339, 45.498498 ], [ -122.510622, 45.498054 ], [ -122.508979, 45.497636 ], [ -122.507196, 45.497148 ], [ -122.50673, 45.49702 ], [ -122.505988, 45.496851 ], [ -122.50475, 45.496522 ], [ -122.503875, 45.49629 ], [ -122.502425, 45.495953 ], [ -122.50233, 45.495931 ], [ -122.500865, 45.495636 ], [ -122.500457, 45.495554 ], [ -122.498951, 45.495247 ], [ -122.498118, 45.495082 ], [ -122.496653, 45.494776 ], [ -122.494983, 45.494437 ], [ -122.493053, 45.494059 ], [ -122.492299, 45.493888 ], [ -122.489971, 45.493417 ], [ -122.489599, 45.493335 ], [ -122.48787, 45.492956 ], [ -122.485456, 45.492463 ], [ -122.484673, 45.492309 ], [ -122.484712, 45.49076 ], [ -122.484711, 45.490488 ], [ -122.484716, 45.490267 ], [ -122.484722, 45.489987 ], [ -122.484723, 45.489963 ], [ -122.484692, 45.48918 ], [ -122.484692, 45.489166 ], [ -122.484694, 45.489045 ], [ -122.484697, 45.48888 ], [ -122.484725, 45.487197 ], [ -122.484733, 45.486721 ], [ -122.484734, 45.486668 ], [ -122.484734, 45.486637 ], [ -122.484734, 45.486594 ], [ -122.484736, 45.486496 ], [ -122.48476, 45.486359 ], [ -122.484782, 45.486299 ], [ -122.484814, 45.486242 ], [ -122.484911, 45.486144 ], [ -122.48498, 45.486058 ], [ -122.485033, 45.485978 ], [ -122.485086, 45.485876 ], [ -122.485127, 45.485762 ], [ -122.485159, 45.485646 ], [ -122.48516, 45.485466 ], [ -122.486686, 45.485143 ], [ -122.48708, 45.485048 ], [ -122.487467, 45.484939 ], [ -122.487843, 45.484815 ], [ -122.488211, 45.484678 ], [ -122.488569, 45.484528 ], [ -122.488914, 45.484364 ], [ -122.489246, 45.484188 ], [ -122.489566, 45.484 ], [ -122.489869, 45.483801 ], [ -122.490305, 45.483531 ], [ -122.491562, 45.482751 ], [ -122.491598, 45.482729 ], [ -122.491632, 45.482708 ], [ -122.491756, 45.482631 ], [ -122.49218, 45.48237 ], [ -122.492968, 45.481885 ], [ -122.493144, 45.481776 ], [ -122.493791, 45.481378 ], [ -122.496046, 45.479929 ], [ -122.496864, 45.47948 ], [ -122.497689, 45.479161 ], [ -122.497854, 45.479088 ], [ -122.498129, 45.47898 ], [ -122.498411, 45.478883 ], [ -122.498745, 45.478784 ], [ -122.499125, 45.478693 ], [ -122.4995, 45.478614 ], [ -122.499955, 45.478542 ], [ -122.50074, 45.478471 ], [ -122.501165, 45.478452 ], [ -122.501778, 45.478459 ], [ -122.502143, 45.478479 ], [ -122.502606, 45.478519 ], [ -122.504032, 45.478685 ], [ -122.504214, 45.478708 ], [ -122.505671, 45.478896 ], [ -122.506628, 45.47902 ], [ -122.509984, 45.479452 ], [ -122.513091, 45.479841 ], [ -122.514661, 45.480038 ], [ -122.516635, 45.480308 ], [ -122.519045, 45.480638 ], [ -122.519934, 45.480742 ], [ -122.523578, 45.48117 ], [ -122.523579, 45.48133 ], [ -122.523579, 45.481712 ], [ -122.523581, 45.482622 ], [ -122.523574, 45.483433 ], [ -122.523577, 45.484463 ], [ -122.523578, 45.484718 ], [ -122.523582, 45.485035 ], [ -122.523587, 45.485427 ] ] ] } },
{ "type": "Feature", "properties": { "GEOID": "41051009301", "NAMELSAD": "Census Tract 93.01", "area_sqmi": 0.66244839029743163, "total_bike_miles": 2.763, "num_segments": 34, "bike_density": 4.17, "total_pop": 6135, "pop_white": 2431, "pop_black": 455, "pop_asian": 649, "pop_hispanic": 0, "pct_white": 39.6, "pct_nonwhite": 60.4, "pct_black": 7.4, "pct_asian": 10.6, "pct_hispanic": 0.0, "median_income": 60000.0 }, "geometry": { "type": "Polygon", "coordinates": [ [ [ -122.510665, 45.521355 ], [ -122.51066, 45.521747 ], [ -122.510657, 45.521967 ], [ -122.510656, 45.522022 ], [ -122.510656, 45.522061 ], [ -122.510656, 45.522088 ], [ -122.510656, 45.522111 ], [ -122.510655, 45.522168 ], [ -122.510654, 45.522208 ], [ -122.510654, 45.522246 ], [ -122.510653, 45.522303 ], [ -122.510653, 45.522632 ], [ -122.510654, 45.523382 ], [ -122.510655, 45.52362 ], [ -122.510611, 45.525456 ], [ -122.510587, 45.526463 ], [ -122.510575, 45.526892 ], [ -122.510548, 45.527061 ], [ -122.510525, 45.527145 ], [ -122.510461, 45.527308 ], [ -122.510374, 45.527466 ], [ -122.510321, 45.527542 ], [ -122.510198, 45.527688 ], [ -122.509355, 45.528586 ], [ -122.508498, 45.529507 ], [ -122.508417, 45.529643 ], [ -122.508321, 45.529964 ], [ -122.508285, 45.531413 ], [ -122.508302, 45.531782 ], [ -122.508352, 45.53206 ], [ -122.50841, 45.532346 ], [ -122.508512, 45.532645 ], [ -122.508653, 45.532968 ], [ -122.508786, 45.533197 ], [ -122.508967, 45.533525 ], [ -122.509009, 45.533683 ], [ -122.506498, 45.533669 ], [ -122.506132, 45.533671 ], [ -122.506003, 45.533672 ], [ -122.505028, 45.533672 ], [ -122.504737, 45.533671 ], [ -122.503819, 45.533665 ], [ -122.503516, 45.533665 ], [ -122.502674, 45.53367 ], [ -122.502455, 45.533672 ], [ -122.500994, 45.533665 ], [ -122.499, 45.533665 ], [ -122.498371, 45.533664 ], [ -122.497924, 45.533716 ], [ -122.497668, 45.533763 ], [ -122.497618, 45.533775 ], [ -122.497417, 45.533826 ], [ -122.496664, 45.534064 ], [ -122.496604, 45.534084 ], [ -122.496217, 45.534182 ], [ -122.495979, 45.534231 ], [ -122.495784, 45.534262 ], [ -122.495838, 45.533673 ], [ -122.49586, 45.533315 ], [ -122.495871, 45.533145 ], [ -122.49587, 45.533052 ], [ -122.495878, 45.532846 ], [ -122.495882, 45.532734 ], [ -122.49589, 45.532565 ], [ -122.495893, 45.532533 ], [ -122.495901, 45.532433 ], [ -122.49591, 45.53232 ], [ -122.495929, 45.532086 ], [ -122.495935, 45.53201 ], [ -122.495943, 45.531915 ], [ -122.495986, 45.53142 ], [ -122.496098, 45.530123 ], [ -122.496121, 45.529893 ], [ -122.496178, 45.529151 ], [ -122.496268, 45.527963 ], [ -122.496296, 45.527513 ], [ -122.496307, 45.527358 ], [ -122.496353, 45.527144 ], [ -122.496355, 45.527083 ], [ -122.496377, 45.526424 ], [ -122.496424, 45.525209 ], [ -122.496428, 45.524817 ], [ -122.49644, 45.523711 ], [ -122.496447, 45.523092 ], [ -122.496456, 45.522201 ], [ -122.496456, 45.522161 ], [ -122.496456, 45.522096 ], [ -122.496447, 45.519156 ], [ -122.497188, 45.519158 ], [ -122.498164, 45.519155 ], [ -122.499058, 45.519152 ], [ -122.499652, 45.519157 ], [ -122.500682, 45.519154 ], [ -122.501628, 45.519152 ], [ -122.503007, 45.519157 ], [ -122.503688, 45.51916 ], [ -122.504224, 45.519158 ], [ -122.504901, 45.519156 ], [ -122.506177, 45.519154 ], [ -122.506706, 45.519159 ], [ -122.508127, 45.519154 ], [ -122.510693, 45.519156 ], [ -122.510665, 45.521355 ] ] ] } },
{ "type": "Feature", "properties": { "GEOID": "41051009302", "NAMELSAD": "Census Tract 93.02", "area_sqmi": 1.0498777016278453, "total_bike_miles": 4.113, "num_segments": 54, "bike_density": 3.92, "total_pop": 4892, "pop_white": 2733, "pop_black": 193, "pop_asian": 997, "pop_hispanic": 0, "pct_white": 55.9, "pct_nonwhite": 44.1, "pct_black": 3.9, "pct_asian": 20.4, "pct_hispanic": 0.0, "median_income": 70819.0 }, "geometry": { "type": "Polygon", "coordinates": [ [ [ -122.537767, 45.522512 ], [ -122.537767, 45.522534 ], [ -122.537766, 45.522601 ], [ -122.537745, 45.524047 ], [ -122.537749, 45.526293 ], [ -122.537739, 45.527072 ], [ -122.537718, 45.528562 ], [ -122.537712, 45.529135 ], [ -122.537705, 45.529461 ], [ -122.537694, 45.530241 ], [ -122.537681, 45.531164 ], [ -122.537679, 45.531304 ], [ -122.537664, 45.532402 ], [ -122.537647, 45.533097 ], [ -122.537636, 45.533574 ], [ -122.535553, 45.533562 ], [ -122.534534, 45.533555 ], [ -122.533787, 45.533551 ], [ -122.533189, 45.533548 ], [ -122.531144, 45.533541 ], [ -122.529333, 45.533524 ], [ -122.52814, 45.533523 ], [ -122.527545, 45.533522 ], [ -122.527214, 45.533522 ], [ -122.525348, 45.53355 ], [ -122.524494, 45.533565 ], [ -122.52262, 45.533576 ], [ -122.522039, 45.533589 ], [ -122.521209, 45.533605 ], [ -122.520554, 45.533618 ], [ -122.519301, 45.533643 ], [ -122.518115, 45.533666 ], [ -122.516901, 45.533691 ], [ -122.515585, 45.533696 ], [ -122.515308, 45.533691 ], [ -122.512981, 45.533671 ], [ -122.51049, 45.533659 ], [ -122.509009, 45.533683 ], [ -122.508967, 45.533525 ], [ -122.508786, 45.533197 ], [ -122.508653, 45.532968 ], [ -122.508512, 45.532645 ], [ -122.50841, 45.532346 ], [ -122.508352, 45.53206 ], [ -122.508302, 45.531782 ], [ -122.508285, 45.531413 ], [ -122.508321, 45.529964 ], [ -122.508417, 45.529643 ], [ -122.508498, 45.529507 ], [ -122.509355, 45.528586 ], [ -122.510198, 45.527688 ], [ -122.510321, 45.527542 ], [ -122.510374, 45.527466 ], [ -122.510461, 45.527308 ], [ -122.510525, 45.527145 ], [ -122.510548, 45.527061 ], [ -122.510575, 45.526892 ], [ -122.510587, 45.526463 ], [ -122.510611, 45.525456 ], [ -122.510655, 45.52362 ], [ -122.510654, 45.523382 ], [ -122.510653, 45.522632 ], [ -122.510653, 45.522303 ], [ -122.512148, 45.522354 ], [ -122.513221, 45.522392 ], [ -122.514765, 45.522405 ], [ -122.515795, 45.522415 ], [ -122.516909, 45.522424 ], [ -122.517987, 45.522432 ], [ -122.518378, 45.522435 ], [ -122.519248, 45.522447 ], [ -122.519659, 45.52245 ], [ -122.52095, 45.522458 ], [ -122.522177, 45.522466 ], [ -122.522632, 45.52246 ], [ -122.523515, 45.522467 ], [ -122.524456, 45.522475 ], [ -122.526101, 45.522488 ], [ -122.527373, 45.522489 ], [ -122.527511, 45.52249 ], [ -122.530849, 45.522505 ], [ -122.531688, 45.522509 ], [ -122.531847, 45.52251 ], [ -122.532546, 45.522534 ], [ -122.533865, 45.522534 ], [ -122.534922, 45.522549 ], [ -122.534943, 45.522503 ], [ -122.534952, 45.522484 ], [ -122.535188, 45.522473 ], [ -122.535735, 45.522477 ], [ -122.537767, 45.522494 ], [ -122.537767, 45.522512 ] ] ] } },
{ "type": "Feature", "properties": { "GEOID": "41051009400", "NAMELSAD": "Census Tract 94", "area_sqmi": 1.4568303900883843, "total_bike_miles": 5.735, "num_segments": 61, "bike_density": 3.94, "total_pop": 7017, "pop_white": 4341, "pop_black": 940, "pop_asian": 756, "pop_hispanic": 0, "pct_white": 61.9, "pct_nonwhite": 38.1, "pct_black": 13.4, "pct_asian": 10.8, "pct_hispanic": 0.0, "median_income": 82870.0 }, "geometry": { "type": "Polygon", "coordinates": [ [ [ -122.537636, 45.536323 ], [ -122.537606, 45.537218 ], [ -122.537601, 45.537451 ], [ -122.537565, 45.539518 ], [ -122.537567, 45.539884 ], [ -122.537529, 45.541275 ], [ -122.537466, 45.54275 ], [ -122.537408, 45.544173 ], [ -122.537419, 45.544483 ], [ -122.537416, 45.545148 ], [ -122.537398, 45.546389 ], [ -122.537388, 45.546582 ], [ -122.537387, 45.546822 ], [ -122.537387, 45.546842 ], [ -122.53666, 45.546702 ], [ -122.530385, 45.545507 ], [ -122.528319, 45.545129 ], [ -122.5265, 45.544942 ], [ -122.524319, 45.544719 ], [ -122.523509, 45.544625 ], [ -122.516273, 45.543789 ], [ -122.515824, 45.543737 ], [ -122.513829, 45.543506 ], [ -122.510242, 45.543092 ], [ -122.509253, 45.54296 ], [ -122.50706, 45.542715 ], [ -122.50491, 45.542562 ], [ -122.504443, 45.542581 ], [ -122.503543, 45.542618 ], [ -122.502599, 45.542614 ], [ -122.501996, 45.542611 ], [ -122.501236, 45.542608 ], [ -122.500126, 45.542632 ], [ -122.495887, 45.542722 ], [ -122.495732, 45.542725 ], [ -122.495713, 45.542711 ], [ -122.495706, 45.542423 ], [ -122.495694, 45.542234 ], [ -122.495702, 45.54213 ], [ -122.495692, 45.541589 ], [ -122.49571, 45.541039 ], [ -122.495754, 45.539719 ], [ -122.495754, 45.538547 ], [ -122.495753, 45.537682 ], [ -122.49576, 45.537102 ], [ -122.495761, 45.536546 ], [ -122.495762, 45.536096 ], [ -122.495762, 45.536014 ], [ -122.495766, 45.535376 ], [ -122.495769, 45.534956 ], [ -122.495784, 45.534262 ], [ -122.495979, 45.534231 ], [ -122.496217, 45.534182 ], [ -122.496604, 45.534084 ], [ -122.496664, 45.534064 ], [ -122.497417, 45.533826 ], [ -122.497618, 45.533775 ], [ -122.497668, 45.533763 ], [ -122.497924, 45.533716 ], [ -122.498371, 45.533664 ], [ -122.499, 45.533665 ], [ -122.500994, 45.533665 ], [ -122.502455, 45.533672 ], [ -122.502674, 45.53367 ], [ -122.503516, 45.533665 ], [ -122.503819, 45.533665 ], [ -122.504737, 45.533671 ], [ -122.505028, 45.533672 ], [ -122.506003, 45.533672 ], [ -122.506132, 45.533671 ], [ -122.506498, 45.533669 ], [ -122.509009, 45.533683 ], [ -122.51049, 45.533659 ], [ -122.512981, 45.533671 ], [ -122.515308, 45.533691 ], [ -122.515585, 45.533696 ], [ -122.516901, 45.533691 ], [ -122.518115, 45.533666 ], [ -122.519301, 45.533643 ], [ -122.520554, 45.533618 ], [ -122.521209, 45.533605 ], [ -122.522039, 45.533589 ], [ -122.52262, 45.533576 ], [ -122.524494, 45.533565 ], [ -122.525348, 45.53355 ], [ -122.527214, 45.533522 ], [ -122.527545, 45.533522 ], [ -122.52814, 45.533523 ], [ -122.529333, 45.533524 ], [ -122.531144, 45.533541 ], [ -122.533189, 45.533548 ], [ -122.533787, 45.533551 ], [ -122.534534, 45.533555 ], [ -122.535553, 45.533562 ], [ -122.537636, 45.533574 ], [ -122.537626, 45.53498 ], [ -122.537636, 45.536323 ] ] ] } },
{ "type": "Feature", "properties": { "GEOID": "41051009501", "NAMELSAD": "Census Tract 95.01", "area_sqmi": 0.71002528077231253, "total_bike_miles": 0.154, "num_segments": 2, "bike_density": 0.22, "total_pop": 5148, "pop_white": 2596, "pop_black": 763, "pop_asian": 650, "pop_hispanic": 0, "pct_white": 50.4, "pct_nonwhite": 49.6, "pct_black": 14.8, "pct_asian": 12.6, "pct_hispanic": 0.0, "median_income": 70820.0 }, "geometry": { "type": "Polygon", "coordinates": [ [ [ -122.537401, 45.546988 ], [ -122.537342, 45.548049 ], [ -122.536459, 45.548049 ], [ -122.536463, 45.547311 ], [ -122.534863, 45.546992 ], [ -122.534643, 45.54695 ], [ -122.533144, 45.546661 ], [ -122.532227, 45.546483 ], [ -122.530668, 45.546191 ], [ -122.529588, 45.545977 ], [ -122.528427, 45.545777 ], [ -122.527312, 45.545633 ], [ -122.526349, 45.545519 ], [ -122.525326, 45.545404 ], [ -122.524568, 45.545319 ], [ -122.524405, 45.545311 ], [ -122.524316, 45.545314 ], [ -122.524116, 45.545338 ], [ -122.523968, 45.545386 ], [ -122.523493, 45.545635 ], [ -122.523395, 45.545541 ], [ -122.523228, 45.545425 ], [ -122.523125, 45.545361 ], [ -122.522845, 45.545215 ], [ -122.522672, 45.545143 ], [ -122.522551, 45.545098 ], [ -122.522301, 45.545022 ], [ -122.52204, 45.544964 ], [ -122.521909, 45.544942 ], [ -122.518845, 45.544612 ], [ -122.518408, 45.544547 ], [ -122.518317, 45.544541 ], [ -122.518227, 45.544542 ], [ -122.518136, 45.54455 ], [ -122.518049, 45.544565 ], [ -122.517678, 45.544684 ], [ -122.517785, 45.545096 ], [ -122.51786, 45.54562 ], [ -122.5179, 45.54606 ], [ -122.517899, 45.546545 ], [ -122.51784, 45.547185 ], [ -122.517791, 45.547487 ], [ -122.51777, 45.54785 ], [ -122.517751, 45.548347 ], [ -122.517754, 45.548796 ], [ -122.51776, 45.549578 ], [ -122.517765, 45.549776 ], [ -122.517796, 45.549907 ], [ -122.51784, 45.550035 ], [ -122.517889, 45.550114 ], [ -122.517937, 45.550186 ], [ -122.518007, 45.550259 ], [ -122.518198, 45.550431 ], [ -122.519524, 45.551371 ], [ -122.519644, 45.55148 ], [ -122.519697, 45.551539 ], [ -122.519744, 45.5516 ], [ -122.519784, 45.551663 ], [ -122.519843, 45.551796 ], [ -122.519868, 45.551863 ], [ -122.519883, 45.551932 ], [ -122.51989, 45.552072 ], [ -122.519883, 45.552147 ], [ -122.519877, 45.552421 ], [ -122.519481, 45.55347 ], [ -122.519276, 45.554012 ], [ -122.519206, 45.554189 ], [ -122.519189, 45.554231 ], [ -122.516149, 45.553696 ], [ -122.515838, 45.553641 ], [ -122.511252, 45.552833 ], [ -122.51111, 45.552808 ], [ -122.510307, 45.552666 ], [ -122.510307, 45.552621 ], [ -122.510305, 45.552411 ], [ -122.50952, 45.552274 ], [ -122.508323, 45.552052 ], [ -122.506103, 45.551657 ], [ -122.504776, 45.551396 ], [ -122.503616, 45.551168 ], [ -122.502362, 45.550911 ], [ -122.50077, 45.550605 ], [ -122.500359, 45.550526 ], [ -122.500219, 45.550499 ], [ -122.50003, 45.550446 ], [ -122.49912, 45.550172 ], [ -122.498575, 45.550025 ], [ -122.49807, 45.549909 ], [ -122.497592, 45.549816 ], [ -122.497092, 45.54973 ], [ -122.496219, 45.549568 ], [ -122.495972, 45.549517 ], [ -122.49591, 45.548258 ], [ -122.496012, 45.548163 ], [ -122.496014, 45.547241 ], [ -122.496015, 45.546818 ], [ -122.495937, 45.546106 ], [ -122.495882, 45.545595 ], [ -122.495772, 45.544913 ], [ -122.49582, 45.544356 ], [ -122.495822, 45.543841 ], [ -122.495824, 45.543342 ], [ -122.495825, 45.543209 ], [ -122.495825, 45.543104 ], [ -122.495826, 45.542795 ], [ -122.495732, 45.542725 ], [ -122.495887, 45.542722 ], [ -122.500126, 45.542632 ], [ -122.501236, 45.542608 ], [ -122.501996, 45.542611 ], [ -122.502599, 45.542614 ], [ -122.503543, 45.542618 ], [ -122.504443, 45.542581 ], [ -122.50491, 45.542562 ], [ -122.50706, 45.542715 ], [ -122.509253, 45.54296 ], [ -122.510242, 45.543092 ], [ -122.513829, 45.543506 ], [ -122.515824, 45.543737 ], [ -122.516273, 45.543789 ], [ -122.523509, 45.544625 ], [ -122.524319, 45.544719 ], [ -122.5265, 45.544942 ], [ -122.528319, 45.545129 ], [ -122.530385, 45.545507 ], [ -122.53666, 45.546702 ], [ -122.537387, 45.546842 ], [ -122.537401, 45.546988 ] ] ] } },
{ "type": "Feature", "properties": { "GEOID": "41051006002", "NAMELSAD": "Census Tract 60.02", "area_sqmi": 0.51877647490042234, "total_bike_miles": 2.559, "num_segments": 43, "bike_density": 4.93, "total_pop": 2334, "pop_white": 2000, "pop_black": 22, "pop_asian": 50, "pop_hispanic": 0, "pct_white": 85.7, "pct_nonwhite": 14.3, "pct_black": 0.9, "pct_asian": 2.1, "pct_hispanic": 0.0, "median_income": 131750.0 }, "geometry": { "type": "Polygon", "coordinates": [ [ [ -122.69782, 45.477896 ], [ -122.697093, 45.478079 ], [ -122.696139, 45.478236 ], [ -122.694248, 45.478562 ], [ -122.693486, 45.478728 ], [ -122.69325, 45.478789 ], [ -122.693133, 45.478827 ], [ -122.692908, 45.478914 ], [ -122.692654, 45.479006 ], [ -122.692003, 45.47924 ], [ -122.689738, 45.480103 ], [ -122.68929, 45.480228 ], [ -122.688742, 45.480255 ], [ -122.687873, 45.480235 ], [ -122.687404, 45.480183 ], [ -122.687002, 45.480204 ], [ -122.686804, 45.480259 ], [ -122.686632, 45.480313 ], [ -122.686437, 45.480336 ], [ -122.685973, 45.480319 ], [ -122.685763, 45.480308 ], [ -122.685088, 45.480235 ], [ -122.684753, 45.48019 ], [ -122.68455, 45.480152 ], [ -122.684297, 45.480077 ], [ -122.683987, 45.480014 ], [ -122.683663, 45.479929 ], [ -122.683635, 45.479925 ], [ -122.683348, 45.479898 ], [ -122.683048, 45.479895 ], [ -122.682808, 45.479911 ], [ -122.681834, 45.480045 ], [ -122.681208, 45.480132 ], [ -122.680507, 45.480228 ], [ -122.680216, 45.480325 ], [ -122.680111, 45.479671 ], [ -122.680032, 45.479167 ], [ -122.679746, 45.477347 ], [ -122.679672, 45.476924 ], [ -122.679538, 45.476015 ], [ -122.679517, 45.475875 ], [ -122.679254, 45.474022 ], [ -122.679246, 45.473964 ], [ -122.679229, 45.473651 ], [ -122.679229, 45.473546 ], [ -122.67925, 45.473337 ], [ -122.679267, 45.473233 ], [ -122.679295, 45.473131 ], [ -122.679338, 45.47303 ], [ -122.679432, 45.47282 ], [ -122.679145, 45.472745 ], [ -122.677627, 45.472726 ], [ -122.677502, 45.472453 ], [ -122.677447, 45.472124 ], [ -122.677428, 45.47189 ], [ -122.677469, 45.471588 ], [ -122.677559, 45.471212 ], [ -122.677686, 45.471005 ], [ -122.677854, 45.470752 ], [ -122.678084, 45.470491 ], [ -122.678451, 45.470225 ], [ -122.678752, 45.470036 ], [ -122.678892, 45.469964 ], [ -122.679043, 45.469895 ], [ -122.679403, 45.469758 ], [ -122.679797, 45.46967 ], [ -122.680137, 45.469661 ], [ -122.680803, 45.469663 ], [ -122.681498, 45.469771 ], [ -122.681873, 45.469829 ], [ -122.682602, 45.469964 ], [ -122.684905, 45.470322 ], [ -122.685891, 45.470396 ], [ -122.686462, 45.470393 ], [ -122.686956, 45.470374 ], [ -122.687464, 45.470347 ], [ -122.688089, 45.470265 ], [ -122.688379, 45.470821 ], [ -122.688476, 45.470979 ], [ -122.688528, 45.471033 ], [ -122.688598, 45.471084 ], [ -122.688688, 45.471122 ], [ -122.688882, 45.471146 ], [ -122.689552, 45.471144 ], [ -122.690057, 45.47113 ], [ -122.690208, 45.471102 ], [ -122.690507, 45.471055 ], [ -122.690801, 45.470995 ], [ -122.691089, 45.470922 ], [ -122.691234, 45.47088 ], [ -122.69135, 45.470851 ], [ -122.691591, 45.470805 ], [ -122.691713, 45.470788 ], [ -122.691963, 45.470768 ], [ -122.69218, 45.470756 ], [ -122.692395, 45.470747 ], [ -122.692493, 45.470748 ], [ -122.69269, 45.470763 ], [ -122.692881, 45.470792 ], [ -122.692976, 45.470811 ], [ -122.693159, 45.470861 ], [ -122.693333, 45.470924 ], [ -122.693495, 45.471 ], [ -122.693574, 45.471042 ], [ -122.693718, 45.471135 ], [ -122.693847, 45.471238 ], [ -122.693961, 45.47135 ], [ -122.694604, 45.472503 ], [ -122.696031, 45.475111 ], [ -122.696563, 45.476046 ], [ -122.696809, 45.476444 ], [ -122.696961, 45.476653 ], [ -122.697278, 45.477019 ], [ -122.697507, 45.477253 ], [ -122.697774, 45.477483 ], [ -122.698275, 45.477832 ], [ -122.69782, 45.477896 ] ] ] } },
{ "type": "Feature", "properties": { "GEOID": "41051009502", "NAMELSAD": "Census Tract 95.02", "area_sqmi": 0.63307560211360736, "total_bike_miles": 1.396, "num_segments": 15, "bike_density": 2.21, "total_pop": 3930, "pop_white": 2136, "pop_black": 550, "pop_asian": 497, "pop_hispanic": 0, "pct_white": 54.4, "pct_nonwhite": 45.6, "pct_black": 14.0, "pct_asian": 12.6, "pct_hispanic": 0.0, "median_income": 76030.0 }, "geometry": { "type": "Polygon", "coordinates": [ [ [ -122.538201, 45.557263 ], [ -122.538079, 45.557246 ], [ -122.537711, 45.557205 ], [ -122.537752, 45.557461 ], [ -122.537756, 45.55748 ], [ -122.533176, 45.556684 ], [ -122.528389, 45.555853 ], [ -122.522551, 45.554824 ], [ -122.521106, 45.554569 ], [ -122.519189, 45.554231 ], [ -122.519206, 45.554189 ], [ -122.519276, 45.554012 ], [ -122.519481, 45.55347 ], [ -122.519877, 45.552421 ], [ -122.519883, 45.552147 ], [ -122.51989, 45.552072 ], [ -122.519883, 45.551932 ], [ -122.519868, 45.551863 ], [ -122.519843, 45.551796 ], [ -122.519784, 45.551663 ], [ -122.519744, 45.5516 ], [ -122.519697, 45.551539 ], [ -122.519644, 45.55148 ], [ -122.519524, 45.551371 ], [ -122.518198, 45.550431 ], [ -122.518007, 45.550259 ], [ -122.517937, 45.550186 ], [ -122.517889, 45.550114 ], [ -122.51784, 45.550035 ], [ -122.517796, 45.549907 ], [ -122.517765, 45.549776 ], [ -122.51776, 45.549578 ], [ -122.517754, 45.548796 ], [ -122.517751, 45.548347 ], [ -122.51777, 45.54785 ], [ -122.517791, 45.547487 ], [ -122.51784, 45.547185 ], [ -122.517899, 45.546545 ], [ -122.5179, 45.54606 ], [ -122.51786, 45.54562 ], [ -122.517785, 45.545096 ], [ -122.517678, 45.544684 ], [ -122.518049, 45.544565 ], [ -122.518136, 45.54455 ], [ -122.518227, 45.544542 ], [ -122.518317, 45.544541 ], [ -122.518408, 45.544547 ], [ -122.518845, 45.544612 ], [ -122.521909, 45.544942 ], [ -122.52204, 45.544964 ], [ -122.522301, 45.545022 ], [ -122.522551, 45.545098 ], [ -122.522672, 45.545143 ], [ -122.522845, 45.545215 ], [ -122.523125, 45.545361 ], [ -122.523228, 45.545425 ], [ -122.523395, 45.545541 ], [ -122.523493, 45.545635 ], [ -122.523968, 45.545386 ], [ -122.524116, 45.545338 ], [ -122.524316, 45.545314 ], [ -122.524405, 45.545311 ], [ -122.524568, 45.545319 ], [ -122.525326, 45.545404 ], [ -122.526349, 45.545519 ], [ -122.527312, 45.545633 ], [ -122.528427, 45.545777 ], [ -122.529588, 45.545977 ], [ -122.530668, 45.546191 ], [ -122.532227, 45.546483 ], [ -122.533144, 45.546661 ], [ -122.534643, 45.54695 ], [ -122.534863, 45.546992 ], [ -122.536463, 45.547311 ], [ -122.536459, 45.548049 ], [ -122.537342, 45.548049 ], [ -122.537303, 45.549493 ], [ -122.537234, 45.55168 ], [ -122.537215, 45.552093 ], [ -122.537148, 45.553584 ], [ -122.53819, 45.553595 ], [ -122.538168, 45.555272 ], [ -122.538175, 45.555706 ], [ -122.538181, 45.556056 ], [ -122.538201, 45.557263 ] ] ] } },
{ "type": "Feature", "properties": { "GEOID": "41051003801", "NAMELSAD": "Census Tract 38.01", "area_sqmi": 0.47769430752680353, "total_bike_miles": 2.214, "num_segments": 48, "bike_density": 4.64, "total_pop": 2913, "pop_white": 2065, "pop_black": 63, "pop_asian": 53, "pop_hispanic": 0, "pct_white": 70.9, "pct_nonwhite": 29.1, "pct_black": 2.2, "pct_asian": 1.8, "pct_hispanic": 0.0, "median_income": 95125.0 }, "geometry": { "type": "Polygon", "coordinates": [ [ [ -122.692464, 45.583098 ], [ -122.692156, 45.583102 ], [ -122.692153, 45.583759 ], [ -122.692152, 45.584489 ], [ -122.692157, 45.585135 ], [ -122.692163, 45.585233 ], [ -122.692179, 45.585954 ], [ -122.692045, 45.586329 ], [ -122.692226, 45.5865 ], [ -122.692266, 45.586567 ], [ -122.692291, 45.586634 ], [ -122.692291, 45.586693 ], [ -122.692256, 45.586969 ], [ -122.691473, 45.586796 ], [ -122.69118, 45.586731 ], [ -122.690821, 45.586637 ], [ -122.689041, 45.586257 ], [ -122.686915, 45.585784 ], [ -122.684575, 45.585266 ], [ -122.684011, 45.585126 ], [ -122.68348, 45.584965 ], [ -122.682661, 45.58468 ], [ -122.681313, 45.584198 ], [ -122.680937, 45.58409 ], [ -122.680672, 45.584034 ], [ -122.68032, 45.584013 ], [ -122.680158, 45.584003 ], [ -122.67972, 45.584028 ], [ -122.679568, 45.584051 ], [ -122.679235, 45.584102 ], [ -122.6791, 45.584116 ], [ -122.679002, 45.584138 ], [ -122.678841, 45.584166 ], [ -122.678511, 45.584223 ], [ -122.677994, 45.58428 ], [ -122.677316, 45.584269 ], [ -122.676345, 45.584147 ], [ -122.675894, 45.584119 ], [ -122.675522, 45.58408 ], [ -122.674853, 45.584003 ], [ -122.674335, 45.583903 ], [ -122.674344, 45.583432 ], [ -122.674345, 45.582746 ], [ -122.674321, 45.5824 ], [ -122.674313, 45.582289 ], [ -122.674318, 45.582257 ], [ -122.67435, 45.582061 ], [ -122.67435, 45.581375 ], [ -122.674349, 45.580689 ], [ -122.674349, 45.580004 ], [ -122.674349, 45.579318 ], [ -122.674358, 45.578982 ], [ -122.674349, 45.578632 ], [ -122.674349, 45.577947 ], [ -122.674318, 45.577836 ], [ -122.674338, 45.577766 ], [ -122.674389, 45.577705 ], [ -122.674463, 45.577656 ], [ -122.674553, 45.577622 ], [ -122.674629, 45.577583 ], [ -122.674692, 45.577533 ], [ -122.674737, 45.577474 ], [ -122.67476, 45.577409 ], [ -122.674789, 45.57722 ], [ -122.676333, 45.57722 ], [ -122.67728, 45.577199 ], [ -122.677478, 45.577205 ], [ -122.67773, 45.577211 ], [ -122.678576, 45.577207 ], [ -122.678755, 45.57722 ], [ -122.679826, 45.57719 ], [ -122.680182, 45.577189 ], [ -122.682088, 45.577128 ], [ -122.683208, 45.577124 ], [ -122.684223, 45.577124 ], [ -122.684722, 45.577123 ], [ -122.68524, 45.577121 ], [ -122.685789, 45.577122 ], [ -122.68625, 45.577127 ], [ -122.686865, 45.57713 ], [ -122.687419, 45.577137 ], [ -122.687799, 45.577131 ], [ -122.687966, 45.577129 ], [ -122.688315, 45.57713 ], [ -122.688494, 45.577132 ], [ -122.68883, 45.577129 ], [ -122.689043, 45.577131 ], [ -122.689346, 45.577128 ], [ -122.689572, 45.57713 ], [ -122.689861, 45.577126 ], [ -122.690103, 45.577128 ], [ -122.690376, 45.577125 ], [ -122.690892, 45.577124 ], [ -122.691408, 45.577123 ], [ -122.691923, 45.577122 ], [ -122.692421, 45.577121 ], [ -122.692399, 45.577232 ], [ -122.692398, 45.577778 ], [ -122.692397, 45.578463 ], [ -122.692395, 45.579081 ], [ -122.692418, 45.579147 ], [ -122.692441, 45.579214 ], [ -122.69244, 45.579844 ], [ -122.692438, 45.580252 ], [ -122.692435, 45.580562 ], [ -122.692439, 45.580973 ], [ -122.692433, 45.581275 ], [ -122.692432, 45.581693 ], [ -122.69242, 45.581993 ], [ -122.692433, 45.582403 ], [ -122.692464, 45.582702 ], [ -122.692464, 45.583098 ] ] ] } },
{ "type": "Feature", "properties": { "GEOID": "41051004300", "NAMELSAD": "Census Tract 43", "area_sqmi": 10.899934807939532, "total_bike_miles": 13.563, "num_segments": 89, "bike_density": 1.24, "total_pop": 1061, "pop_white": 946, "pop_black": 0, "pop_asian": 75, "pop_hispanic": 0, "pct_white": 89.2, "pct_nonwhite": 10.8, "pct_black": 0.0, "pct_asian": 7.1, "pct_hispanic": 0.0, "median_income": 111250.0 }, "geometry": { "type": "Polygon", "coordinates": [ [ [ -122.832961, 45.605712 ], [ -122.832796, 45.605713 ], [ -122.832623, 45.60568 ], [ -122.832478, 45.605602 ], [ -122.832419, 45.605552 ], [ -122.832337, 45.605448 ], [ -122.832187, 45.605218 ], [ -122.83161, 45.604747 ], [ -122.831343, 45.604569 ], [ -122.830975, 45.604388 ], [ -122.830489, 45.604161 ], [ -122.830338, 45.604064 ], [ -122.830152, 45.60397 ], [ -122.829972, 45.603926 ], [ -122.829755, 45.603924 ], [ -122.829396, 45.603948 ], [ -122.829161, 45.603973 ], [ -122.828219, 45.604171 ], [ -122.828023, 45.604199 ], [ -122.827755, 45.604218 ], [ -122.827521, 45.60427 ], [ -122.827294, 45.604363 ], [ -122.826711, 45.604647 ], [ -122.826265, 45.604865 ], [ -122.826232, 45.60488 ], [ -122.825533, 45.605222 ], [ -122.825426, 45.605256 ], [ -122.825319, 45.60528 ], [ -122.825192, 45.605293 ], [ -122.82454, 45.605269 ], [ -122.824374, 45.605282 ], [ -122.824185, 45.605311 ], [ -122.82403, 45.605349 ], [ -122.823836, 45.605424 ], [ -122.82369, 45.605494 ], [ -122.823582, 45.60556 ], [ -122.823484, 45.60563 ], [ -122.823369, 45.60575 ], [ -122.823255, 45.605921 ], [ -122.823176, 45.606151 ], [ -122.823056, 45.606388 ], [ -122.822907, 45.606683 ], [ -122.822811, 45.606828 ], [ -122.822708, 45.607014 ], [ -122.822444, 45.607342 ], [ -122.822203, 45.607571 ], [ -122.821998, 45.607755 ], [ -122.821775, 45.60797 ], [ -122.821485, 45.608238 ], [ -122.821134, 45.608613 ], [ -122.820974, 45.608849 ], [ -122.820781, 45.60923 ], [ -122.820688, 45.609437 ], [ -122.820607, 45.609575 ], [ -122.820541, 45.609703 ], [ -122.82036, 45.609902 ], [ -122.820062, 45.610113 ], [ -122.819285, 45.610521 ], [ -122.818736, 45.610855 ], [ -122.818447, 45.611095 ], [ -122.818193, 45.611354 ], [ -122.817957, 45.611644 ], [ -122.817763, 45.611907 ], [ -122.8177, 45.612004 ], [ -122.817666, 45.612126 ], [ -122.817669, 45.612206 ], [ -122.817693, 45.612302 ], [ -122.817766, 45.612445 ], [ -122.818086, 45.612982 ], [ -122.818114, 45.613061 ], [ -122.818125, 45.613127 ], [ -122.818122, 45.613262 ], [ -122.818094, 45.613389 ], [ -122.817996, 45.613641 ], [ -122.817788, 45.61386 ], [ -122.817595, 45.613954 ], [ -122.817519, 45.61398 ], [ -122.817412, 45.614007 ], [ -122.817089, 45.614102 ], [ -122.817015, 45.61416 ], [ -122.816984, 45.614206 ], [ -122.816944, 45.61432 ], [ -122.816864, 45.614454 ], [ -122.816575, 45.614672 ], [ -122.816485, 45.614753 ], [ -122.816427, 45.61483 ], [ -122.816407, 45.614917 ], [ -122.816373, 45.615143 ], [ -122.81634, 45.61519 ], [ -122.816268, 45.615235 ], [ -122.816085, 45.615298 ], [ -122.815196, 45.615415 ], [ -122.814974, 45.615471 ], [ -122.813971, 45.615901 ], [ -122.813854, 45.615971 ], [ -122.813782, 45.616039 ], [ -122.813673, 45.616295 ], [ -122.813625, 45.616342 ], [ -122.813541, 45.616365 ], [ -122.813443, 45.616348 ], [ -122.813304, 45.616261 ], [ -122.813153, 45.616159 ], [ -122.813008, 45.616107 ], [ -122.812764, 45.616093 ], [ -122.812564, 45.616116 ], [ -122.812267, 45.61616 ], [ -122.812, 45.616223 ], [ -122.81184, 45.616271 ], [ -122.811702, 45.616306 ], [ -122.811502, 45.616336 ], [ -122.811061, 45.61638 ], [ -122.810943, 45.6164 ], [ -122.810732, 45.616466 ], [ -122.81038, 45.616645 ], [ -122.810081, 45.616824 ], [ -122.809658, 45.617037 ], [ -122.808994, 45.617384 ], [ -122.808922, 45.617472 ], [ -122.808898, 45.61755 ], [ -122.808922, 45.617636 ], [ -122.809679, 45.618669 ], [ -122.809798, 45.618764 ], [ -122.809964, 45.61885 ], [ -122.809997, 45.618888 ], [ -122.810011, 45.618921 ], [ -122.810007, 45.618957 ], [ -122.809988, 45.618981 ], [ -122.809956, 45.619008 ], [ -122.809908, 45.61902 ], [ -122.809858, 45.61902 ], [ -122.809754, 45.618998 ], [ -122.808947, 45.61876 ], [ -122.807753, 45.618113 ], [ -122.807584, 45.617997 ], [ -122.807474, 45.617913 ], [ -122.807378, 45.617848 ], [ -122.807313, 45.617812 ], [ -122.80722, 45.617787 ], [ -122.807142, 45.617791 ], [ -122.807099, 45.617815 ], [ -122.806989, 45.617912 ], [ -122.806883, 45.617846 ], [ -122.806818, 45.617806 ], [ -122.806583, 45.618109 ], [ -122.806522, 45.618188 ], [ -122.806509, 45.618205 ], [ -122.806202, 45.618601 ], [ -122.805618, 45.619353 ], [ -122.804953, 45.62021 ], [ -122.80475, 45.620472 ], [ -122.803549, 45.620022 ], [ -122.801729, 45.619622 ], [ -122.801145, 45.619494 ], [ -122.800167, 45.619306 ], [ -122.8001, 45.619293 ], [ -122.799784, 45.619233 ], [ -122.799598, 45.619197 ], [ -122.799334, 45.619146 ], [ -122.797611, 45.619044 ], [ -122.796815, 45.619047 ], [ -122.796225, 45.619049 ], [ -122.795854, 45.619051 ], [ -122.795101, 45.619106 ], [ -122.793789, 45.619202 ], [ -122.793164, 45.619261 ], [ -122.791425, 45.619424 ], [ -122.790845, 45.619479 ], [ -122.790063, 45.616892 ], [ -122.789487, 45.615878 ], [ -122.788341, 45.614874 ], [ -122.787956, 45.614261 ], [ -122.782539, 45.605642 ], [ -122.77846, 45.599491 ], [ -122.77716, 45.597975 ], [ -122.771838, 45.591807 ], [ -122.764308, 45.585316 ], [ -122.758619, 45.582279 ], [ -122.757007, 45.581418 ], [ -122.756618, 45.58121 ], [ -122.756372, 45.58108 ], [ -122.756338, 45.581064 ], [ -122.754022, 45.580028 ], [ -122.747997, 45.577399 ], [ -122.747077, 45.576997 ], [ -122.74703, 45.576967 ], [ -122.74297, 45.574546 ], [ -122.738944, 45.572107 ], [ -122.738774, 45.57201 ], [ -122.738578, 45.572029 ], [ -122.738349, 45.57205 ], [ -122.737594, 45.571535 ], [ -122.737433, 45.571158 ], [ -122.737361, 45.571009 ], [ -122.737299, 45.570865 ], [ -122.736197, 45.568535 ], [ -122.732359, 45.566109 ], [ -122.731446, 45.565523 ], [ -122.730522, 45.564932 ], [ -122.730206, 45.564739 ], [ -122.725739, 45.562231 ], [ -122.724577, 45.561477 ], [ -122.722695, 45.560297 ], [ -122.71849, 45.558273 ], [ -122.717202, 45.557573 ], [ -122.7169, 45.557408 ], [ -122.712113, 45.555648 ], [ -122.70641, 45.553555 ], [ -122.702734, 45.552196 ], [ -122.702642, 45.552166 ], [ -122.700247, 45.551402 ], [ -122.697985, 45.550291 ], [ -122.69578, 45.548427 ], [ -122.693139, 45.546048 ], [ -122.692754, 45.545322 ], [ -122.692003, 45.544869 ], [ -122.69341, 45.543945 ], [ -122.693554, 45.543818 ], [ -122.695461, 45.542151 ], [ -122.696076, 45.541682 ], [ -122.696149, 45.541599 ], [ -122.696207, 45.541541 ], [ -122.696571, 45.541245 ], [ -122.696989, 45.54119 ], [ -122.697108, 45.541176 ], [ -122.697931, 45.541076 ], [ -122.698572, 45.541004 ], [ -122.69916, 45.540946 ], [ -122.699653, 45.540884 ], [ -122.700043, 45.540834 ], [ -122.701206, 45.540687 ], [ -122.70198, 45.540588 ], [ -122.703268, 45.540423 ], [ -122.70392, 45.540341 ], [ -122.705212, 45.54018 ], [ -122.705505, 45.54015 ], [ -122.705716, 45.540113 ], [ -122.705922, 45.54006 ], [ -122.707158, 45.53964 ], [ -122.707936, 45.539376 ], [ -122.708659, 45.5391 ], [ -122.709121, 45.538963 ], [ -122.710202, 45.538668 ], [ -122.710632, 45.538608 ], [ -122.711099, 45.538543 ], [ -122.711564, 45.538501 ], [ -122.712509, 45.538415 ], [ -122.713874, 45.538311 ], [ -122.714025, 45.538298 ], [ -122.71431, 45.538319 ], [ -122.714589, 45.538346 ], [ -122.714904, 45.53839 ], [ -122.715001, 45.538404 ], [ -122.715275, 45.538453 ], [ -122.715543, 45.538515 ], [ -122.715685, 45.538556 ], [ -122.715847, 45.538603 ], [ -122.716141, 45.538706 ], [ -122.716426, 45.538823 ], [ -122.716698, 45.538954 ], [ -122.716954, 45.539099 ], [ -122.717079, 45.539176 ], [ -122.717148, 45.539224 ], [ -122.717314, 45.53934 ], [ -122.717429, 45.539428 ], [ -122.71754, 45.53952 ], [ -122.717748, 45.539712 ], [ -122.717845, 45.539811 ], [ -122.719114, 45.541184 ], [ -122.719813, 45.541939 ], [ -122.720587, 45.541566 ], [ -122.72001, 45.54108 ], [ -122.720108, 45.541061 ], [ -122.720203, 45.541043 ], [ -122.721084, 45.541085 ], [ -122.721734, 45.541062 ], [ -122.721862, 45.541058 ], [ -122.722186, 45.540953 ], [ -122.7224, 45.540884 ], [ -122.722465, 45.540862 ], [ -122.72263, 45.540809 ], [ -122.722923, 45.540774 ], [ -122.722951, 45.540764 ], [ -122.723, 45.540745 ], [ -122.723082, 45.540714 ], [ -122.724045, 45.54037 ], [ -122.724114, 45.540344 ], [ -122.724297, 45.540262 ], [ -122.724676, 45.54009 ], [ -122.72516, 45.539871 ], [ -122.725821, 45.53925 ], [ -122.726334, 45.538704 ], [ -122.726652, 45.53848 ], [ -122.726715, 45.538351 ], [ -122.726713, 45.538328 ], [ -122.726797, 45.538365 ], [ -122.726855, 45.538437 ], [ -122.726881, 45.538518 ], [ -122.726859, 45.538603 ], [ -122.726812, 45.538684 ], [ -122.726698, 45.538788 ], [ -122.726565, 45.538896 ], [ -122.726484, 45.538984 ], [ -122.726375, 45.539152 ], [ -122.726341, 45.539233 ], [ -122.726309, 45.539329 ], [ -122.726309, 45.539366 ], [ -122.726324, 45.539404 ], [ -122.726386, 45.539479 ], [ -122.726488, 45.539547 ], [ -122.726541, 45.539598 ], [ -122.726561, 45.539669 ], [ -122.726549, 45.539729 ], [ -122.726182, 45.540443 ], [ -122.726147, 45.540569 ], [ -122.726162, 45.540661 ], [ -122.726218, 45.540767 ], [ -122.726344, 45.540876 ], [ -122.726666, 45.541218 ], [ -122.726756, 45.54127 ], [ -122.726813, 45.541319 ], [ -122.726846, 45.541378 ], [ -122.726851, 45.541427 ], [ -122.726855, 45.541473 ], [ -122.726817, 45.541542 ], [ -122.726763, 45.541605 ], [ -122.726741, 45.541668 ], [ -122.726734, 45.541736 ], [ -122.726762, 45.541792 ], [ -122.72684, 45.54188 ], [ -122.726865, 45.541947 ], [ -122.726866, 45.542547 ], [ -122.726873, 45.542605 ], [ -122.726899, 45.542654 ], [ -122.726945, 45.542709 ], [ -122.726988, 45.542742 ], [ -122.727069, 45.54278 ], [ -122.727125, 45.542825 ], [ -122.727158, 45.542881 ], [ -122.727172, 45.542942 ], [ -122.727152, 45.542989 ], [ -122.726729, 45.543526 ], [ -122.726713, 45.543947 ], [ -122.726745, 45.543989 ], [ -122.726786, 45.544021 ], [ -122.726837, 45.544039 ], [ -122.72695, 45.544045 ], [ -122.727339, 45.543991 ], [ -122.727456, 45.544004 ], [ -122.727535, 45.544026 ], [ -122.727591, 45.544046 ], [ -122.727628, 45.544073 ], [ -122.727661, 45.544107 ], [ -122.727681, 45.544154 ], [ -122.727679, 45.544203 ], [ -122.727653, 45.54425 ], [ -122.727438, 45.544491 ], [ -122.727368, 45.544599 ], [ -122.727335, 45.544709 ], [ -122.727337, 45.544827 ], [ -122.727402, 45.544924 ], [ -122.727495, 45.545009 ], [ -122.727683, 45.545107 ], [ -122.72774, 45.545157 ], [ -122.727775, 45.545202 ], [ -122.727784, 45.545258 ], [ -122.727771, 45.545441 ], [ -122.728296, 45.546059 ], [ -122.728571, 45.546256 ], [ -122.728766, 45.546432 ], [ -122.728878, 45.546493 ], [ -122.729007, 45.546522 ], [ -122.729183, 45.546514 ], [ -122.729349, 45.546529 ], [ -122.729543, 45.546555 ], [ -122.72975, 45.546595 ], [ -122.729892, 45.546648 ], [ -122.730024, 45.546661 ], [ -122.730132, 45.546649 ], [ -122.730225, 45.54661 ], [ -122.730301, 45.546532 ], [ -122.73047, 45.546335 ], [ -122.730576, 45.546265 ], [ -122.730689, 45.546228 ], [ -122.730825, 45.546239 ], [ -122.730954, 45.546268 ], [ -122.731115, 45.54627 ], [ -122.731299, 45.546258 ], [ -122.731896, 45.546131 ], [ -122.732098, 45.546105 ], [ -122.73225, 45.54606 ], [ -122.732362, 45.546005 ], [ -122.732705, 45.545755 ], [ -122.732857, 45.545596 ], [ -122.733012, 45.545363 ], [ -122.733083, 45.545253 ], [ -122.73316, 45.545175 ], [ -122.733234, 45.545143 ], [ -122.733482, 45.545103 ], [ -122.733593, 45.545055 ], [ -122.734068, 45.544828 ], [ -122.734415, 45.544665 ], [ -122.734654, 45.544572 ], [ -122.734768, 45.544565 ], [ -122.734859, 45.544586 ], [ -122.734946, 45.54464 ], [ -122.734966, 45.544652 ], [ -122.734995, 45.544701 ], [ -122.734996, 45.544792 ], [ -122.734855, 45.545036 ], [ -122.734603, 45.545445 ], [ -122.734075, 45.545853 ], [ -122.733999, 45.545918 ], [ -122.733914, 45.546021 ], [ -122.733868, 45.546109 ], [ -122.733846, 45.54618 ], [ -122.733837, 45.546249 ], [ -122.733854, 45.546496 ], [ -122.7337, 45.54711 ], [ -122.733696, 45.547164 ], [ -122.733713, 45.547218 ], [ -122.733743, 45.547262 ], [ -122.733785, 45.5473 ], [ -122.733823, 45.547324 ], [ -122.733888, 45.54735 ], [ -122.733955, 45.547364 ], [ -122.734036, 45.547367 ], [ -122.734718, 45.547329 ], [ -122.735085, 45.547288 ], [ -122.735114, 45.547289 ], [ -122.735217, 45.547292 ], [ -122.735326, 45.54733 ], [ -122.735403, 45.547395 ], [ -122.735435, 45.547472 ], [ -122.735409, 45.547577 ], [ -122.735333, 45.547648 ], [ -122.73494, 45.547846 ], [ -122.73464, 45.548009 ], [ -122.734427, 45.548106 ], [ -122.734209, 45.548161 ], [ -122.733999, 45.548186 ], [ -122.73382, 45.548185 ], [ -122.733349, 45.54814 ], [ -122.733066, 45.548159 ], [ -122.732956, 45.548212 ], [ -122.732897, 45.548307 ], [ -122.732895, 45.548369 ], [ -122.732914, 45.548434 ], [ -122.733221, 45.548739 ], [ -122.73329, 45.548824 ], [ -122.733353, 45.548912 ], [ -122.733393, 45.54898 ], [ -122.733481, 45.549158 ], [ -122.733574, 45.549255 ], [ -122.733797, 45.549412 ], [ -122.734069, 45.549532 ], [ -122.734344, 45.549607 ], [ -122.734779, 45.549643 ], [ -122.735178, 45.549654 ], [ -122.7354, 45.549682 ], [ -122.735522, 45.549742 ], [ -122.735559, 45.549837 ], [ -122.735533, 45.549933 ], [ -122.73538, 45.55002 ], [ -122.735325, 45.550152 ], [ -122.735381, 45.55025 ], [ -122.735607, 45.550377 ], [ -122.735872, 45.550511 ], [ -122.73621, 45.550743 ], [ -122.736358, 45.550805 ], [ -122.736551, 45.550809 ], [ -122.73673, 45.550771 ], [ -122.736868, 45.550759 ], [ -122.736967, 45.550815 ], [ -122.73703, 45.550909 ], [ -122.73704, 45.551005 ], [ -122.736982, 45.551163 ], [ -122.73698, 45.551289 ], [ -122.737071, 45.551429 ], [ -122.737199, 45.551578 ], [ -122.737324, 45.551823 ], [ -122.737489, 45.552016 ], [ -122.737736, 45.552264 ], [ -122.73777, 45.552404 ], [ -122.737769, 45.552727 ], [ -122.737818, 45.552824 ], [ -122.737882, 45.552886 ], [ -122.737992, 45.552911 ], [ -122.738448, 45.5528 ], [ -122.738566, 45.552813 ], [ -122.738679, 45.552884 ], [ -122.738727, 45.552995 ], [ -122.738717, 45.55307 ], [ -122.738504, 45.553504 ], [ -122.738488, 45.553578 ], [ -122.738493, 45.55361 ], [ -122.738519, 45.553654 ], [ -122.738547, 45.553668 ], [ -122.738601, 45.553676 ], [ -122.738679, 45.553675 ], [ -122.738934, 45.553635 ], [ -122.739216, 45.553612 ], [ -122.739332, 45.553612 ], [ -122.739443, 45.553659 ], [ -122.739516, 45.553751 ], [ -122.739521, 45.553795 ], [ -122.739527, 45.553847 ], [ -122.739307, 45.554213 ], [ -122.73922, 45.554377 ], [ -122.739194, 45.554467 ], [ -122.739193, 45.554544 ], [ -122.739238, 45.554618 ], [ -122.739308, 45.554679 ], [ -122.739702, 45.554939 ], [ -122.739837, 45.555012 ], [ -122.739928, 45.555042 ], [ -122.740036, 45.555051 ], [ -122.740315, 45.555049 ], [ -122.74062, 45.555057 ], [ -122.740924, 45.555096 ], [ -122.74119, 45.555116 ], [ -122.741364, 45.555158 ], [ -122.74147, 45.555237 ], [ -122.741583, 45.555383 ], [ -122.741594, 45.555463 ], [ -122.741633, 45.555515 ], [ -122.741701, 45.555568 ], [ -122.741793, 45.555613 ], [ -122.741911, 45.555691 ], [ -122.742139, 45.555772 ], [ -122.742392, 45.555835 ], [ -122.742581, 45.55595 ], [ -122.74269, 45.556093 ], [ -122.74269, 45.556274 ], [ -122.74268, 45.556409 ], [ -122.742773, 45.556511 ], [ -122.742966, 45.556559 ], [ -122.743194, 45.556529 ], [ -122.743426, 45.556447 ], [ -122.743588, 45.556428 ], [ -122.743694, 45.556464 ], [ -122.743764, 45.556531 ], [ -122.743784, 45.556811 ], [ -122.743837, 45.556988 ], [ -122.743953, 45.557141 ], [ -122.744164, 45.557328 ], [ -122.744253, 45.557383 ], [ -122.744413, 45.557426 ], [ -122.744554, 45.557414 ], [ -122.744927, 45.557275 ], [ -122.745048, 45.557234 ], [ -122.745193, 45.557233 ], [ -122.745281, 45.557296 ], [ -122.745364, 45.557411 ], [ -122.745581, 45.557641 ], [ -122.745682, 45.557706 ], [ -122.745796, 45.557751 ], [ -122.745955, 45.557771 ], [ -122.74628, 45.557673 ], [ -122.746889, 45.557436 ], [ -122.746996, 45.557401 ], [ -122.747082, 45.557397 ], [ -122.747432, 45.557607 ], [ -122.747573, 45.557664 ], [ -122.74771, 45.557691 ], [ -122.74787, 45.557692 ], [ -122.748053, 45.557675 ], [ -122.74828, 45.557678 ], [ -122.748418, 45.557694 ], [ -122.748545, 45.557688 ], [ -122.748649, 45.557643 ], [ -122.748782, 45.557522 ], [ -122.748944, 45.557419 ], [ -122.749042, 45.557394 ], [ -122.749176, 45.557382 ], [ -122.749461, 45.557379 ], [ -122.749524, 45.557375 ], [ -122.749601, 45.557352 ], [ -122.749662, 45.557314 ], [ -122.749734, 45.557227 ], [ -122.749882, 45.556922 ], [ -122.749966, 45.55678 ], [ -122.750059, 45.556677 ], [ -122.750527, 45.55625 ], [ -122.750638, 45.556163 ], [ -122.750704, 45.556083 ], [ -122.750772, 45.555946 ], [ -122.750843, 45.555509 ], [ -122.750903, 45.555364 ], [ -122.751158, 45.554983 ], [ -122.751447, 45.554579 ], [ -122.751923, 45.553971 ], [ -122.752182, 45.553682 ], [ -122.752722, 45.553325 ], [ -122.75299, 45.55314 ], [ -122.75318, 45.553003 ], [ -122.753226, 45.552995 ], [ -122.753324, 45.552963 ], [ -122.753412, 45.552997 ], [ -122.753435, 45.553112 ], [ -122.75336, 45.55331 ], [ -122.753281, 45.553609 ], [ -122.753142, 45.553829 ], [ -122.752996, 45.554264 ], [ -122.752877, 45.554711 ], [ -122.752767, 45.555302 ], [ -122.75273, 45.555764 ], [ -122.752745, 45.556119 ], [ -122.752816, 45.556604 ], [ -122.752913, 45.556731 ], [ -122.753058, 45.556777 ], [ -122.753255, 45.556784 ], [ -122.753384, 45.556748 ], [ -122.753562, 45.556699 ], [ -122.754046, 45.556476 ], [ -122.754315, 45.556379 ], [ -122.754629, 45.556306 ], [ -122.754885, 45.556185 ], [ -122.755394, 45.555822 ], [ -122.756253, 45.55525 ], [ -122.756628, 45.554981 ], [ -122.75719, 45.554589 ], [ -122.757365, 45.554553 ], [ -122.757477, 45.554588 ], [ -122.757493, 45.554634 ], [ -122.757504, 45.554664 ], [ -122.757454, 45.554865 ], [ -122.757336, 45.555085 ], [ -122.756932, 45.555688 ], [ -122.756818, 45.555805 ], [ -122.756408, 45.556447 ], [ -122.756213, 45.556715 ], [ -122.755812, 45.557177 ], [ -122.755737, 45.557326 ], [ -122.755723, 45.557396 ], [ -122.755815, 45.557512 ], [ -122.755952, 45.557574 ], [ -122.756505, 45.557668 ], [ -122.756943, 45.5577 ], [ -122.757159, 45.557755 ], [ -122.757361, 45.558004 ], [ -122.757476, 45.558067 ], [ -122.757708, 45.558089 ], [ -122.758279, 45.557948 ], [ -122.758403, 45.557913 ], [ -122.75859, 45.557899 ], [ -122.75878, 45.557972 ], [ -122.759011, 45.558018 ], [ -122.759217, 45.557994 ], [ -122.759514, 45.557911 ], [ -122.759772, 45.557793 ], [ -122.760285, 45.557469 ], [ -122.760385, 45.557418 ], [ -122.760635, 45.557412 ], [ -122.760867, 45.557516 ], [ -122.761014, 45.557646 ], [ -122.760991, 45.557762 ], [ -122.760923, 45.557844 ], [ -122.760728, 45.55802 ], [ -122.760395, 45.558297 ], [ -122.760362, 45.558436 ], [ -122.760432, 45.558525 ], [ -122.760594, 45.558622 ], [ -122.761519, 45.558846 ], [ -122.761906, 45.558904 ], [ -122.762108, 45.55891 ], [ -122.762698, 45.558914 ], [ -122.76338, 45.558864 ], [ -122.763478, 45.55886 ], [ -122.763577, 45.558873 ], [ -122.763645, 45.558906 ], [ -122.763686, 45.558972 ], [ -122.763688, 45.559014 ], [ -122.763679, 45.559067 ], [ -122.763631, 45.559129 ], [ -122.763558, 45.559197 ], [ -122.763448, 45.559267 ], [ -122.763325, 45.55932 ], [ -122.762575, 45.559569 ], [ -122.761591, 45.559881 ], [ -122.760256, 45.560296 ], [ -122.760128, 45.560374 ], [ -122.760008, 45.560514 ], [ -122.759798, 45.560804 ], [ -122.759663, 45.561002 ], [ -122.759635, 45.561057 ], [ -122.759615, 45.561112 ], [ -122.759613, 45.561158 ], [ -122.759628, 45.561216 ], [ -122.759705, 45.56129 ], [ -122.759849, 45.561324 ], [ -122.760053, 45.561329 ], [ -122.760223, 45.561344 ], [ -122.760327, 45.561384 ], [ -122.76036, 45.561411 ], [ -122.760396, 45.561453 ], [ -122.760433, 45.561571 ], [ -122.760415, 45.561657 ], [ -122.760412, 45.561716 ], [ -122.760428, 45.561798 ], [ -122.760492, 45.561834 ], [ -122.760575, 45.561861 ], [ -122.760689, 45.561888 ], [ -122.761044, 45.561953 ], [ -122.761327, 45.561969 ], [ -122.761492, 45.561951 ], [ -122.76162, 45.561891 ], [ -122.761731, 45.561797 ], [ -122.761822, 45.561634 ], [ -122.761917, 45.561346 ], [ -122.762003, 45.561262 ], [ -122.762116, 45.561215 ], [ -122.762242, 45.56121 ], [ -122.76235, 45.561255 ], [ -122.762483, 45.56133 ], [ -122.762592, 45.561434 ], [ -122.762887, 45.561845 ], [ -122.762979, 45.561927 ], [ -122.76311, 45.561951 ], [ -122.763315, 45.561905 ], [ -122.7636, 45.561781 ], [ -122.763835, 45.561747 ], [ -122.76402, 45.561737 ], [ -122.764204, 45.561707 ], [ -122.764315, 45.561658 ], [ -122.764423, 45.561624 ], [ -122.764536, 45.561598 ], [ -122.764872, 45.561564 ], [ -122.76511, 45.561506 ], [ -122.765322, 45.561442 ], [ -122.765472, 45.561448 ], [ -122.765544, 45.561479 ], [ -122.765576, 45.561498 ], [ -122.765904, 45.561556 ], [ -122.767339, 45.561809 ], [ -122.772113, 45.562938 ], [ -122.77331, 45.563186 ], [ -122.774481, 45.563428 ], [ -122.774675, 45.563468 ], [ -122.777106, 45.56397 ], [ -122.779163, 45.564394 ], [ -122.779674, 45.564499 ], [ -122.779814, 45.564528 ], [ -122.781616, 45.5649 ], [ -122.78471, 45.565539 ], [ -122.784861, 45.565544 ], [ -122.789623, 45.565712 ], [ -122.789664, 45.56577 ], [ -122.789739, 45.56586 ], [ -122.789854, 45.565977 ], [ -122.790128, 45.566229 ], [ -122.790234, 45.566342 ], [ -122.790328, 45.566484 ], [ -122.790379, 45.566604 ], [ -122.790409, 45.566741 ], [ -122.790541, 45.567847 ], [ -122.790544, 45.56817 ], [ -122.790524, 45.568398 ], [ -122.790466, 45.568709 ], [ -122.790358, 45.569057 ], [ -122.790197, 45.569413 ], [ -122.789865, 45.570039 ], [ -122.789826, 45.570138 ], [ -122.789815, 45.570167 ], [ -122.789796, 45.570288 ], [ -122.789805, 45.570418 ], [ -122.789844, 45.570553 ], [ -122.7903, 45.571914 ], [ -122.790332, 45.571983 ], [ -122.790415, 45.572114 ], [ -122.790465, 45.572176 ], [ -122.79052, 45.572235 ], [ -122.790583, 45.572292 ], [ -122.79065, 45.572345 ], [ -122.7908, 45.57244 ], [ -122.790967, 45.572519 ], [ -122.791135, 45.572576 ], [ -122.791429, 45.572631 ], [ -122.791765, 45.572642 ], [ -122.792808, 45.572585 ], [ -122.792962, 45.572586 ], [ -122.793142, 45.57261 ], [ -122.793287, 45.57265 ], [ -122.793442, 45.572716 ], [ -122.794433, 45.573243 ], [ -122.794603, 45.573373 ], [ -122.794692, 45.573524 ], [ -122.794708, 45.573668 ], [ -122.794635, 45.573856 ], [ -122.794385, 45.574202 ], [ -122.794231, 45.574502 ], [ -122.794185, 45.574819 ], [ -122.79422, 45.576088 ], [ -122.794239, 45.576733 ], [ -122.794254, 45.576875 ], [ -122.794333, 45.577119 ], [ -122.794434, 45.577285 ], [ -122.794441, 45.577299 ], [ -122.794586, 45.577469 ], [ -122.794773, 45.577654 ], [ -122.795304, 45.578168 ], [ -122.795612, 45.57851 ], [ -122.795724, 45.578698 ], [ -122.795908, 45.579038 ], [ -122.795964, 45.579132 ], [ -122.796093, 45.579297 ], [ -122.796245, 45.579438 ], [ -122.796441, 45.579575 ], [ -122.796684, 45.579699 ], [ -122.79705, 45.579842 ], [ -122.797309, 45.579955 ], [ -122.797572, 45.580101 ], [ -122.797694, 45.580175 ], [ -122.79774, 45.580215 ], [ -122.797935, 45.580378 ], [ -122.798056, 45.580497 ], [ -122.798165, 45.580625 ], [ -122.798307, 45.580832 ], [ -122.798405, 45.581025 ], [ -122.799449, 45.582992 ], [ -122.799532, 45.583052 ], [ -122.799694, 45.58318 ], [ -122.799832, 45.583323 ], [ -122.799978, 45.583448 ], [ -122.800152, 45.583547 ], [ -122.800267, 45.583591 ], [ -122.800467, 45.583647 ], [ -122.80079, 45.583713 ], [ -122.800935, 45.583749 ], [ -122.801119, 45.583796 ], [ -122.801485, 45.583951 ], [ -122.802205, 45.584393 ], [ -122.80407, 45.585537 ], [ -122.80454, 45.585825 ], [ -122.804779, 45.585972 ], [ -122.804931, 45.586054 ], [ -122.805133, 45.586208 ], [ -122.805233, 45.586314 ], [ -122.805335, 45.586469 ], [ -122.805392, 45.58663 ], [ -122.805467, 45.586941 ], [ -122.805606, 45.587517 ], [ -122.805703, 45.587915 ], [ -122.805772, 45.588075 ], [ -122.805823, 45.588146 ], [ -122.805902, 45.588222 ], [ -122.805965, 45.58827 ], [ -122.806085, 45.588341 ], [ -122.806168, 45.588378 ], [ -122.806184, 45.588385 ], [ -122.807317, 45.588689 ], [ -122.809691, 45.589325 ], [ -122.809849, 45.589367 ], [ -122.809904, 45.589382 ], [ -122.810452, 45.589531 ], [ -122.810854, 45.58964 ], [ -122.8109, 45.589653 ], [ -122.811144, 45.589694 ], [ -122.812085, 45.589968 ], [ -122.812267, 45.590046 ], [ -122.812403, 45.590127 ], [ -122.812557, 45.590244 ], [ -122.812739, 45.590461 ], [ -122.812841, 45.590739 ], [ -122.81295, 45.591445 ], [ -122.81301, 45.591628 ], [ -122.813142, 45.591807 ], [ -122.813306, 45.591939 ], [ -122.813556, 45.592061 ], [ -122.814788, 45.5925 ], [ -122.815003, 45.592583 ], [ -122.815432, 45.592749 ], [ -122.816052, 45.593027 ], [ -122.818622, 45.594263 ], [ -122.818849, 45.594373 ], [ -122.818967, 45.594439 ], [ -122.819062, 45.594506 ], [ -122.81913, 45.594564 ], [ -122.819217, 45.594648 ], [ -122.819308, 45.594779 ], [ -122.819351, 45.594866 ], [ -122.819393, 45.594978 ], [ -122.819448, 45.59517 ], [ -122.819514, 45.595326 ], [ -122.819633, 45.595466 ], [ -122.819872, 45.59561 ], [ -122.819987, 45.595647 ], [ -122.820128, 45.595686 ], [ -122.821347, 45.595866 ], [ -122.823059, 45.596115 ], [ -122.823582, 45.59619 ], [ -122.825475, 45.596461 ], [ -122.825577, 45.596473 ], [ -122.825693, 45.596496 ], [ -122.825806, 45.596526 ], [ -122.825911, 45.596564 ], [ -122.825994, 45.596601 ], [ -122.82607, 45.596643 ], [ -122.826139, 45.596689 ], [ -122.826203, 45.596739 ], [ -122.826269, 45.596804 ], [ -122.826313, 45.596861 ], [ -122.826358, 45.596934 ], [ -122.826431, 45.597088 ], [ -122.826452, 45.597237 ], [ -122.826445, 45.597907 ], [ -122.826454, 45.59853 ], [ -122.826451, 45.599281 ], [ -122.82646, 45.599369 ], [ -122.826478, 45.599437 ], [ -122.826507, 45.599504 ], [ -122.826539, 45.599559 ], [ -122.826586, 45.599621 ], [ -122.826647, 45.599683 ], [ -122.82676, 45.599768 ], [ -122.826922, 45.59985 ], [ -122.827085, 45.599901 ], [ -122.827276, 45.599932 ], [ -122.827483, 45.599933 ], [ -122.831458, 45.599632 ], [ -122.831567, 45.599628 ], [ -122.831694, 45.599634 ], [ -122.831818, 45.59965 ], [ -122.831937, 45.599678 ], [ -122.832034, 45.599709 ], [ -122.832127, 45.599748 ], [ -122.832213, 45.599793 ], [ -122.832303, 45.599854 ], [ -122.832389, 45.599944 ], [ -122.832452, 45.600024 ], [ -122.832596, 45.600251 ], [ -122.8327, 45.600489 ], [ -122.832738, 45.600713 ], [ -122.832745, 45.60083 ], [ -122.832733, 45.601094 ], [ -122.832744, 45.601225 ], [ -122.832759, 45.601322 ], [ -122.832802, 45.601482 ], [ -122.832901, 45.601772 ], [ -122.832946, 45.602004 ], [ -122.832965, 45.6021 ], [ -122.83298, 45.602291 ], [ -122.832977, 45.602385 ], [ -122.832945, 45.602584 ], [ -122.832893, 45.602741 ], [ -122.832797, 45.602979 ], [ -122.832775, 45.60307 ], [ -122.832753, 45.603255 ], [ -122.832753, 45.603347 ], [ -122.832775, 45.603532 ], [ -122.832797, 45.603623 ], [ -122.832826, 45.603714 ], [ -122.832864, 45.603804 ], [ -122.833372, 45.605646 ], [ -122.832961, 45.605712 ] ] ] } },
{ "type": "Feature", "properties": { "GEOID": "41051007900", "NAMELSAD": "Census Tract 79", "area_sqmi": 0.78281807616159227, "total_bike_miles": 4.503, "num_segments": 60, "bike_density": 5.75, "total_pop": 4375, "pop_white": 2138, "pop_black": 536, "pop_asian": 395, "pop_hispanic": 0, "pct_white": 48.9, "pct_nonwhite": 51.1, "pct_black": 12.3, "pct_asian": 9.0, "pct_hispanic": 0.0, "median_income": 68125.0 }, "geometry": { "type": "Polygon", "coordinates": [ [ [ -122.557856, 45.560956 ], [ -122.554718, 45.560407 ], [ -122.550651, 45.559698 ], [ -122.547429, 45.559137 ], [ -122.537752, 45.557461 ], [ -122.537711, 45.557205 ], [ -122.538079, 45.557246 ], [ -122.538201, 45.557263 ], [ -122.538181, 45.556056 ], [ -122.538175, 45.555706 ], [ -122.538168, 45.555272 ], [ -122.53819, 45.553595 ], [ -122.537148, 45.553584 ], [ -122.537215, 45.552093 ], [ -122.537234, 45.55168 ], [ -122.537303, 45.549493 ], [ -122.537342, 45.548049 ], [ -122.537401, 45.546988 ], [ -122.537387, 45.546842 ], [ -122.538465, 45.547036 ], [ -122.538671, 45.547062 ], [ -122.539278, 45.547138 ], [ -122.539735, 45.547185 ], [ -122.547467, 45.547906 ], [ -122.54888, 45.548038 ], [ -122.551212, 45.548195 ], [ -122.551929, 45.548197 ], [ -122.552508, 45.548176 ], [ -122.553015, 45.54812 ], [ -122.55323, 45.548073 ], [ -122.553743, 45.547964 ], [ -122.554062, 45.547881 ], [ -122.555118, 45.547574 ], [ -122.555673, 45.547408 ], [ -122.556727, 45.546878 ], [ -122.557083, 45.546677 ], [ -122.557293, 45.546532 ], [ -122.55783, 45.54614 ], [ -122.557751, 45.547105 ], [ -122.557749, 45.547259 ], [ -122.557737, 45.547569 ], [ -122.557744, 45.547741 ], [ -122.557751, 45.548106 ], [ -122.55776, 45.548818 ], [ -122.557799, 45.549169 ], [ -122.557815, 45.549603 ], [ -122.557794, 45.549962 ], [ -122.557804, 45.550398 ], [ -122.557801, 45.550807 ], [ -122.557797, 45.551194 ], [ -122.557791, 45.55178 ], [ -122.557791, 45.551989 ], [ -122.557784, 45.552784 ], [ -122.557781, 45.553579 ], [ -122.557778, 45.554526 ], [ -122.557767, 45.555389 ], [ -122.557765, 45.557199 ], [ -122.557764, 45.559118 ], [ -122.557762, 45.560755 ], [ -122.557846, 45.560934 ], [ -122.557856, 45.560956 ] ] ] } },
{ "type": "Feature", "properties": { "GEOID": "41051008302", "NAMELSAD": "Census Tract 83.02", "area_sqmi": 0.85607973817295091, "total_bike_miles": 3.554, "num_segments": 51, "bike_density": 4.15, "total_pop": 4768, "pop_white": 2791, "pop_black": 137, "pop_asian": 510, "pop_hispanic": 0, "pct_white": 58.5, "pct_nonwhite": 41.5, "pct_black": 2.9, "pct_asian": 10.7, "pct_hispanic": 0.0, "median_income": 61557.0 }, "geometry": { "type": "Polygon", "coordinates": [ [ [ -122.565963, 45.490855 ], [ -122.565867, 45.49198 ], [ -122.565759, 45.493235 ], [ -122.565711, 45.493801 ], [ -122.565552, 45.494808 ], [ -122.565528, 45.497016 ], [ -122.565535, 45.497363 ], [ -122.565522, 45.497965 ], [ -122.565576, 45.4996 ], [ -122.565484, 45.502123 ], [ -122.565462, 45.50442 ], [ -122.565088, 45.504412 ], [ -122.563799, 45.504393 ], [ -122.563239, 45.504374 ], [ -122.562729, 45.504372 ], [ -122.56245, 45.504387 ], [ -122.560432, 45.504348 ], [ -122.559563, 45.504331 ], [ -122.557494, 45.504293 ], [ -122.556373, 45.504272 ], [ -122.555459, 45.504258 ], [ -122.554631, 45.504252 ], [ -122.553799, 45.50425 ], [ -122.553373, 45.504238 ], [ -122.55281, 45.504235 ], [ -122.55134, 45.504227 ], [ -122.550218, 45.504215 ], [ -122.549326, 45.504208 ], [ -122.548009, 45.504197 ], [ -122.54801, 45.502585 ], [ -122.548002, 45.500585 ], [ -122.548013, 45.499617 ], [ -122.547995, 45.498167 ], [ -122.547995, 45.497978 ], [ -122.547999, 45.497748 ], [ -122.548018, 45.496718 ], [ -122.547976, 45.496568 ], [ -122.547988, 45.494946 ], [ -122.547977, 45.493749 ], [ -122.547973, 45.493434 ], [ -122.547982, 45.49276 ], [ -122.54799, 45.492043 ], [ -122.547997, 45.491555 ], [ -122.547968, 45.489764 ], [ -122.54814, 45.489762 ], [ -122.549052, 45.489754 ], [ -122.549389, 45.489755 ], [ -122.551426, 45.489761 ], [ -122.55266, 45.489764 ], [ -122.553186, 45.489765 ], [ -122.554484, 45.489768 ], [ -122.555762, 45.489787 ], [ -122.557127, 45.489787 ], [ -122.557273, 45.489785 ], [ -122.558347, 45.48979 ], [ -122.559699, 45.489825 ], [ -122.560903, 45.489853 ], [ -122.562222, 45.489886 ], [ -122.563454, 45.489916 ], [ -122.565163, 45.489951 ], [ -122.565712, 45.489966 ], [ -122.566093, 45.489976 ], [ -122.565963, 45.490855 ] ] ] } },
{ "type": "Feature", "properties": { "GEOID": "41051006200", "NAMELSAD": "Census Tract 62", "area_sqmi": 0.68445357823032205, "total_bike_miles": 1.908, "num_segments": 34, "bike_density": 2.79, "total_pop": 3044, "pop_white": 2383, "pop_black": 139, "pop_asian": 76, "pop_hispanic": 0, "pct_white": 78.3, "pct_nonwhite": 21.7, "pct_black": 4.6, "pct_asian": 2.5, "pct_hispanic": 0.0, "median_income": 128125.0 }, "geometry": { "type": "Polygon", "coordinates": [ [ [ -122.71013, 45.457347 ], [ -122.708261, 45.458395 ], [ -122.707725, 45.458695 ], [ -122.707495, 45.458824 ], [ -122.705832, 45.459757 ], [ -122.705356, 45.460024 ], [ -122.704609, 45.460443 ], [ -122.704341, 45.460594 ], [ -122.704067, 45.460761 ], [ -122.703806, 45.460923 ], [ -122.702341, 45.461775 ], [ -122.701738, 45.462125 ], [ -122.699593, 45.463372 ], [ -122.699372, 45.463504 ], [ -122.69735, 45.464526 ], [ -122.696609, 45.464915 ], [ -122.696062, 45.465203 ], [ -122.694318, 45.466147 ], [ -122.693258, 45.466871 ], [ -122.692784, 45.467167 ], [ -122.692284, 45.467535 ], [ -122.691874, 45.46786 ], [ -122.691691, 45.468031 ], [ -122.691616, 45.468107 ], [ -122.691432, 45.468288 ], [ -122.690601, 45.469156 ], [ -122.690337, 45.469433 ], [ -122.690117, 45.469594 ], [ -122.68992, 45.469689 ], [ -122.689481, 45.4699 ], [ -122.688946, 45.470086 ], [ -122.688452, 45.470207 ], [ -122.688089, 45.470265 ], [ -122.687464, 45.470347 ], [ -122.686956, 45.470374 ], [ -122.686462, 45.470393 ], [ -122.685891, 45.470396 ], [ -122.684905, 45.470322 ], [ -122.682602, 45.469964 ], [ -122.681873, 45.469829 ], [ -122.681498, 45.469771 ], [ -122.680803, 45.469663 ], [ -122.680137, 45.469661 ], [ -122.679797, 45.46967 ], [ -122.679403, 45.469758 ], [ -122.679043, 45.469895 ], [ -122.678892, 45.469964 ], [ -122.678752, 45.470036 ], [ -122.678451, 45.470225 ], [ -122.678084, 45.470491 ], [ -122.677854, 45.470752 ], [ -122.677686, 45.471005 ], [ -122.677559, 45.471212 ], [ -122.677469, 45.471588 ], [ -122.677428, 45.47189 ], [ -122.677447, 45.472124 ], [ -122.677502, 45.472453 ], [ -122.677627, 45.472726 ], [ -122.678164, 45.47422 ], [ -122.678246, 45.474443 ], [ -122.678058, 45.47444 ], [ -122.677679, 45.474434 ], [ -122.677155, 45.474431 ], [ -122.676951, 45.47443 ], [ -122.676935, 45.473697 ], [ -122.676962, 45.473022 ], [ -122.675922, 45.473023 ], [ -122.675915, 45.472924 ], [ -122.675893, 45.472848 ], [ -122.675855, 45.472773 ], [ -122.675752, 45.472653 ], [ -122.675436, 45.472384 ], [ -122.675351, 45.472291 ], [ -122.675284, 45.472193 ], [ -122.675225, 45.472061 ], [ -122.6752, 45.471924 ], [ -122.675191, 45.471751 ], [ -122.675217, 45.471657 ], [ -122.675229, 45.471537 ], [ -122.675217, 45.471503 ], [ -122.675174, 45.471455 ], [ -122.674919, 45.471272 ], [ -122.674845, 45.471206 ], [ -122.67481, 45.471154 ], [ -122.674796, 45.471085 ], [ -122.674794, 45.471057 ], [ -122.674784, 45.470915 ], [ -122.674727, 45.47079 ], [ -122.674629, 45.470668 ], [ -122.674484, 45.470566 ], [ -122.674314, 45.470377 ], [ -122.67426, 45.470267 ], [ -122.674221, 45.470241 ], [ -122.674171, 45.470227 ], [ -122.674113, 45.47023 ], [ -122.673963, 45.470258 ], [ -122.673874, 45.470254 ], [ -122.673731, 45.470241 ], [ -122.673254, 45.470158 ], [ -122.673196, 45.470139 ], [ -122.673142, 45.470111 ], [ -122.67308, 45.470062 ], [ -122.673023, 45.470007 ], [ -122.672981, 45.469895 ], [ -122.672878, 45.469522 ], [ -122.672834, 45.469452 ], [ -122.67279, 45.469404 ], [ -122.672725, 45.46936 ], [ -122.67254, 45.469332 ], [ -122.672626, 45.468918 ], [ -122.672692, 45.46866 ], [ -122.672815, 45.468256 ], [ -122.672906, 45.467847 ], [ -122.67304, 45.467526 ], [ -122.673428, 45.466599 ], [ -122.673487, 45.466483 ], [ -122.6736, 45.466304 ], [ -122.673729, 45.466155 ], [ -122.673891, 45.466004 ], [ -122.674157, 45.465812 ], [ -122.674447, 45.46568 ], [ -122.674835, 45.465559 ], [ -122.677992, 45.464602 ], [ -122.678913, 45.46433 ], [ -122.679419, 45.464201 ], [ -122.679707, 45.46411 ], [ -122.679765, 45.464085 ], [ -122.679932, 45.464013 ], [ -122.680125, 45.463918 ], [ -122.680347, 45.463784 ], [ -122.680717, 45.463486 ], [ -122.681074, 45.46331 ], [ -122.681188, 45.463281 ], [ -122.681453, 45.463239 ], [ -122.681981, 45.46325 ], [ -122.682476, 45.463242 ], [ -122.683476, 45.463224 ], [ -122.68444, 45.463143 ], [ -122.684865, 45.46311 ], [ -122.685508, 45.462967 ], [ -122.686519, 45.462823 ], [ -122.686636, 45.46281 ], [ -122.686868, 45.462843 ], [ -122.687034, 45.462899 ], [ -122.687129, 45.462942 ], [ -122.687529, 45.463155 ], [ -122.688025, 45.463394 ], [ -122.688154, 45.463427 ], [ -122.688241, 45.463444 ], [ -122.688326, 45.463455 ], [ -122.68843, 45.463456 ], [ -122.688541, 45.463438 ], [ -122.688646, 45.46342 ], [ -122.688739, 45.463398 ], [ -122.689756, 45.463033 ], [ -122.689882, 45.462977 ], [ -122.690055, 45.46287 ], [ -122.690304, 45.46268 ], [ -122.690452, 45.462564 ], [ -122.690939, 45.46214 ], [ -122.691051, 45.462025 ], [ -122.691154, 45.461903 ], [ -122.691226, 45.461794 ], [ -122.691273, 45.461695 ], [ -122.691324, 45.461534 ], [ -122.691378, 45.461138 ], [ -122.691412, 45.460772 ], [ -122.691466, 45.460638 ], [ -122.691536, 45.460511 ], [ -122.691685, 45.460308 ], [ -122.69203, 45.459991 ], [ -122.692231, 45.459817 ], [ -122.69247, 45.459618 ], [ -122.692569, 45.459507 ], [ -122.692612, 45.459448 ], [ -122.692642, 45.45939 ], [ -122.692683, 45.459268 ], [ -122.69271, 45.45917 ], [ -122.692738, 45.45903 ], [ -122.692762, 45.458709 ], [ -122.692784, 45.458596 ], [ -122.692826, 45.458509 ], [ -122.692884, 45.458452 ], [ -122.692984, 45.458376 ], [ -122.693068, 45.458336 ], [ -122.693162, 45.458308 ], [ -122.693266, 45.458296 ], [ -122.693448, 45.458284 ], [ -122.693824, 45.458285 ], [ -122.694084, 45.45831 ], [ -122.694301, 45.458354 ], [ -122.694734, 45.458487 ], [ -122.695174, 45.458634 ], [ -122.695402, 45.458681 ], [ -122.695506, 45.458694 ], [ -122.695625, 45.458703 ], [ -122.695741, 45.458703 ], [ -122.695867, 45.458695 ], [ -122.695983, 45.458674 ], [ -122.696277, 45.45861 ], [ -122.696405, 45.458577 ], [ -122.696502, 45.45856 ], [ -122.696747, 45.45854 ], [ -122.696859, 45.458539 ], [ -122.696982, 45.45855 ], [ -122.697124, 45.45857 ], [ -122.697293, 45.458603 ], [ -122.697813, 45.458694 ], [ -122.698953, 45.459025 ], [ -122.699023, 45.459041 ], [ -122.699191, 45.459045 ], [ -122.699286, 45.45903 ], [ -122.699351, 45.459008 ], [ -122.699376, 45.459 ], [ -122.69946, 45.458922 ], [ -122.699491, 45.458864 ], [ -122.699509, 45.458799 ], [ -122.699518, 45.458703 ], [ -122.69955, 45.458477 ], [ -122.699601, 45.458355 ], [ -122.699649, 45.458312 ], [ -122.699703, 45.458282 ], [ -122.699859, 45.458234 ], [ -122.700057, 45.458184 ], [ -122.70076, 45.458105 ], [ -122.701163, 45.458056 ], [ -122.701563, 45.45802 ], [ -122.701878, 45.458019 ], [ -122.70238, 45.458042 ], [ -122.702796, 45.458088 ], [ -122.703153, 45.458101 ], [ -122.703431, 45.458101 ], [ -122.703649, 45.458093 ], [ -122.704402, 45.458105 ], [ -122.704611, 45.458104 ], [ -122.704795, 45.458095 ], [ -122.705096, 45.458068 ], [ -122.7057, 45.45795 ], [ -122.706445, 45.457809 ], [ -122.707726, 45.457568 ], [ -122.709873, 45.45712 ], [ -122.70999, 45.457057 ], [ -122.710076, 45.457235 ], [ -122.71013, 45.457347 ] ] ] } },
{ "type": "Feature", "properties": { "GEOID": "41051009701", "NAMELSAD": "Census Tract 97.01", "area_sqmi": 0.70336752224834553, "total_bike_miles": 3.779, "num_segments": 65, "bike_density": 5.37, "total_pop": 4562, "pop_white": 2771, "pop_black": 514, "pop_asian": 245, "pop_hispanic": 0, "pct_white": 60.7, "pct_nonwhite": 39.3, "pct_black": 11.3, "pct_asian": 5.4, "pct_hispanic": 0.0, "median_income": 72842.0 }, "geometry": { "type": "Polygon", "coordinates": [ [ [ -122.510783, 45.506497 ], [ -122.510775, 45.50695 ], [ -122.510779, 45.507228 ], [ -122.510771, 45.507397 ], [ -122.510758, 45.507693 ], [ -122.510748, 45.508106 ], [ -122.510731, 45.509509 ], [ -122.510723, 45.510106 ], [ -122.510729, 45.510216 ], [ -122.510728, 45.512033 ], [ -122.510725, 45.512403 ], [ -122.510722, 45.512769 ], [ -122.51072, 45.513046 ], [ -122.510715, 45.513831 ], [ -122.510713, 45.514942 ], [ -122.510752, 45.516378 ], [ -122.510727, 45.51757 ], [ -122.510711, 45.518288 ], [ -122.510693, 45.519156 ], [ -122.508127, 45.519154 ], [ -122.506706, 45.519159 ], [ -122.506177, 45.519154 ], [ -122.504901, 45.519156 ], [ -122.504224, 45.519158 ], [ -122.503688, 45.51916 ], [ -122.503007, 45.519157 ], [ -122.501628, 45.519152 ], [ -122.500682, 45.519154 ], [ -122.499652, 45.519157 ], [ -122.499058, 45.519152 ], [ -122.498164, 45.519155 ], [ -122.497188, 45.519158 ], [ -122.496447, 45.519156 ], [ -122.496465, 45.518518 ], [ -122.496486, 45.517784 ], [ -122.496499, 45.517329 ], [ -122.496512, 45.515982 ], [ -122.49651, 45.515646 ], [ -122.496508, 45.515365 ], [ -122.496506, 45.51507 ], [ -122.496532, 45.513662 ], [ -122.496543, 45.513001 ], [ -122.496549, 45.512662 ], [ -122.496556, 45.512297 ], [ -122.496546, 45.511652 ], [ -122.496546, 45.511072 ], [ -122.496546, 45.51047 ], [ -122.496549, 45.51019 ], [ -122.49657, 45.509096 ], [ -122.496568, 45.508906 ], [ -122.496564, 45.508418 ], [ -122.496562, 45.508254 ], [ -122.496558, 45.508047 ], [ -122.496562, 45.507946 ], [ -122.496587, 45.50731 ], [ -122.496601, 45.507002 ], [ -122.496598, 45.506863 ], [ -122.49664, 45.506079 ], [ -122.496632, 45.505298 ], [ -122.496624, 45.504572 ], [ -122.498582, 45.504506 ], [ -122.499191, 45.504496 ], [ -122.500425, 45.504454 ], [ -122.50172, 45.504438 ], [ -122.502076, 45.504425 ], [ -122.503011, 45.504389 ], [ -122.504688, 45.504331 ], [ -122.505106, 45.504328 ], [ -122.505953, 45.5043 ], [ -122.507002, 45.504265 ], [ -122.507487, 45.504257 ], [ -122.507551, 45.504255 ], [ -122.50856, 45.504233 ], [ -122.508849, 45.504227 ], [ -122.509029, 45.504226 ], [ -122.50956, 45.504225 ], [ -122.510597, 45.504222 ], [ -122.510684, 45.50441 ], [ -122.510721, 45.504501 ], [ -122.51075, 45.504595 ], [ -122.51077, 45.504689 ], [ -122.510782, 45.504784 ], [ -122.510804, 45.505107 ], [ -122.510783, 45.506497 ] ] ] } },
{ "type": "Feature", "properties": { "GEOID": "41051009803", "NAMELSAD": "Census Tract 98.03", "area_sqmi": 1.2801849471946303, "total_bike_miles": 0.0, "num_segments": 0, "bike_density": 0.0, "total_pop": 7438, "pop_white": 4440, "pop_black": 621, "pop_asian": 605, "pop_hispanic": 0, "pct_white": 59.7, "pct_nonwhite": 40.3, "pct_black": 8.3, "pct_asian": 8.1, "pct_hispanic": 0.0, "median_income": 57913.0 }, "geometry": { "type": "Polygon", "coordinates": [ [ [ -122.485159, 45.485646 ], [ -122.485127, 45.485762 ], [ -122.485086, 45.485876 ], [ -122.485033, 45.485978 ], [ -122.48498, 45.486058 ], [ -122.484911, 45.486144 ], [ -122.484814, 45.486242 ], [ -122.484782, 45.486299 ], [ -122.48476, 45.486359 ], [ -122.484736, 45.486496 ], [ -122.484734, 45.486594 ], [ -122.484734, 45.486637 ], [ -122.484734, 45.486668 ], [ -122.484733, 45.486721 ], [ -122.484725, 45.487197 ], [ -122.484697, 45.48888 ], [ -122.484694, 45.489045 ], [ -122.484692, 45.489166 ], [ -122.484692, 45.48918 ], [ -122.484723, 45.489963 ], [ -122.484722, 45.489987 ], [ -122.484716, 45.490267 ], [ -122.484711, 45.490488 ], [ -122.484712, 45.49076 ], [ -122.484673, 45.492309 ], [ -122.484663, 45.492645 ], [ -122.484653, 45.493094 ], [ -122.484642, 45.493605 ], [ -122.484657, 45.494078 ], [ -122.484663, 45.494268 ], [ -122.484669, 45.494482 ], [ -122.484669, 45.494569 ], [ -122.484669, 45.49491 ], [ -122.484668, 45.495145 ], [ -122.484667, 45.495391 ], [ -122.484667, 45.495549 ], [ -122.484664, 45.497196 ], [ -122.484661, 45.498102 ], [ -122.484671, 45.498375 ], [ -122.484671, 45.498694 ], [ -122.484671, 45.499044 ], [ -122.484671, 45.499419 ], [ -122.484681, 45.499508 ], [ -122.484678, 45.499653 ], [ -122.484668, 45.500269 ], [ -122.484663, 45.500486 ], [ -122.484656, 45.500866 ], [ -122.484656, 45.501247 ], [ -122.484656, 45.501547 ], [ -122.484655, 45.502071 ], [ -122.484654, 45.502353 ], [ -122.484654, 45.502609 ], [ -122.484656, 45.503124 ], [ -122.484657, 45.503355 ], [ -122.484657, 45.503452 ], [ -122.484663, 45.504581 ], [ -122.483689, 45.504584 ], [ -122.483408, 45.504584 ], [ -122.483383, 45.504584 ], [ -122.483119, 45.504585 ], [ -122.482954, 45.504585 ], [ -122.482721, 45.504586 ], [ -122.482091, 45.504581 ], [ -122.481342, 45.504588 ], [ -122.480824, 45.504585 ], [ -122.480307, 45.504584 ], [ -122.479052, 45.504581 ], [ -122.478126, 45.504576 ], [ -122.476599, 45.504569 ], [ -122.475593, 45.504564 ], [ -122.475021, 45.504566 ], [ -122.474544, 45.504562 ], [ -122.473733, 45.504555 ], [ -122.472404, 45.504544 ], [ -122.471363, 45.504536 ], [ -122.469936, 45.504528 ], [ -122.467883, 45.504509 ], [ -122.46772, 45.504532 ], [ -122.467248, 45.504527 ], [ -122.462827, 45.50449 ], [ -122.462722, 45.504461 ], [ -122.460123, 45.504452 ], [ -122.458407, 45.504446 ], [ -122.45881, 45.503734 ], [ -122.45971, 45.502149 ], [ -122.459632, 45.501929 ], [ -122.459593, 45.501717 ], [ -122.459702, 45.501481 ], [ -122.45982, 45.501285 ], [ -122.459938, 45.501065 ], [ -122.460024, 45.500783 ], [ -122.460087, 45.500469 ], [ -122.460213, 45.500233 ], [ -122.460456, 45.499817 ], [ -122.460652, 45.499394 ], [ -122.460919, 45.498671 ], [ -122.461123, 45.49813 ], [ -122.461241, 45.497785 ], [ -122.461225, 45.497588 ], [ -122.461225, 45.497322 ], [ -122.461272, 45.496835 ], [ -122.461272, 45.496662 ], [ -122.461351, 45.496482 ], [ -122.461523, 45.496262 ], [ -122.461735, 45.496042 ], [ -122.462034, 45.495862 ], [ -122.462308, 45.495673 ], [ -122.46263, 45.495485 ], [ -122.462928, 45.495281 ], [ -122.463124, 45.49514 ], [ -122.463146, 45.495097 ], [ -122.463266, 45.494857 ], [ -122.46347, 45.494504 ], [ -122.463737, 45.493994 ], [ -122.463815, 45.493758 ], [ -122.463839, 45.493554 ], [ -122.463886, 45.493382 ], [ -122.463988, 45.493287 ], [ -122.464302, 45.493107 ], [ -122.464474, 45.492865 ], [ -122.464516, 45.492653 ], [ -122.464518, 45.492487 ], [ -122.464556, 45.492368 ], [ -122.46463, 45.492231 ], [ -122.464911, 45.491839 ], [ -122.46645, 45.48987 ], [ -122.466562, 45.489796 ], [ -122.466644, 45.489741 ], [ -122.466701, 45.489703 ], [ -122.466798, 45.489586 ], [ -122.467473, 45.488776 ], [ -122.467608, 45.488705 ], [ -122.467605, 45.488597 ], [ -122.467707, 45.488585 ], [ -122.467932, 45.488557 ], [ -122.468489, 45.488476 ], [ -122.469042, 45.48838 ], [ -122.469938, 45.48821 ], [ -122.471409, 45.487967 ], [ -122.471438, 45.487962 ], [ -122.471609, 45.487938 ], [ -122.472367, 45.48781 ], [ -122.475473, 45.487269 ], [ -122.478685, 45.48665 ], [ -122.478715, 45.486644 ], [ -122.478796, 45.486628 ], [ -122.480126, 45.486372 ], [ -122.480721, 45.486257 ], [ -122.480748, 45.486251 ], [ -122.481574, 45.48609 ], [ -122.48516, 45.485466 ], [ -122.485159, 45.485646 ] ] ] } },
{ "type": "Feature", "properties": { "GEOID": "41051009804", "NAMELSAD": "Census Tract 98.04", "area_sqmi": 0.44850008856764462, "total_bike_miles": 0.428, "num_segments": 7, "bike_density": 0.95, "total_pop": 3349, "pop_white": 1643, "pop_black": 466, "pop_asian": 408, "pop_hispanic": 0, "pct_white": 49.1, "pct_nonwhite": 50.9, "pct_black": 13.9, "pct_asian": 12.2, "pct_hispanic": 0.0, "median_income": 59653.0 }, "geometry": { "type": "Polygon", "coordinates": [ [ [ -122.496866, 45.497776 ], [ -122.496866, 45.49809 ], [ -122.496865, 45.498416 ], [ -122.496864, 45.499073 ], [ -122.496864, 45.49936 ], [ -122.496853, 45.500078 ], [ -122.496858, 45.500892 ], [ -122.496864, 45.501757 ], [ -122.496816, 45.502289 ], [ -122.49682, 45.502399 ], [ -122.496813, 45.50258 ], [ -122.49682, 45.50274 ], [ -122.496804, 45.502939 ], [ -122.496695, 45.503544 ], [ -122.496679, 45.503718 ], [ -122.496659, 45.504429 ], [ -122.496624, 45.504572 ], [ -122.49639, 45.504581 ], [ -122.494966, 45.504574 ], [ -122.493678, 45.504578 ], [ -122.4934, 45.504586 ], [ -122.491534, 45.504583 ], [ -122.491075, 45.504585 ], [ -122.490605, 45.504587 ], [ -122.490495, 45.504588 ], [ -122.490262, 45.504589 ], [ -122.489798, 45.504584 ], [ -122.489594, 45.504581 ], [ -122.489016, 45.504583 ], [ -122.488743, 45.504584 ], [ -122.487929, 45.504589 ], [ -122.487338, 45.504592 ], [ -122.48651, 45.504588 ], [ -122.484663, 45.504581 ], [ -122.484657, 45.503452 ], [ -122.484657, 45.503355 ], [ -122.484656, 45.503124 ], [ -122.484654, 45.502609 ], [ -122.484654, 45.502353 ], [ -122.484655, 45.502071 ], [ -122.484656, 45.501547 ], [ -122.484656, 45.501247 ], [ -122.484656, 45.500866 ], [ -122.484663, 45.500486 ], [ -122.484668, 45.500269 ], [ -122.484678, 45.499653 ], [ -122.484681, 45.499508 ], [ -122.484671, 45.499419 ], [ -122.484671, 45.499044 ], [ -122.484671, 45.498694 ], [ -122.484671, 45.498375 ], [ -122.484661, 45.498102 ], [ -122.484664, 45.497196 ], [ -122.484667, 45.495549 ], [ -122.484667, 45.495391 ], [ -122.484668, 45.495145 ], [ -122.484669, 45.49491 ], [ -122.484669, 45.494569 ], [ -122.484669, 45.494482 ], [ -122.484663, 45.494268 ], [ -122.484657, 45.494078 ], [ -122.484642, 45.493605 ], [ -122.484653, 45.493094 ], [ -122.484663, 45.492645 ], [ -122.484673, 45.492309 ], [ -122.485456, 45.492463 ], [ -122.48787, 45.492956 ], [ -122.489599, 45.493335 ], [ -122.489971, 45.493417 ], [ -122.492299, 45.493888 ], [ -122.493053, 45.494059 ], [ -122.494983, 45.494437 ], [ -122.496653, 45.494776 ], [ -122.496654, 45.495695 ], [ -122.496682, 45.495985 ], [ -122.496744, 45.496341 ], [ -122.496786, 45.496522 ], [ -122.496792, 45.496555 ], [ -122.496825, 45.496754 ], [ -122.496851, 45.496988 ], [ -122.496867, 45.497337 ], [ -122.496866, 45.497776 ] ] ] } },
{ "type": "Feature", "properties": { "GEOID": "41051000302", "NAMELSAD": "Census Tract 3.02", "area_sqmi": 1.2417980020375237, "total_bike_miles": 4.378, "num_segments": 61, "bike_density": 3.53, "total_pop": 6952, "pop_white": 6171, "pop_black": 12, "pop_asian": 217, "pop_hispanic": 0, "pct_white": 88.8, "pct_nonwhite": 11.2, "pct_black": 0.2, "pct_asian": 3.1, "pct_hispanic": 0.0, "median_income": 201490.0 }, "geometry": { "type": "Polygon", "coordinates": [ [ [ -122.639509, 45.474283 ], [ -122.639087, 45.474304 ], [ -122.638428, 45.474338 ], [ -122.63766, 45.474365 ], [ -122.635835, 45.474364 ], [ -122.635409, 45.474425 ], [ -122.635135, 45.47449 ], [ -122.634962, 45.474544 ], [ -122.634758, 45.474624 ], [ -122.634588, 45.47473 ], [ -122.63444, 45.474843 ], [ -122.63439, 45.475176 ], [ -122.634415, 45.475271 ], [ -122.634458, 45.475362 ], [ -122.63457, 45.475509 ], [ -122.634688, 45.475709 ], [ -122.634753, 45.47589 ], [ -122.634781, 45.476065 ], [ -122.634784, 45.47649 ], [ -122.634774, 45.476636 ], [ -122.634743, 45.476778 ], [ -122.634684, 45.47693 ], [ -122.634595, 45.477081 ], [ -122.634541, 45.477137 ], [ -122.634318, 45.477377 ], [ -122.634135, 45.477518 ], [ -122.634067, 45.477598 ], [ -122.634018, 45.477678 ], [ -122.634031, 45.47777 ], [ -122.634035, 45.477801 ], [ -122.634077, 45.477899 ], [ -122.634163, 45.477995 ], [ -122.634379, 45.478105 ], [ -122.634515, 45.478183 ], [ -122.634607, 45.478286 ], [ -122.634649, 45.478398 ], [ -122.634642, 45.478461 ], [ -122.634619, 45.478544 ], [ -122.634579, 45.478624 ], [ -122.634522, 45.478697 ], [ -122.634451, 45.478762 ], [ -122.634369, 45.478815 ], [ -122.63402, 45.478852 ], [ -122.6335, 45.478947 ], [ -122.633163, 45.479016 ], [ -122.633069, 45.479044 ], [ -122.632758, 45.479174 ], [ -122.632585, 45.47922 ], [ -122.632458, 45.479243 ], [ -122.632326, 45.479255 ], [ -122.632141, 45.479242 ], [ -122.631726, 45.479154 ], [ -122.631468, 45.479117 ], [ -122.631345, 45.479106 ], [ -122.631088, 45.479103 ], [ -122.630946, 45.479108 ], [ -122.630617, 45.479147 ], [ -122.630381, 45.47918 ], [ -122.630232, 45.479203 ], [ -122.629865, 45.479216 ], [ -122.629679, 45.479209 ], [ -122.629529, 45.479195 ], [ -122.629418, 45.479179 ], [ -122.629307, 45.47917 ], [ -122.62918, 45.479171 ], [ -122.62901, 45.479158 ], [ -122.62882, 45.479174 ], [ -122.62859, 45.479217 ], [ -122.628511, 45.479236 ], [ -122.628229, 45.479285 ], [ -122.627876, 45.479335 ], [ -122.627566, 45.479346 ], [ -122.627338, 45.479333 ], [ -122.627124, 45.479293 ], [ -122.626988, 45.479261 ], [ -122.626782, 45.479224 ], [ -122.62655, 45.479205 ], [ -122.626356, 45.479209 ], [ -122.625918, 45.479207 ], [ -122.623612, 45.479198 ], [ -122.622656, 45.479195 ], [ -122.621643, 45.479192 ], [ -122.62059, 45.47919 ], [ -122.619518, 45.479187 ], [ -122.619418, 45.479186 ], [ -122.618485, 45.479184 ], [ -122.617472, 45.479182 ], [ -122.617474, 45.478443 ], [ -122.617477, 45.47773 ], [ -122.61748, 45.47711 ], [ -122.61748, 45.477016 ], [ -122.617483, 45.476303 ], [ -122.616469, 45.476301 ], [ -122.615456, 45.476298 ], [ -122.615492, 45.47479 ], [ -122.615502, 45.474692 ], [ -122.616037, 45.474678 ], [ -122.616016, 45.473266 ], [ -122.616006, 45.47258 ], [ -122.615996, 45.471895 ], [ -122.615986, 45.471197 ], [ -122.615986, 45.470497 ], [ -122.615971, 45.469421 ], [ -122.615963, 45.468556 ], [ -122.615953, 45.467851 ], [ -122.615917, 45.466384 ], [ -122.615902, 45.465696 ], [ -122.615891, 45.465314 ], [ -122.615897, 45.465014 ], [ -122.615891, 45.464694 ], [ -122.615896, 45.464592 ], [ -122.615881, 45.464328 ], [ -122.615855, 45.463644 ], [ -122.615861, 45.463349 ], [ -122.615867, 45.463005 ], [ -122.615845, 45.462639 ], [ -122.615849, 45.462552 ], [ -122.616204, 45.46249 ], [ -122.616284, 45.462447 ], [ -122.616352, 45.462395 ], [ -122.616405, 45.462335 ], [ -122.616564, 45.462047 ], [ -122.616086, 45.461884 ], [ -122.616036, 45.461867 ], [ -122.615891, 45.461806 ], [ -122.61575, 45.461732 ], [ -122.615374, 45.461481 ], [ -122.616058, 45.461474 ], [ -122.616195, 45.461473 ], [ -122.616274, 45.461472 ], [ -122.616816, 45.461468 ], [ -122.618882, 45.461452 ], [ -122.618977, 45.461451 ], [ -122.620153, 45.461443 ], [ -122.620697, 45.461444 ], [ -122.621879, 45.461447 ], [ -122.622256, 45.461439 ], [ -122.622359, 45.461444 ], [ -122.622462, 45.461449 ], [ -122.624863, 45.461455 ], [ -122.626278, 45.461451 ], [ -122.626753, 45.461446 ], [ -122.626956, 45.461443 ], [ -122.62793, 45.461446 ], [ -122.627969, 45.461446 ], [ -122.627993, 45.461446 ], [ -122.628171, 45.461448 ], [ -122.628735, 45.461453 ], [ -122.628923, 45.461455 ], [ -122.629598, 45.46146 ], [ -122.62981, 45.461487 ], [ -122.629873, 45.461541 ], [ -122.631011, 45.461539 ], [ -122.632012, 45.461537 ], [ -122.632163, 45.46154 ], [ -122.632974, 45.46155 ], [ -122.63299, 45.46155 ], [ -122.633507, 45.461495 ], [ -122.634153, 45.46147 ], [ -122.634655, 45.461474 ], [ -122.635103, 45.461472 ], [ -122.63656, 45.461474 ], [ -122.6369, 45.462961 ], [ -122.636915, 45.463033 ], [ -122.636922, 45.463066 ], [ -122.637172, 45.464285 ], [ -122.63751, 45.465758 ], [ -122.637535, 45.465846 ], [ -122.638197, 45.468729 ], [ -122.638322, 45.469272 ], [ -122.638619, 45.470562 ], [ -122.638767, 45.471288 ], [ -122.638868, 45.471784 ], [ -122.639205, 45.473097 ], [ -122.639509, 45.474283 ] ] ] } },
{ "type": "Feature", "properties": { "GEOID": "41051006300", "NAMELSAD": "Census Tract 63", "area_sqmi": 3.3444924765486492, "total_bike_miles": 2.574, "num_segments": 15, "bike_density": 0.77, "total_pop": 5860, "pop_white": 4079, "pop_black": 109, "pop_asian": 454, "pop_hispanic": 0, "pct_white": 69.6, "pct_nonwhite": 30.4, "pct_black": 1.9, "pct_asian": 7.7, "pct_hispanic": 0.0, "median_income": 184896.0 }, "geometry": { "type": "Polygon", "coordinates": [ [ [ -122.696719, 45.457816 ], [ -122.696693, 45.457862 ], [ -122.696647, 45.457913 ], [ -122.696396, 45.458038 ], [ -122.696311, 45.458124 ], [ -122.696282, 45.458198 ], [ -122.696285, 45.458267 ], [ -122.696317, 45.458368 ], [ -122.696384, 45.458448 ], [ -122.696502, 45.45856 ], [ -122.696405, 45.458577 ], [ -122.696277, 45.45861 ], [ -122.695983, 45.458674 ], [ -122.695867, 45.458695 ], [ -122.695741, 45.458703 ], [ -122.695625, 45.458703 ], [ -122.695506, 45.458694 ], [ -122.695402, 45.458681 ], [ -122.695174, 45.458634 ], [ -122.694734, 45.458487 ], [ -122.694301, 45.458354 ], [ -122.694084, 45.45831 ], [ -122.693824, 45.458285 ], [ -122.693448, 45.458284 ], [ -122.693266, 45.458296 ], [ -122.693162, 45.458308 ], [ -122.693068, 45.458336 ], [ -122.692984, 45.458376 ], [ -122.692884, 45.458452 ], [ -122.692826, 45.458509 ], [ -122.692784, 45.458596 ], [ -122.692762, 45.458709 ], [ -122.692738, 45.45903 ], [ -122.69271, 45.45917 ], [ -122.692683, 45.459268 ], [ -122.692642, 45.45939 ], [ -122.692612, 45.459448 ], [ -122.692569, 45.459507 ], [ -122.69247, 45.459618 ], [ -122.692231, 45.459817 ], [ -122.69203, 45.459991 ], [ -122.691685, 45.460308 ], [ -122.691536, 45.460511 ], [ -122.691466, 45.460638 ], [ -122.691412, 45.460772 ], [ -122.691378, 45.461138 ], [ -122.691324, 45.461534 ], [ -122.691273, 45.461695 ], [ -122.691226, 45.461794 ], [ -122.691154, 45.461903 ], [ -122.691051, 45.462025 ], [ -122.690939, 45.46214 ], [ -122.690452, 45.462564 ], [ -122.690304, 45.46268 ], [ -122.690055, 45.46287 ], [ -122.689882, 45.462977 ], [ -122.689756, 45.463033 ], [ -122.688739, 45.463398 ], [ -122.688646, 45.46342 ], [ -122.688541, 45.463438 ], [ -122.68843, 45.463456 ], [ -122.688326, 45.463455 ], [ -122.688241, 45.463444 ], [ -122.688154, 45.463427 ], [ -122.688025, 45.463394 ], [ -122.687529, 45.463155 ], [ -122.687129, 45.462942 ], [ -122.687034, 45.462899 ], [ -122.686868, 45.462843 ], [ -122.686636, 45.46281 ], [ -122.686519, 45.462823 ], [ -122.685508, 45.462967 ], [ -122.684865, 45.46311 ], [ -122.68444, 45.463143 ], [ -122.683476, 45.463224 ], [ -122.682476, 45.463242 ], [ -122.681981, 45.46325 ], [ -122.681453, 45.463239 ], [ -122.681188, 45.463281 ], [ -122.681074, 45.46331 ], [ -122.680717, 45.463486 ], [ -122.680347, 45.463784 ], [ -122.680125, 45.463918 ], [ -122.679932, 45.464013 ], [ -122.679765, 45.464085 ], [ -122.679707, 45.46411 ], [ -122.679419, 45.464201 ], [ -122.678913, 45.46433 ], [ -122.677992, 45.464602 ], [ -122.674835, 45.465559 ], [ -122.674447, 45.46568 ], [ -122.674157, 45.465812 ], [ -122.673891, 45.466004 ], [ -122.673729, 45.466155 ], [ -122.6736, 45.466304 ], [ -122.673487, 45.466483 ], [ -122.673428, 45.466599 ], [ -122.67304, 45.467526 ], [ -122.672906, 45.467847 ], [ -122.672815, 45.468256 ], [ -122.672692, 45.46866 ], [ -122.672626, 45.468918 ], [ -122.67254, 45.469332 ], [ -122.672509, 45.469561 ], [ -122.672418, 45.470017 ], [ -122.671499, 45.469482 ], [ -122.671475, 45.469317 ], [ -122.671438, 45.469153 ], [ -122.671383, 45.468991 ], [ -122.671362, 45.468944 ], [ -122.671317, 45.468836 ], [ -122.671307, 45.468814 ], [ -122.671234, 45.468673 ], [ -122.671137, 45.468519 ], [ -122.671027, 45.46837 ], [ -122.670904, 45.468227 ], [ -122.670785, 45.468104 ], [ -122.670622, 45.467958 ], [ -122.670541, 45.467899 ], [ -122.670419, 45.467794 ], [ -122.670282, 45.467659 ], [ -122.670163, 45.467519 ], [ -122.670076, 45.467406 ], [ -122.669988, 45.467257 ], [ -122.669921, 45.46713 ], [ -122.669534, 45.4664 ], [ -122.669325, 45.465918 ], [ -122.669037, 45.465072 ], [ -122.668847, 45.46431 ], [ -122.668626, 45.464315 ], [ -122.66831, 45.464323 ], [ -122.668023, 45.46433 ], [ -122.667666, 45.464331 ], [ -122.666484, 45.464334 ], [ -122.666116, 45.463599 ], [ -122.665841, 45.46305 ], [ -122.665304, 45.461978 ], [ -122.664883, 45.461511 ], [ -122.664764, 45.461396 ], [ -122.664646, 45.46128 ], [ -122.663859, 45.460514 ], [ -122.662211, 45.45891 ], [ -122.661844, 45.458553 ], [ -122.660979, 45.457819 ], [ -122.659715, 45.455489 ], [ -122.659105, 45.454341 ], [ -122.658274, 45.453242 ], [ -122.658112, 45.453028 ], [ -122.658102, 45.453014 ], [ -122.657633, 45.452394 ], [ -122.657366, 45.452041 ], [ -122.653016, 45.446286 ], [ -122.652707, 45.445877 ], [ -122.652605, 45.445741 ], [ -122.652108, 45.445575 ], [ -122.651863, 45.445493 ], [ -122.651635, 45.445417 ], [ -122.651227, 45.445281 ], [ -122.650088, 45.444788 ], [ -122.647666, 45.443983 ], [ -122.646503, 45.442448 ], [ -122.64616, 45.441424 ], [ -122.64601, 45.440973 ], [ -122.6461, 45.440538 ], [ -122.646267, 45.439584 ], [ -122.646369, 45.439483 ], [ -122.646534, 45.43932 ], [ -122.646696, 45.439159 ], [ -122.646837, 45.439053 ], [ -122.647065, 45.43888 ], [ -122.64724, 45.438753 ], [ -122.647482, 45.438622 ], [ -122.647683, 45.438514 ], [ -122.647743, 45.438514 ], [ -122.647789, 45.438456 ], [ -122.647909, 45.438391 ], [ -122.648483, 45.438168 ], [ -122.648914, 45.437997 ], [ -122.649171, 45.437888 ], [ -122.649374, 45.437802 ], [ -122.649489, 45.437753 ], [ -122.649538, 45.437732 ], [ -122.64963, 45.437689 ], [ -122.64969, 45.43766 ], [ -122.649771, 45.437619 ], [ -122.649834, 45.437588 ], [ -122.649893, 45.437558 ], [ -122.649969, 45.43752 ], [ -122.650054, 45.437478 ], [ -122.650124, 45.437443 ], [ -122.650202, 45.437398 ], [ -122.650229, 45.437382 ], [ -122.650263, 45.437362 ], [ -122.650293, 45.437344 ], [ -122.650316, 45.437331 ], [ -122.65036, 45.437305 ], [ -122.650418, 45.437271 ], [ -122.650473, 45.437238 ], [ -122.650528, 45.437199 ], [ -122.650595, 45.437142 ], [ -122.650635, 45.437108 ], [ -122.650667, 45.437081 ], [ -122.650704, 45.43705 ], [ -122.650727, 45.43703 ], [ -122.650751, 45.43701 ], [ -122.650816, 45.436942 ], [ -122.650845, 45.436909 ], [ -122.650863, 45.436887 ], [ -122.65095, 45.436786 ], [ -122.651005, 45.436691 ], [ -122.651051, 45.436611 ], [ -122.651088, 45.436545 ], [ -122.651125, 45.436421 ], [ -122.651155, 45.436318 ], [ -122.651168, 45.436251 ], [ -122.651174, 45.436182 ], [ -122.651183, 45.436059 ], [ -122.651156, 45.435975 ], [ -122.651112, 45.435837 ], [ -122.651089, 45.435768 ], [ -122.651056, 45.435713 ], [ -122.651031, 45.435674 ], [ -122.650987, 45.435601 ], [ -122.650934, 45.435517 ], [ -122.650852, 45.435396 ], [ -122.650736, 45.43525 ], [ -122.65061, 45.435092 ], [ -122.650527, 45.434988 ], [ -122.650404, 45.434847 ], [ -122.65036, 45.434797 ], [ -122.650258, 45.43468 ], [ -122.650138, 45.434544 ], [ -122.650059, 45.434454 ], [ -122.649869, 45.434237 ], [ -122.64954, 45.433734 ], [ -122.649427, 45.43356 ], [ -122.649293, 45.433347 ], [ -122.64922, 45.433213 ], [ -122.649141, 45.433066 ], [ -122.649065, 45.432926 ], [ -122.64903, 45.432862 ], [ -122.649013, 45.43283 ], [ -122.649001, 45.432808 ], [ -122.648906, 45.432812 ], [ -122.648787, 45.432811 ], [ -122.648725, 45.432718 ], [ -122.648904, 45.432717 ], [ -122.648897, 45.432674 ], [ -122.650582, 45.432664 ], [ -122.651487, 45.432657 ], [ -122.653295, 45.432662 ], [ -122.653434, 45.432663 ], [ -122.654223, 45.432668 ], [ -122.654392, 45.432668 ], [ -122.654959, 45.432668 ], [ -122.656818, 45.432681 ], [ -122.658518, 45.43269 ], [ -122.659167, 45.432695 ], [ -122.659807, 45.432697 ], [ -122.660451, 45.432702 ], [ -122.661683, 45.432707 ], [ -122.6621, 45.432711 ], [ -122.663067, 45.432718 ], [ -122.664309, 45.432728 ], [ -122.665633, 45.432738 ], [ -122.666145, 45.432743 ], [ -122.666298, 45.432743 ], [ -122.666367, 45.432744 ], [ -122.666436, 45.432751 ], [ -122.667798, 45.432747 ], [ -122.669371, 45.432769 ], [ -122.669539, 45.432769 ], [ -122.672677, 45.432792 ], [ -122.673156, 45.432793 ], [ -122.673311, 45.432795 ], [ -122.673846, 45.433496 ], [ -122.674759, 45.434434 ], [ -122.675155, 45.434769 ], [ -122.675513, 45.435073 ], [ -122.67588, 45.435385 ], [ -122.677798, 45.436049 ], [ -122.678352, 45.436388 ], [ -122.678409, 45.436423 ], [ -122.678744, 45.436544 ], [ -122.679618, 45.438301 ], [ -122.680082, 45.439668 ], [ -122.680352, 45.441329 ], [ -122.680635, 45.441702 ], [ -122.680785, 45.4419 ], [ -122.681532, 45.44261 ], [ -122.682599, 45.443603 ], [ -122.683336, 45.444184 ], [ -122.683765, 45.444522 ], [ -122.684938, 45.445586 ], [ -122.686096, 45.446288 ], [ -122.686624, 45.446683 ], [ -122.686784, 45.446804 ], [ -122.686944, 45.446923 ], [ -122.687058, 45.447074 ], [ -122.687078, 45.4471 ], [ -122.687095, 45.447123 ], [ -122.687269, 45.447352 ], [ -122.687492, 45.447693 ], [ -122.687924, 45.448353 ], [ -122.68818, 45.449652 ], [ -122.688414, 45.450371 ], [ -122.688844, 45.45087 ], [ -122.689914, 45.451936 ], [ -122.69057, 45.452937 ], [ -122.690891, 45.453222 ], [ -122.691335, 45.453616 ], [ -122.691344, 45.453645 ], [ -122.691369, 45.453654 ], [ -122.691391, 45.453666 ], [ -122.691818, 45.454044 ], [ -122.692373, 45.45435 ], [ -122.692443, 45.454374 ], [ -122.693599, 45.454766 ], [ -122.694733, 45.454817 ], [ -122.695782, 45.454858 ], [ -122.695762, 45.454982 ], [ -122.695389, 45.455837 ], [ -122.695362, 45.456026 ], [ -122.695336, 45.456228 ], [ -122.695351, 45.456292 ], [ -122.695405, 45.456397 ], [ -122.695581, 45.456582 ], [ -122.695661, 45.456657 ], [ -122.695746, 45.456727 ], [ -122.696543, 45.457267 ], [ -122.696617, 45.457343 ], [ -122.69665, 45.457448 ], [ -122.696675, 45.457529 ], [ -122.696714, 45.457716 ], [ -122.696719, 45.457816 ] ] ] } },
{ "type": "Feature", "properties": { "GEOID": "41051006501", "NAMELSAD": "Census Tract 65.01", "area_sqmi": 1.4045770653197784, "total_bike_miles": 0.151, "num_segments": 4, "bike_density": 0.11, "total_pop": 6046, "pop_white": 4866, "pop_black": 0, "pop_asian": 246, "pop_hispanic": 0, "pct_white": 80.5, "pct_nonwhite": 19.5, "pct_black": 0.0, "pct_asian": 4.1, "pct_hispanic": 0.0, "median_income": 156577.0 }, "geometry": { "type": "Polygon", "coordinates": [ [ [ -122.743691, 45.444663 ], [ -122.743687, 45.445108 ], [ -122.743687, 45.445121 ], [ -122.743685, 45.445318 ], [ -122.743675, 45.446638 ], [ -122.743673, 45.446981 ], [ -122.743673, 45.447284 ], [ -122.743668, 45.447669 ], [ -122.743668, 45.447693 ], [ -122.743667, 45.447903 ], [ -122.743667, 45.448012 ], [ -122.743665, 45.448677 ], [ -122.743664, 45.449168 ], [ -122.74366, 45.451223 ], [ -122.743656, 45.452468 ], [ -122.743653, 45.452696 ], [ -122.743654, 45.453184 ], [ -122.743653, 45.453405 ], [ -122.743651, 45.454123 ], [ -122.743649, 45.454892 ], [ -122.743656, 45.456137 ], [ -122.743659, 45.456685 ], [ -122.743661, 45.457308 ], [ -122.743667, 45.458115 ], [ -122.743665, 45.45815 ], [ -122.743667, 45.458486 ], [ -122.743676, 45.460136 ], [ -122.743675, 45.460158 ], [ -122.743684, 45.461929 ], [ -122.743682, 45.462623 ], [ -122.743672, 45.465576 ], [ -122.743672, 45.465652 ], [ -122.743663, 45.467532 ], [ -122.74364, 45.467532 ], [ -122.743441, 45.46753 ], [ -122.743394, 45.46753 ], [ -122.742815, 45.467532 ], [ -122.741136, 45.467537 ], [ -122.739508, 45.467536 ], [ -122.73688, 45.467518 ], [ -122.736005, 45.467513 ], [ -122.735234, 45.467508 ], [ -122.734349, 45.467503 ], [ -122.733584, 45.467502 ], [ -122.733375, 45.4675 ], [ -122.732202, 45.467495 ], [ -122.730824, 45.467489 ], [ -122.729978, 45.467486 ], [ -122.728815, 45.467481 ], [ -122.728521, 45.467487 ], [ -122.726024, 45.467474 ], [ -122.725218, 45.46747 ], [ -122.725042, 45.467469 ], [ -122.724149, 45.467464 ], [ -122.723169, 45.467459 ], [ -122.723177, 45.466643 ], [ -122.723151, 45.465476 ], [ -122.723171, 45.464482 ], [ -122.723148, 45.464148 ], [ -122.723155, 45.462903 ], [ -122.723178, 45.46276 ], [ -122.723206, 45.462677 ], [ -122.723253, 45.462578 ], [ -122.723319, 45.462486 ], [ -122.723421, 45.462389 ], [ -122.723531, 45.462313 ], [ -122.723645, 45.462254 ], [ -122.723757, 45.462196 ], [ -122.723895, 45.462085 ], [ -122.723964, 45.462018 ], [ -122.724128, 45.461834 ], [ -122.724216, 45.461685 ], [ -122.724341, 45.461425 ], [ -122.724527, 45.46113 ], [ -122.72463, 45.461008 ], [ -122.724731, 45.460903 ], [ -122.724811, 45.460837 ], [ -122.724893, 45.460783 ], [ -122.724962, 45.460737 ], [ -122.725331, 45.460527 ], [ -122.725695, 45.460305 ], [ -122.724376, 45.4603 ], [ -122.724362, 45.459947 ], [ -122.723264, 45.459948 ], [ -122.723267, 45.459634 ], [ -122.723261, 45.459524 ], [ -122.723252, 45.458244 ], [ -122.722291, 45.458241 ], [ -122.721888, 45.457445 ], [ -122.721384, 45.457288 ], [ -122.721089, 45.457196 ], [ -122.720907, 45.45674 ], [ -122.720295, 45.45674 ], [ -122.720857, 45.456103 ], [ -122.720834, 45.455973 ], [ -122.721166, 45.455552 ], [ -122.721254, 45.45544 ], [ -122.721165, 45.455423 ], [ -122.721027, 45.455399 ], [ -122.721024, 45.454688 ], [ -122.72041, 45.454647 ], [ -122.720937, 45.453801 ], [ -122.720973, 45.453724 ], [ -122.721079, 45.453616 ], [ -122.721103, 45.453558 ], [ -122.721113, 45.453533 ], [ -122.721291, 45.45353 ], [ -122.722094, 45.453539 ], [ -122.722523, 45.453535 ], [ -122.722998, 45.453539 ], [ -122.723317, 45.453519 ], [ -122.723643, 45.453486 ], [ -122.723932, 45.45344 ], [ -122.724294, 45.453377 ], [ -122.72457, 45.45331 ], [ -122.725004, 45.453179 ], [ -122.725825, 45.4529 ], [ -122.726286, 45.452714 ], [ -122.72645, 45.452622 ], [ -122.72682, 45.452398 ], [ -122.726891, 45.452355 ], [ -122.727209, 45.452131 ], [ -122.727457, 45.451935 ], [ -122.727784, 45.451643 ], [ -122.728235, 45.451135 ], [ -122.728303, 45.45101 ], [ -122.729707, 45.448769 ], [ -122.730277, 45.447956 ], [ -122.730581, 45.447608 ], [ -122.730722, 45.447446 ], [ -122.731091, 45.447114 ], [ -122.731196, 45.447253 ], [ -122.731315, 45.447149 ], [ -122.731691, 45.446858 ], [ -122.732018, 45.44668 ], [ -122.733231, 45.44602 ], [ -122.733725, 45.445849 ], [ -122.73382, 45.445816 ], [ -122.734534, 45.445605 ], [ -122.735667, 45.445376 ], [ -122.736825, 45.445162 ], [ -122.737168, 45.445128 ], [ -122.737616, 45.445059 ], [ -122.738174, 45.44493 ], [ -122.73831, 45.44489 ], [ -122.738442, 45.444846 ], [ -122.738568, 45.444798 ], [ -122.7389, 45.444639 ], [ -122.739682, 45.444217 ], [ -122.739947, 45.444032 ], [ -122.740167, 45.443879 ], [ -122.740428, 45.443748 ], [ -122.74055, 45.443695 ], [ -122.740712, 45.443626 ], [ -122.741647, 45.443431 ], [ -122.74242, 45.44327 ], [ -122.742673, 45.443111 ], [ -122.743633, 45.442959 ], [ -122.743703, 45.442944 ], [ -122.743691, 45.444663 ] ] ] } }
]
}
