{
"type": "FeatureCollection",
"name": "data_bikes_planned",
"crs": { "type": "name", "properties": { "name": "urn:ogc:def:crs:OGC:1.3:CRS84" } },
"features": [
{ "type": "Feature", "properties": { "Facility": "NG", "SegmentNam": "SE TOLMAN ST", "Status": "PLANNED", "LengthMile": 0.051 }, "geometry": { "type": "LineString", "coordinates": [ [ -122.56967332017706, 45.477441863016054 ], [ -122.5686332148085, 45.477425363682364 ] ] } },
{ "type": "Feature", "properties": { "Facility": "NG", "SegmentNam": "SE TOLMAN ST", "Status": "PLANNED", "LengthMile": 0.047 }, "geometry": { "type": "LineString", "coordinates": [ [ -122.570639684640597, 45.477458704374911 ], [ -122.56967332017706, 45.477441863016054 ] ] } },
{ "type": "Feature", "properties": { "Facility": "NG", "SegmentNam": "SE TOLMAN ST", "Status": "PLANNED", "LengthMile": 0.047 }, "geometry": { "type": "LineString", "coordinates": [ [ -122.571606085935016, 45.477476515128451 ], [ -122.570639684640597, 45.477458704374911 ] ] } },
{ "type": "Feature", "properties": { "Facility": "NG", "SegmentNam": "SE TOLMAN ST", "Status": "PLANNED", "LengthMile": 0.047 }, "geometry": { "type": "LineString", "coordinates": [ [ -122.5725724530935, 45.477493340099834 ], [ -122.571606085935016, 45.477476515128451 ] ] } },
{ "type": "Feature", "properties": { "Facility": "NG", "SegmentNam": "SE TOLMAN ST", "Status": "PLANNED", "LengthMile": 0.047 }, "geometry": { "type": "LineString", "coordinates": [ [ -122.573538818455319, 45.477510154987989 ], [ -122.5725724530935, 45.477493340099834 ] ] } },
{ "type": "Feature", "properties": { "Facility": "NG", "SegmentNam": "SE TOLMAN ST", "Status": "PLANNED", "LengthMile": 0.047 }, "geometry": { "type": "LineString", "coordinates": [ [ -122.574505187410423, 45.477526964202127 ], [ -122.573538818455319, 45.477510154987989 ] ] } },
{ "type": "Feature", "properties": { "Facility": "NG", "SegmentNam": "SE TOLMAN ST", "Status": "PLANNED", "LengthMile": 0.047 }, "geometry": { "type": "LineString", "coordinates": [ [ -122.575472944262629, 45.477543737507595 ], [ -122.574505187410423, 45.477526964202127 ] ] } },
{ "type": "Feature", "properties": { "Facility": "NG", "SegmentNam": "SE TOLMAN ST", "Status": "PLANNED", "LengthMile": 0.047 }, "geometry": { "type": "LineString", "coordinates": [ [ -122.576427905511963, 45.47759108495238 ], [ -122.576345996226024, 45.477558302419304 ], [ -122.575472944262629, 45.477543737507595 ] ] } },
{ "type": "Feature", "properties": { "Facility": "NG", "SegmentNam": "SE TOLMAN ST", "Status": "PLANNED", "LengthMile": 0.03 }, "geometry": { "type": "LineString", "coordinates": [ [ -122.577027532760724, 45.477625272745811 ], [ -122.576509635134812, 45.477618977018238 ], [ -122.576427905511963, 45.47759108495238 ] ] } },
{ "type": "Feature", "properties": { "Facility": "NG", "SegmentNam": "SE TOLMAN ST", "Status": "PLANNED", "LengthMile": 0.024 }, "geometry": { "type": "LineString", "coordinates": [ [ -122.577525925266883, 45.477630940474782 ], [ -122.577027532760724, 45.477625272745811 ] ] } },
{ "type": "Feature", "properties": { "Facility": "PBL", "SegmentNam": "SE FOSTER RD", "Status": "PLANNED", "LengthMile": 0.022 }, "geometry": { "type": "LineString", "coordinates": [ [ -122.560276511113841, 45.477377868703918 ], [ -122.559850742906818, 45.477264113526296 ] ] } },
{ "type": "Feature", "properties": { "Facility": "PBL", "SegmentNam": "SE FOSTER RD", "Status": "PLANNED", "LengthMile": 0.038 }, "geometry": { "type": "LineString", "coordinates": [ [ -122.56097047404387, 45.47763463539534 ], [ -122.560276511113841, 45.477377868703918 ] ] } },
{ "type": "Feature", "properties": { "Facility": "PBL", "SegmentNam": "SE FOSTER RD", "Status": "PLANNED", "LengthMile": 0.023 }, "geometry": { "type": "LineString", "coordinates": [ [ -122.56139763104629, 45.477786542024681 ], [ -122.561298971773581, 45.477752090406788 ], [ -122.561086142018155, 45.477677593080863 ], [ -122.56097047404387, 45.47763463539534 ] ] } },
{ "type": "Feature", "properties": { "Facility": "PBL", "SegmentNam": "SE WOODSTOCK BLVD-FOSTER RD RAMP", "Status": "PLANNED", "LengthMile": 0.028 }, "geometry": { "type": "LineString", "coordinates": [ [ -122.564039610432872, 45.477807606663845 ], [ -122.563470836720853, 45.477741468633937 ] ] } },
{ "type": "Feature", "properties": { "Facility": "PBL", "SegmentNam": "SE WOODSTOCK BLVD-FOSTER RD RAMP", "Status": "PLANNED", "LengthMile": 0.035 }, "geometry": { "type": "LineString", "coordinates": [ [ -122.563470836720853, 45.477741468633937 ], [ -122.562761690465891, 45.477833509444636 ] ] } },
{ "type": "Feature", "properties": { "Facility": "PBL", "SegmentNam": "SE FOSTER RD", "Status": "PLANNED", "LengthMile": 0.017 }, "geometry": { "type": "LineString", "coordinates": [ [ -122.56171318854436, 45.477892481168965 ], [ -122.56139763104629, 45.477786542024681 ] ] } },
{ "type": "Feature", "properties": { "Facility": "PBL", "SegmentNam": "SE WOODSTOCK BLVD", "Status": "PLANNED", "LengthMile": 0.023 }, "geometry": { "type": "LineString", "coordinates": [ [ -122.564472947844465, 45.477937852374097 ], [ -122.564039610432872, 45.477807606663845 ] ] } },
{ "type": "Feature", "properties": { "Facility": "PBL", "SegmentNam": "SE WOODSTOCK BLVD", "Status": "PLANNED", "LengthMile": 0.015 }, "geometry": { "type": "LineString", "coordinates": [ [ -122.564765371927322, 45.4780197252894 ], [ -122.564472947844465, 45.477937852374097 ] ] } },
{ "type": "Feature", "properties": { "Facility": "PBL", "SegmentNam": "SE FOSTER RD", "Status": "PLANNED", "LengthMile": 0.046 }, "geometry": { "type": "LineString", "coordinates": [ [ -122.562576430904855, 45.47817360996843 ], [ -122.562399144790248, 45.478120013322886 ], [ -122.56217390301255, 45.478048676606157 ], [ -122.561949980859993, 45.477975357554968 ], [ -122.56171318854436, 45.477892481168965 ] ] } },
{ "type": "Feature", "properties": { "Facility": "PBL", "SegmentNam": "SE FOSTER RD", "Status": "PLANNED", "LengthMile": 0.047 }, "geometry": { "type": "LineString", "coordinates": [ [ -122.563475772963315, 45.478413944536037 ], [ -122.562576430904855, 45.47817360996843 ] ] } },
{ "type": "Feature", "properties": { "Facility": "BL", "SegmentNam": "SE ELLIS ST", "Status": "PLANNED", "LengthMile": 0.027 }, "geometry": { "type": "LineString", "coordinates": [ [ -122.577459333154877, 45.4822422168779 ], [ -122.576906908781027, 45.48224437784539 ] ] } },
{ "type": "Feature", "properties": { "Facility": "BL", "SegmentNam": "SE ELLIS ST", "Status": "PLANNED", "LengthMile": 0.025 }, "geometry": { "type": "LineString", "coordinates": [ [ -122.57590483808157, 45.482242919145122 ], [ -122.575385865172279, 45.482246426072123 ] ] } },
{ "type": "Feature", "properties": { "Facility": "BL", "SegmentNam": "SE ELLIS ST", "Status": "PLANNED", "LengthMile": 0.024 }, "geometry": { "type": "LineString", "coordinates": [ [ -122.575385865172279, 45.482246426072123 ], [ -122.574893386275633, 45.482251410594074 ] ] } },
{ "type": "Feature", "properties": { "Facility": "BL", "SegmentNam": "SE ELLIS ST", "Status": "PLANNED", "LengthMile": 0.053 }, "geometry": { "type": "LineString", "coordinates": [ [ -122.572025142828565, 45.48225229677324 ], [ -122.570942193210826, 45.482246380723915 ] ] } },
{ "type": "Feature", "properties": { "Facility": "BL", "SegmentNam": "SE ELLIS ST", "Status": "PLANNED", "LengthMile": 0.024 }, "geometry": { "type": "LineString", "coordinates": [ [ -122.574893386275633, 45.482251410594074 ], [ -122.574390997164798, 45.482251676384841 ] ] } },
{ "type": "Feature", "properties": { "Facility": "BL", "SegmentNam": "SE ELLIS ST", "Status": "PLANNED", "LengthMile": 0.014 }, "geometry": { "type": "LineString", "coordinates": [ [ -122.572306293054595, 45.482253097294752 ], [ -122.572025142828565, 45.48225229677324 ] ] } },
{ "type": "Feature", "properties": { "Facility": "BL", "SegmentNam": "SE ELLIS ST", "Status": "PLANNED", "LengthMile": 0.012 }, "geometry": { "type": "LineString", "coordinates": [ [ -122.574390997164798, 45.482251676384841 ], [ -122.574147575282339, 45.482255095764131 ] ] } },
{ "type": "Feature", "properties": { "Facility": "BL", "SegmentNam": "SE ELLIS ST", "Status": "PLANNED", "LengthMile": 0.033 }, "geometry": { "type": "LineString", "coordinates": [ [ -122.5729926607289, 45.482260287501298 ], [ -122.572306293054595, 45.482253097294752 ] ] } },
{ "type": "Feature", "properties": { "Facility": "BL", "SegmentNam": "SE ELLIS ST", "Status": "PLANNED", "LengthMile": 0.029 }, "geometry": { "type": "LineString", "coordinates": [ [ -122.574147575282339, 45.482255095764131 ], [ -122.573556281704469, 45.482259900782054 ] ] } },
{ "type": "Feature", "properties": { "Facility": "BL", "SegmentNam": "SE 92ND AVE", "Status": "PLANNED", "LengthMile": 0.041 }, "geometry": { "type": "LineString", "coordinates": [ [ -122.568616789113534, 45.482822825104549 ], [ -122.568618813916174, 45.482228542505659 ] ] } },
{ "type": "Feature", "properties": { "Facility": "PBL", "SegmentNam": "SE FOSTER RD", "Status": "PLANNED", "LengthMile": 0.068 }, "geometry": { "type": "LineString", "coordinates": [ [ -122.564775879521193, 45.478768461913972 ], [ -122.563475772963315, 45.478413944536037 ] ] } },
{ "type": "Feature", "properties": { "Facility": "PBL", "SegmentNam": "SE POWELL BLVD", "Status": "PLANNED", "LengthMile": 0.03 }, "geometry": { "type": "LineString", "coordinates": [ [ -122.558289929982138, 45.495757696514204 ], [ -122.557682218794099, 45.495812640906529 ] ] } },
{ "type": "Feature", "properties": { "Facility": "PBL", "SegmentNam": "SE POWELL BLVD", "Status": "PLANNED", "LengthMile": 0.026 }, "geometry": { "type": "LineString", "coordinates": [ [ -122.557682218794099, 45.495812640906529 ], [ -122.557143421863103, 45.495848724955451 ] ] } },
{ "type": "Feature", "properties": { "Facility": "PBL", "SegmentNam": "SE POWELL BLVD", "Status": "PLANNED", "LengthMile": 0.056 }, "geometry": { "type": "LineString", "coordinates": [ [ -122.557143421863103, 45.495848724955451 ], [ -122.556005540265772, 45.495947419008786 ] ] } },
{ "type": "Feature", "properties": { "Facility": "PBL", "SegmentNam": "SE POWELL BLVD", "Status": "PLANNED", "LengthMile": 0.173 }, "geometry": { "type": "LineString", "coordinates": [ [ -122.561670208649574, 45.496422494433403 ], [ -122.55931649145117, 45.495775517854675 ], [ -122.55915948210918, 45.495745048031331 ], [ -122.559069988347304, 45.49573392590257 ], [ -122.558966763836324, 45.495727944522443 ], [ -122.558842954430602, 45.495730163533295 ], [ -122.558289929982138, 45.495757696514204 ] ] } },
{ "type": "Feature", "properties": { "Facility": "PBL", "SegmentNam": "SE POWELL BLVD", "Status": "PLANNED", "LengthMile": 0.173 }, "geometry": { "type": "LineString", "coordinates": [ [ -122.556005540265772, 45.495947419008786 ], [ -122.552468389698575, 45.496216269004158 ] ] } },
{ "type": "Feature", "properties": { "Facility": "PBL", "SegmentNam": "SE POWELL BLVD", "Status": "PLANNED", "LengthMile": 0.05 }, "geometry": { "type": "LineString", "coordinates": [ [ -122.552468389698575, 45.496216269004158 ], [ -122.551441148204844, 45.496295318952811 ] ] } },
{ "type": "Feature", "properties": { "Facility": "PBL", "SegmentNam": "SE POWELL BLVD", "Status": "PLANNED", "LengthMile": 0.103 }, "geometry": { "type": "LineString", "coordinates": [ [ -122.551441148204844, 45.496295318952811 ], [ -122.549330900499584, 45.496451447627535 ] ] } },
{ "type": "Feature", "properties": { "Facility": "PBL", "SegmentNam": "SE POWELL BLVD", "Status": "PLANNED", "LengthMile": 0.066 }, "geometry": { "type": "LineString", "coordinates": [ [ -122.549330900499584, 45.496451447627535 ], [ -122.547990628468725, 45.496574230137277 ] ] } },
{ "type": "Feature", "properties": { "Facility": "PBL", "SegmentNam": "SE POWELL BLVD", "Status": "PLANNED", "LengthMile": 0.078 }, "geometry": { "type": "LineString", "coordinates": [ [ -122.563159330624728, 45.496834337910485 ], [ -122.561670208649574, 45.496422494433403 ] ] } },
{ "type": "Feature", "properties": { "Facility": "PBL", "SegmentNam": "SE POWELL BLVD", "Status": "PLANNED", "LengthMile": 0.039 }, "geometry": { "type": "LineString", "coordinates": [ [ -122.485469438779432, 45.492468858028339 ], [ -122.484687346628448, 45.492313995391001 ] ] } },
{ "type": "Feature", "properties": { "Facility": "PBL", "SegmentNam": "SE POWELL BLVD", "Status": "PLANNED", "LengthMile": 0.12 }, "geometry": { "type": "LineString", "coordinates": [ [ -122.487854965322086, 45.4929405679976 ], [ -122.485824045144582, 45.492539085810016 ], [ -122.485469438779432, 45.492468858028339 ] ] } },
{ "type": "Feature", "properties": { "Facility": "PBL", "SegmentNam": "SE POWELL BLVD", "Status": "PLANNED", "LengthMile": 0.109 }, "geometry": { "type": "LineString", "coordinates": [ [ -122.489984811571915, 45.493423511210622 ], [ -122.487854965322086, 45.4929405679976 ] ] } },
{ "type": "Feature", "properties": { "Facility": "PBL", "SegmentNam": "SE POWELL BLVD", "Status": "PLANNED", "LengthMile": 0.118 }, "geometry": { "type": "LineString", "coordinates": [ [ -122.492313311263686, 45.493894160315897 ], [ -122.491089454605429, 45.493646170298511 ], [ -122.489984811571915, 45.493423511210622 ] ] } },
{ "type": "Feature", "properties": { "Facility": "PBL", "SegmentNam": "SE POWELL BLVD", "Status": "PLANNED", "LengthMile": 0.038 }, "geometry": { "type": "LineString", "coordinates": [ [ -122.493066748055412, 45.494064154802381 ], [ -122.492313311263686, 45.493894160315897 ] ] } },
{ "type": "Feature", "properties": { "Facility": "PBL", "SegmentNam": "SE POWELL BLVD", "Status": "PLANNED", "LengthMile": 0.097 }, "geometry": { "type": "LineString", "coordinates": [ [ -122.494996755985454, 45.49444278817581 ], [ -122.493066748055412, 45.494064154802381 ] ] } },
{ "type": "Feature", "properties": { "Facility": "PBL", "SegmentNam": "SE POWELL BLVD", "Status": "PLANNED", "LengthMile": 0.084 }, "geometry": { "type": "LineString", "coordinates": [ [ -122.496667883823676, 45.494781838854792 ], [ -122.494996755985454, 45.49444278817581 ] ] } },
{ "type": "Feature", "properties": { "Facility": "PBL", "SegmentNam": "SE POWELL BLVD", "Status": "PLANNED", "LengthMile": 0.116 }, "geometry": { "type": "LineString", "coordinates": [ [ -122.498964465475083, 45.495251929407111 ], [ -122.49813187363209, 45.49508824613546 ], [ -122.496667883823676, 45.494781838854792 ] ] } },
{ "type": "Feature", "properties": { "Facility": "PBL", "SegmentNam": "SE POWELL BLVD", "Status": "PLANNED", "LengthMile": 0.076 }, "geometry": { "type": "LineString", "coordinates": [ [ -122.500471672333504, 45.495559514163745 ], [ -122.498964465475083, 45.495251929407111 ] ] } },
{ "type": "Feature", "properties": { "Facility": "PBL", "SegmentNam": "SE POWELL BLVD", "Status": "PLANNED", "LengthMile": 0.098 }, "geometry": { "type": "LineString", "coordinates": [ [ -122.502414817226267, 45.495952480399104 ], [ -122.500471672333504, 45.495559514163745 ] ] } },
{ "type": "Feature", "properties": { "Facility": "PBL", "SegmentNam": "SE POWELL BLVD", "Status": "PLANNED", "LengthMile": 0.125 }, "geometry": { "type": "LineString", "coordinates": [ [ -122.547990628468725, 45.496574230137277 ], [ -122.547421320259105, 45.496613750466466 ], [ -122.545428769822323, 45.496753025041258 ] ] } },
{ "type": "Feature", "properties": { "Facility": "PBL", "SegmentNam": "SE POWELL BLVD", "Status": "PLANNED", "LengthMile": 0.095 }, "geometry": { "type": "LineString", "coordinates": [ [ -122.545428769822323, 45.496753025041258 ], [ -122.543655905083256, 45.496885417583051 ], [ -122.543487858141376, 45.496896239760403 ] ] } },
{ "type": "Feature", "properties": { "Facility": "PBL", "SegmentNam": "SE POWELL BLVD", "Status": "PLANNED", "LengthMile": 0.067 }, "geometry": { "type": "LineString", "coordinates": [ [ -122.543487858141376, 45.496896239760403 ], [ -122.54211264703585, 45.496938320738636 ] ] } },
{ "type": "Feature", "properties": { "Facility": "PBL", "SegmentNam": "SE POWELL BLVD", "Status": "PLANNED", "LengthMile": 0.06 }, "geometry": { "type": "LineString", "coordinates": [ [ -122.54211264703585, 45.496938320738636 ], [ -122.540887817502124, 45.496981628914696 ] ] } },
{ "type": "Feature", "properties": { "Facility": "PBL", "SegmentNam": "SE POWELL BLVD", "Status": "PLANNED", "LengthMile": 0.017 }, "geometry": { "type": "LineString", "coordinates": [ [ -122.540887817502124, 45.496981628914696 ], [ -122.540532035242308, 45.496997740310881 ] ] } },
{ "type": "Feature", "properties": { "Facility": "PBL", "SegmentNam": "SE POWELL BLVD", "Status": "PLANNED", "LengthMile": 0.055 }, "geometry": { "type": "LineString", "coordinates": [ [ -122.540532035242308, 45.496997740310881 ], [ -122.539390497501714, 45.497034658543726 ] ] } },
{ "type": "Feature", "properties": { "Facility": "BBL", "SegmentNam": "SE POWELL BLVD", "Status": "PLANNED", "LengthMile": 0.083 }, "geometry": { "type": "LineString", "coordinates": [ [ -122.539390497501714, 45.497034658543726 ], [ -122.537674410780184, 45.49708175914909 ] ] } },
{ "type": "Feature", "properties": { "Facility": "PBL", "SegmentNam": "SE 136TH AVE", "Status": "PLANNED", "LengthMile": 0.033 }, "geometry": { "type": "LineString", "coordinates": [ [ -122.523563291614906, 45.497861841375247 ], [ -122.523557657381446, 45.497391056679135 ] ] } },
{ "type": "Feature", "properties": { "Facility": "PBL", "SegmentNam": "SE POWELL BLVD", "Status": "PLANNED", "LengthMile": 0.109 }, "geometry": { "type": "LineString", "coordinates": [ [ -122.523563291614906, 45.497861841375247 ], [ -122.522232465369285, 45.498095758845714 ], [ -122.521389305745274, 45.498225140357462 ] ] } },
{ "type": "Feature", "properties": { "Facility": "PBL", "SegmentNam": "SE POWELL BLVD", "Status": "PLANNED", "LengthMile": 0.103 }, "geometry": { "type": "LineString", "coordinates": [ [ -122.521389305745274, 45.498225140357462 ], [ -122.519331457668827, 45.498566776918324 ] ] } },
{ "type": "Feature", "properties": { "Facility": "PBL", "SegmentNam": "SE POWELL BLVD", "Status": "PLANNED", "LengthMile": 0.075 }, "geometry": { "type": "LineString", "coordinates": [ [ -122.503889917398126, 45.496295823325624 ], [ -122.503798698870909, 45.496274899720667 ], [ -122.502414817226267, 45.495952480399104 ] ] } },
{ "type": "Feature", "properties": { "Facility": "PBL", "SegmentNam": "SE POWELL BLVD", "Status": "PLANNED", "LengthMile": 0.045 }, "geometry": { "type": "LineString", "coordinates": [ [ -122.50476394762687, 45.496528248671915 ], [ -122.503889917398126, 45.496295823325624 ] ] } },
{ "type": "Feature", "properties": { "Facility": "PBL", "SegmentNam": "SE POWELL BLVD", "Status": "PLANNED", "LengthMile": 0.064 }, "geometry": { "type": "LineString", "coordinates": [ [ -122.506001887173824, 45.496856125218471 ], [ -122.50476394762687, 45.496528248671915 ] ] } },
{ "type": "Feature", "properties": { "Facility": "PBL", "SegmentNam": "SE POWELL BLVD", "Status": "PLANNED", "LengthMile": 0.038 }, "geometry": { "type": "LineString", "coordinates": [ [ -122.506744274687549, 45.49702622347489 ], [ -122.506001887173824, 45.496856125218471 ] ] } },
{ "type": "Feature", "properties": { "Facility": "PBL", "SegmentNam": "SE POWELL BLVD", "Status": "PLANNED", "LengthMile": 0.117 }, "geometry": { "type": "LineString", "coordinates": [ [ -122.508993285154773, 45.497641834728448 ], [ -122.506744274687549, 45.49702622347489 ] ] } },
{ "type": "Feature", "properties": { "Facility": "PBL", "SegmentNam": "SE POWELL BLVD", "Status": "PLANNED", "LengthMile": 0.085 }, "geometry": { "type": "LineString", "coordinates": [ [ -122.51063675566202, 45.498059484820246 ], [ -122.510271480904535, 45.497965045305229 ], [ -122.508993285154773, 45.497641834728448 ] ] } },
{ "type": "Feature", "properties": { "Facility": "PBL", "SegmentNam": "SE POWELL BLVD", "Status": "PLANNED", "LengthMile": 0.089 }, "geometry": { "type": "LineString", "coordinates": [ [ -122.512353599663342, 45.498504217027254 ], [ -122.51063675566202, 45.498059484820246 ] ] } },
{ "type": "Feature", "properties": { "Facility": "PBL", "SegmentNam": "SE POWELL BLVD", "Status": "PLANNED", "LengthMile": 0.078 }, "geometry": { "type": "LineString", "coordinates": [ [ -122.513839877572295, 45.498923597296084 ], [ -122.512353599663342, 45.498504217027254 ] ] } },
{ "type": "Feature", "properties": { "Facility": "PBL", "SegmentNam": "SE POWELL BLVD", "Status": "PLANNED", "LengthMile": 0.032 }, "geometry": { "type": "LineString", "coordinates": [ [ -122.514467888889072, 45.499085862156775 ], [ -122.513839877572295, 45.498923597296084 ] ] } },
{ "type": "Feature", "properties": { "Facility": "PBL", "SegmentNam": "SE POWELL BLVD", "Status": "PLANNED", "LengthMile": 0.099 }, "geometry": { "type": "LineString", "coordinates": [ [ -122.516431477641092, 45.499107207840346 ], [ -122.515498799102403, 45.499264548972143 ], [ -122.51539052605952, 45.49927330230642 ], [ -122.515279125082841, 45.499272318799939 ], [ -122.515170193574846, 45.49926248247484 ], [ -122.514467888889072, 45.499085862156775 ] ] } },
{ "type": "Feature", "properties": { "Facility": "PBL", "SegmentNam": "SE 148TH AVE", "Status": "PLANNED", "LengthMile": 0.194 }, "geometry": { "type": "LineString", "coordinates": [ [ -122.51046450729956, 45.500862342378412 ], [ -122.51046231181698, 45.499777687124926 ], [ -122.510547223272582, 45.499030228345056 ], [ -122.51063675566202, 45.498059484820246 ] ] } },
{ "type": "Feature", "properties": { "Facility": "PBL", "SegmentNam": "SE 148TH AVE", "Status": "PLANNED", "LengthMile": 0.053 }, "geometry": { "type": "LineString", "coordinates": [ [ -122.510455655300731, 45.5016349005381 ], [ -122.51046450729956, 45.500862342378412 ] ] } },
{ "type": "Feature", "properties": { "Facility": "PBL", "SegmentNam": "SE 148TH AVE", "Status": "PLANNED", "LengthMile": 0.054 }, "geometry": { "type": "LineString", "coordinates": [ [ -122.510458453552843, 45.502421939841845 ], [ -122.510455655300731, 45.5016349005381 ] ] } },
{ "type": "Feature", "properties": { "Facility": "PBL", "SegmentNam": "SE 148TH AVE", "Status": "PLANNED", "LengthMile": 0.125 }, "geometry": { "type": "LineString", "coordinates": [ [ -122.510611461798561, 45.504227409435678 ], [ -122.510556635820123, 45.504055092214955 ], [ -122.510455897845858, 45.503411717128444 ], [ -122.510435991179165, 45.503045933827352 ], [ -122.510458453552843, 45.502421939841845 ] ] } },
{ "type": "Feature", "properties": { "Facility": "PBL", "SegmentNam": "SE 148TH AVE", "Status": "PLANNED", "LengthMile": 0.125 }, "geometry": { "type": "LineString", "coordinates": [ [ -122.510611461798561, 45.504227409435678 ], [ -122.510556635820123, 45.504055092214955 ], [ -122.510455897845858, 45.503411717128444 ], [ -122.510435991179165, 45.503045933827352 ], [ -122.510458453552843, 45.502421939841845 ] ] } },
{ "type": "Feature", "properties": { "Facility": "PBL", "SegmentNam": "SE 148TH AVE", "Status": "PLANNED", "LengthMile": 0.062 }, "geometry": { "type": "LineString", "coordinates": [ [ -122.510818220739296, 45.505112689442946 ], [ -122.510798638364406, 45.504874164875226 ], [ -122.510795624516646, 45.504789047708108 ], [ -122.510783916773548, 45.504694292725873 ], [ -122.510765285714527, 45.504600638730139 ], [ -122.510735526325817, 45.504507179750618 ], [ -122.510697487165103, 45.504415822810714 ], [ -122.510611461798561, 45.504227409435678 ] ] } },
{ "type": "Feature", "properties": { "Facility": "PBL", "SegmentNam": "SE 148TH AVE", "Status": "PLANNED", "LengthMile": 0.096 }, "geometry": { "type": "LineString", "coordinates": [ [ -122.510796444678491, 45.506503199898461 ], [ -122.510818220739296, 45.505112689442946 ] ] } },
{ "type": "Feature", "properties": { "Facility": "PBL", "SegmentNam": "SE 148TH AVE", "Status": "PLANNED", "LengthMile": 0.096 }, "geometry": { "type": "LineString", "coordinates": [ [ -122.510796444678491, 45.506503199898461 ], [ -122.510818220739296, 45.505112689442946 ] ] } },
{ "type": "Feature", "properties": { "Facility": "PBL", "SegmentNam": "SE 148TH AVE", "Status": "PLANNED", "LengthMile": 0.031 }, "geometry": { "type": "LineString", "coordinates": [ [ -122.510788793727215, 45.506955614661528 ], [ -122.510796444678491, 45.506503199898461 ] ] } },
{ "type": "Feature", "properties": { "Facility": "PBL", "SegmentNam": "SE 148TH AVE", "Status": "PLANNED", "LengthMile": 0.019 }, "geometry": { "type": "LineString", "coordinates": [ [ -122.510793100250694, 45.507234543551071 ], [ -122.510788793727215, 45.506955614661528 ] ] } },
{ "type": "Feature", "properties": { "Facility": "PBL", "SegmentNam": "SE POWELL BLVD", "Status": "PLANNED", "LengthMile": 0.047 }, "geometry": { "type": "LineString", "coordinates": [ [ -122.519331457668827, 45.498566776918324 ], [ -122.51840401271501, 45.498753419138602 ] ] } },
{ "type": "Feature", "properties": { "Facility": "PBL", "SegmentNam": "SE POWELL BLVD", "Status": "PLANNED", "LengthMile": 0.099 }, "geometry": { "type": "LineString", "coordinates": [ [ -122.51840401271501, 45.498753419138602 ], [ -122.516431477641092, 45.499107207840346 ] ] } },
{ "type": "Feature", "properties": { "Facility": "PBL", "SegmentNam": "SE WASHINGTON ST", "Status": "PLANNED", "LengthMile": 0.097 }, "geometry": { "type": "LineString", "coordinates": [ [ -122.562323466219155, 45.518327177554482 ], [ -122.560322865080806, 45.518341532390778 ] ] } },
{ "type": "Feature", "properties": { "Facility": "PBL", "SegmentNam": "SE WASHINGTON ST", "Status": "PLANNED", "LengthMile": 0.095 }, "geometry": { "type": "LineString", "coordinates": [ [ -122.557614195665863, 45.518338186328243 ], [ -122.555651884318181, 45.518333172269521 ] ] } },
{ "type": "Feature", "properties": { "Facility": "PBL", "SegmentNam": "SE WASHINGTON ST", "Status": "PLANNED", "LengthMile": 0.113 }, "geometry": { "type": "LineString", "coordinates": [ [ -122.564660206157029, 45.518327307847009 ], [ -122.56389639562039, 45.518346903966318 ], [ -122.562323466219155, 45.518327177554482 ] ] } },
{ "type": "Feature", "properties": { "Facility": "PBL", "SegmentNam": "SE WASHINGTON ST", "Status": "PLANNED", "LengthMile": 0.04 }, "geometry": { "type": "LineString", "coordinates": [ [ -122.558445836192959, 45.518345805606963 ], [ -122.558296820958688, 45.518345538727644 ], [ -122.557614195665863, 45.518338186328243 ] ] } },
{ "type": "Feature", "properties": { "Facility": "PBL", "SegmentNam": "SE WASHINGTON ST", "Status": "PLANNED", "LengthMile": 0.091 }, "geometry": { "type": "LineString", "coordinates": [ [ -122.560322865080806, 45.518341532390778 ], [ -122.558445836192959, 45.518345805606963 ] ] } },
{ "type": "Feature", "properties": { "Facility": "PBL", "SegmentNam": "SE WASHINGTON ST", "Status": "PLANNED", "LengthMile": 0.083 }, "geometry": { "type": "LineString", "coordinates": [ [ -122.555651884318181, 45.518333172269521 ], [ -122.55524655637717, 45.518330632509503 ], [ -122.554903922758129, 45.518328929894579 ], [ -122.554624376923158, 45.518338823943274 ], [ -122.554456373100408, 45.51835259718122 ], [ -122.554294290972024, 45.518376052968797 ], [ -122.554082496974104, 45.518411166450129 ], [ -122.553955455430014, 45.51844084980646 ] ] } },
{ "type": "Feature", "properties": { "Facility": "PBL", "SegmentNam": "SE WASHINGTON ST", "Status": "PLANNED", "LengthMile": 0.067 }, "geometry": { "type": "LineString", "coordinates": [ [ -122.553955455430014, 45.51844084980646 ], [ -122.553850643595894, 45.518469156581638 ], [ -122.553718458298462, 45.518510676978046 ], [ -122.552695305037645, 45.518829505897749 ] ] } },
{ "type": "Feature", "properties": { "Facility": "PBL", "SegmentNam": "SE WASHINGTON ST", "Status": "PLANNED", "LengthMile": 0.043 }, "geometry": { "type": "LineString", "coordinates": [ [ -122.552695305037645, 45.518829505897749 ], [ -122.552623749733684, 45.518853299488576 ], [ -122.552473824506023, 45.51890492629672 ], [ -122.55219357708684, 45.518972587039976 ], [ -122.55201232580859, 45.519005193149589 ], [ -122.551854205250592, 45.519022701230988 ] ] } },
{ "type": "Feature", "properties": { "Facility": "NG", "SegmentNam": "SE TIBBETTS ST", "Status": "PLANNED", "LengthMile": 0.054 }, "geometry": { "type": "LineString", "coordinates": [ [ -122.57982705958014, 45.500048284964684 ], [ -122.578717336573703, 45.500042920457453 ] ] } },
{ "type": "Feature", "properties": { "Facility": "TRL", "SegmentNam": "SE 82ND AVE", "Status": "PLANNED", "LengthMile": 0.033 }, "geometry": { "type": "LineString", "coordinates": [ [ -122.578694211243345, 45.500514231390959 ], [ -122.578717336573703, 45.500042920457453 ] ] } },
{ "type": "Feature", "properties": { "Facility": "NG", "SegmentNam": "SE 89TH AVE", "Status": "PLANNED", "LengthMile": 0.047 }, "geometry": { "type": "LineString", "coordinates": [ [ -122.572125288813055, 45.510757564855084 ], [ -122.572136622856988, 45.510075988756675 ] ] } },
{ "type": "Feature", "properties": { "Facility": "PBL", "SegmentNam": "SE WASHINGTON ST", "Status": "PLANNED", "LengthMile": 0.146 }, "geometry": { "type": "LineString", "coordinates": [ [ -122.569137317006579, 45.518327045373667 ], [ -122.569020097641811, 45.518320345693439 ], [ -122.566369949874343, 45.518318109319353 ], [ -122.566122128043659, 45.51831962876971 ] ] } },
{ "type": "Feature", "properties": { "Facility": "PBL", "SegmentNam": "SE WASHINGTON ST", "Status": "PLANNED", "LengthMile": 0.029 }, "geometry": { "type": "LineString", "coordinates": [ [ -122.566122128043659, 45.51831962876971 ], [ -122.565528242826176, 45.518340097284977 ] ] } },
{ "type": "Feature", "properties": { "Facility": "PBL", "SegmentNam": "SE WASHINGTON ST", "Status": "PLANNED", "LengthMile": 0.025 }, "geometry": { "type": "LineString", "coordinates": [ [ -122.565184431515803, 45.518344318887827 ], [ -122.564660206157029, 45.518327307847009 ] ] } },
{ "type": "Feature", "properties": { "Facility": "PBL", "SegmentNam": "SE WASHINGTON ST", "Status": "PLANNED", "LengthMile": 0.017 }, "geometry": { "type": "LineString", "coordinates": [ [ -122.565528242826176, 45.518340097284977 ], [ -122.565410511421675, 45.518341542461727 ], [ -122.565375456464338, 45.518341973622881 ], [ -122.565370256117134, 45.518342037195545 ], [ -122.565346755291003, 45.518342325475572 ], [ -122.565184431515803, 45.518344318887827 ] ] } },
{ "type": "Feature", "properties": { "Facility": "PBL", "SegmentNam": "SE STARK ST", "Status": "PLANNED", "LengthMile": 0.025 }, "geometry": { "type": "LineString", "coordinates": [ [ -122.56607503027162, 45.519053729344627 ], [ -122.565562394078327, 45.519049240919067 ] ] } },
{ "type": "Feature", "properties": { "Facility": "PBL", "SegmentNam": "SE STARK ST", "Status": "PLANNED", "LengthMile": 0.022 }, "geometry": { "type": "LineString", "coordinates": [ [ -122.565562394078327, 45.519049240919067 ], [ -122.56540117163766, 45.519053918171949 ], [ -122.565392806525722, 45.519054161129752 ], [ -122.565361558628567, 45.519055066871445 ], [ -122.565347478434788, 45.519055475367885 ], [ -122.565118627226298, 45.519062113906415 ] ] } },
{ "type": "Feature", "properties": { "Facility": "PBL", "SegmentNam": "SE STARK ST", "Status": "PLANNED", "LengthMile": 0.039 }, "geometry": { "type": "LineString", "coordinates": [ [ -122.566876527829351, 45.519074558252946 ], [ -122.56607503027162, 45.519053729344627 ] ] } },
{ "type": "Feature", "properties": { "Facility": "NG", "SegmentNam": "SE TOLMAN ST", "Status": "PLANNED", "LengthMile": 0.031 }, "geometry": { "type": "LineString", "coordinates": [ [ -122.595794955115167, 45.477375275444977 ], [ -122.595150653749016, 45.477375286782959 ] ] } },
{ "type": "Feature", "properties": { "Facility": "NG", "SegmentNam": "SE TOLMAN ST", "Status": "PLANNED", "LengthMile": 0.031 }, "geometry": { "type": "LineString", "coordinates": [ [ -122.596437903618551, 45.477376264372971 ], [ -122.595794955115167, 45.477375275444977 ] ] } },
{ "type": "Feature", "properties": { "Facility": "NG", "SegmentNam": "SE TOLMAN ST", "Status": "PLANNED", "LengthMile": 0.031 }, "geometry": { "type": "LineString", "coordinates": [ [ -122.597080849426959, 45.477377250151505 ], [ -122.596437903618551, 45.477376264372971 ] ] } },
{ "type": "Feature", "properties": { "Facility": "NG", "SegmentNam": "SE TOLMAN ST", "Status": "PLANNED", "LengthMile": 0.031 }, "geometry": { "type": "LineString", "coordinates": [ [ -122.597725187624064, 45.477378206325177 ], [ -122.597080849426959, 45.477377250151505 ] ] } },
{ "type": "Feature", "properties": { "Facility": "NG", "SegmentNam": "SE TOLMAN ST", "Status": "PLANNED", "LengthMile": 0.031 }, "geometry": { "type": "LineString", "coordinates": [ [ -122.598368135229109, 45.477379184545043 ], [ -122.597725187624064, 45.477378206325177 ] ] } },
{ "type": "Feature", "properties": { "Facility": "NG", "SegmentNam": "SE TOLMAN ST", "Status": "PLANNED", "LengthMile": 0.031 }, "geometry": { "type": "LineString", "coordinates": [ [ -122.599011082834153, 45.47738015898549 ], [ -122.598368135229109, 45.477379184545043 ] ] } },
{ "type": "Feature", "properties": { "Facility": "NG", "SegmentNam": "SE TOLMAN ST", "Status": "PLANNED", "LengthMile": 0.031 }, "geometry": { "type": "LineString", "coordinates": [ [ -122.599654030439169, 45.477381130276505 ], [ -122.599011082834153, 45.47738015898549 ] ] } },
{ "type": "Feature", "properties": { "Facility": "NG", "SegmentNam": "SE TOLMAN ST", "Status": "PLANNED", "LengthMile": 0.031 }, "geometry": { "type": "LineString", "coordinates": [ [ -122.600296978044213, 45.477382096528345 ], [ -122.599654030439169, 45.477381130276505 ] ] } },
{ "type": "Feature", "properties": { "Facility": "NG", "SegmentNam": "SE TOLMAN ST", "Status": "PLANNED", "LengthMile": 0.031 }, "geometry": { "type": "LineString", "coordinates": [ [ -122.600941316241318, 45.477383035065031 ], [ -122.600296978044213, 45.477382096528345 ] ] } },
{ "type": "Feature", "properties": { "Facility": "NG", "SegmentNam": "SE TOLMAN ST", "Status": "PLANNED", "LengthMile": 0.031 }, "geometry": { "type": "LineString", "coordinates": [ [ -122.601584227913747, 45.477383017428089 ], [ -122.600941316241318, 45.477383035065031 ] ] } },
{ "type": "Feature", "properties": { "Facility": "NG", "SegmentNam": "SE TOLMAN ST", "Status": "PLANNED", "LengthMile": 0.047 }, "geometry": { "type": "LineString", "coordinates": [ [ -122.591312148946699, 45.477361075192604 ], [ -122.590335411636602, 45.477365155623886 ] ] } },
{ "type": "Feature", "properties": { "Facility": "NG", "SegmentNam": "SE TOLMAN ST", "Status": "PLANNED", "LengthMile": 0.029 }, "geometry": { "type": "LineString", "coordinates": [ [ -122.591916339637137, 45.477367690303524 ], [ -122.59180066267966, 45.477362945337802 ], [ -122.591312148946699, 45.477361075192604 ] ] } },
{ "type": "Feature", "properties": { "Facility": "NG", "SegmentNam": "SE TOLMAN ST", "Status": "PLANNED", "LengthMile": 0.049 }, "geometry": { "type": "LineString", "coordinates": [ [ -122.590335411636602, 45.477365155623886 ], [ -122.589335248060522, 45.477375529290811 ] ] } },
{ "type": "Feature", "properties": { "Facility": "NG", "SegmentNam": "SE TOLMAN ST", "Status": "PLANNED", "LengthMile": 0.03 }, "geometry": { "type": "LineString", "coordinates": [ [ -122.592527481491217, 45.477374175656173 ], [ -122.592033442220938, 45.477373388922977 ], [ -122.591916339637137, 45.477367690303524 ] ] } },
{ "type": "Feature", "properties": { "Facility": "NG", "SegmentNam": "SE TOLMAN ST", "Status": "PLANNED", "LengthMile": 0.032 }, "geometry": { "type": "LineString", "coordinates": [ [ -122.595150653749016, 45.477375286782959 ], [ -122.594495189917126, 45.477374520206283 ] ] } },
{ "type": "Feature", "properties": { "Facility": "NG", "SegmentNam": "SE TOLMAN ST", "Status": "PLANNED", "LengthMile": 0.047 }, "geometry": { "type": "LineString", "coordinates": [ [ -122.593500300350058, 45.477377000714888 ], [ -122.592527481491217, 45.477374175656173 ] ] } },
{ "type": "Feature", "properties": { "Facility": "NG", "SegmentNam": "SE TOLMAN ST", "Status": "PLANNED", "LengthMile": 0.048 }, "geometry": { "type": "LineString", "coordinates": [ [ -122.594495189917126, 45.477374520206283 ], [ -122.593500300350058, 45.477377000714888 ] ] } },
{ "type": "Feature", "properties": { "Facility": "NG", "SegmentNam": "SE TOLMAN ST", "Status": "PLANNED", "LengthMile": 0.062 }, "geometry": { "type": "LineString", "coordinates": [ [ -122.589335309145952, 45.477566432388528 ], [ -122.588050764103741, 45.477563367351827 ] ] } },
{ "type": "Feature", "properties": { "Facility": "NG", "SegmentNam": "SE TOLMAN ST", "Status": "PLANNED", "LengthMile": 0.062 }, "geometry": { "type": "LineString", "coordinates": [ [ -122.588050764103741, 45.477563367351827 ], [ -122.586769288604842, 45.477568065059046 ] ] } },
{ "type": "Feature", "properties": { "Facility": "NG", "SegmentNam": "SE TOLMAN ST", "Status": "PLANNED", "LengthMile": 0.125 }, "geometry": { "type": "LineString", "coordinates": [ [ -122.586769288604842, 45.477568065059046 ], [ -122.584198918421166, 45.477564824913458 ] ] } },
{ "type": "Feature", "properties": { "Facility": "NG", "SegmentNam": "SE TOLMAN ST", "Status": "PLANNED", "LengthMile": 0.024 }, "geometry": { "type": "LineString", "coordinates": [ [ -122.578024317773014, 45.477636605683585 ], [ -122.577525925266883, 45.477630940474782 ] ] } },
{ "type": "Feature", "properties": { "Facility": "NG", "SegmentNam": "SE TOLMAN ST", "Status": "PLANNED", "LengthMile": 0.024 }, "geometry": { "type": "LineString", "coordinates": [ [ -122.578524101769588, 45.477642245066463 ], [ -122.578024317773014, 45.477636605683585 ] ] } },
{ "type": "Feature", "properties": { "Facility": "NG", "SegmentNam": "SE TOLMAN ST", "Status": "PLANNED", "LengthMile": 0.026 }, "geometry": { "type": "LineString", "coordinates": [ [ -122.579057512402116, 45.477654124743047 ], [ -122.578524101769588, 45.477642245066463 ] ] } },
{ "type": "Feature", "properties": { "Facility": "BL", "SegmentNam": "SE 92ND AVE", "Status": "PLANNED", "LengthMile": 0.064 }, "geometry": { "type": "LineString", "coordinates": [ [ -122.568599513612298, 45.480742785278196 ], [ -122.56862162923629, 45.479821159461736 ] ] } },
{ "type": "Feature", "properties": { "Facility": "BL", "SegmentNam": "SE 92ND AVE", "Status": "PLANNED", "LengthMile": 0.04 }, "geometry": { "type": "LineString", "coordinates": [ [ -122.568597064804834, 45.481325328098947 ], [ -122.568599513612298, 45.480742785278196 ] ] } },
{ "type": "Feature", "properties": { "Facility": "BL", "SegmentNam": "SE 92ND AVE", "Status": "PLANNED", "LengthMile": 0.062 }, "geometry": { "type": "LineString", "coordinates": [ [ -122.568618813916174, 45.482228542505659 ], [ -122.568597064804834, 45.481325328098947 ] ] } },
{ "type": "Feature", "properties": { "Facility": "BL", "SegmentNam": "SE ELLIS ST", "Status": "PLANNED", "LengthMile": 0.049 }, "geometry": { "type": "LineString", "coordinates": [ [ -122.569630797524766, 45.482234780403125 ], [ -122.568618813916174, 45.482228542505659 ] ] } },
{ "type": "Feature", "properties": { "Facility": "BL", "SegmentNam": "SE ELLIS ST", "Status": "PLANNED", "LengthMile": 0.064 }, "geometry": { "type": "LineString", "coordinates": [ [ -122.570942193210826, 45.482246380723915 ], [ -122.569630797524766, 45.482234780403125 ] ] } },
{ "type": "Feature", "properties": { "Facility": "BL", "SegmentNam": "SE ELLIS ST", "Status": "PLANNED", "LengthMile": 0.024 }, "geometry": { "type": "LineString", "coordinates": [ [ -122.576397458013702, 45.482241843385133 ], [ -122.57590483808157, 45.482242919145122 ] ] } },
{ "type": "Feature", "properties": { "Facility": "BL", "SegmentNam": "SE ELLIS ST", "Status": "PLANNED", "LengthMile": 0.025 }, "geometry": { "type": "LineString", "coordinates": [ [ -122.576906908781027, 45.48224437784539 ], [ -122.576397458013702, 45.482241843385133 ] ] } },
{ "type": "Feature", "properties": { "Facility": "NG", "SegmentNam": "SE TOLMAN ST", "Status": "PLANNED", "LengthMile": 0.125 }, "geometry": { "type": "LineString", "coordinates": [ [ -122.584198918421166, 45.477564824913458 ], [ -122.581741441315828, 45.477566332236286 ], [ -122.581643070402336, 45.477616087093203 ] ] } },
{ "type": "Feature", "properties": { "Facility": "NG", "SegmentNam": "SE TOLMAN ST", "Status": "PLANNED", "LengthMile": 0.127 }, "geometry": { "type": "LineString", "coordinates": [ [ -122.581643070402336, 45.477616087093203 ], [ -122.58154466355623, 45.477664863061499 ], [ -122.579057512402116, 45.477654124743047 ] ] } },
{ "type": "Feature", "properties": { "Facility": "NG", "SegmentNam": "SE STEELE ST", "Status": "PLANNED", "LengthMile": 0.125 }, "geometry": { "type": "LineString", "coordinates": [ [ -122.589232301128959, 45.484416375916638 ], [ -122.586657628015018, 45.484418158283859 ] ] } },
{ "type": "Feature", "properties": { "Facility": "NG", "SegmentNam": "SE STEELE ST", "Status": "PLANNED", "LengthMile": 0.125 }, "geometry": { "type": "LineString", "coordinates": [ [ -122.586657628015018, 45.484418158283859 ], [ -122.584084308662241, 45.484418879418236 ] ] } },
{ "type": "Feature", "properties": { "Facility": "PBL", "SegmentNam": "SE 72ND AVE", "Status": "PLANNED", "LengthMile": 0.032 }, "geometry": { "type": "LineString", "coordinates": [ [ -122.589224353733627, 45.484881542877091 ], [ -122.589232301128959, 45.484416375916638 ] ] } },
{ "type": "Feature", "properties": { "Facility": "NG", "SegmentNam": "SE MITCHELL CT", "Status": "PLANNED", "LengthMile": 0.062 }, "geometry": { "type": "LineString", "coordinates": [ [ -122.595677167116818, 45.484859898941082 ], [ -122.594402229556565, 45.484857706583611 ] ] } },
{ "type": "Feature", "properties": { "Facility": "NG", "SegmentNam": "SE MITCHELL CT", "Status": "PLANNED", "LengthMile": 0.063 }, "geometry": { "type": "LineString", "coordinates": [ [ -122.594402229556565, 45.484857706583611 ], [ -122.593202504341804, 45.484857064810484 ], [ -122.593101298345246, 45.484867721140873 ] ] } },
{ "type": "Feature", "properties": { "Facility": "NG", "SegmentNam": "SE MITCHELL CT", "Status": "PLANNED", "LengthMile": 0.042 }, "geometry": { "type": "LineString", "coordinates": [ [ -122.593101298345246, 45.484867721140873 ], [ -122.593013223023235, 45.484894780779413 ], [ -122.592244943368044, 45.484894095550032 ] ] } },
{ "type": "Feature", "properties": { "Facility": "NG", "SegmentNam": "SE MITCHELL CT", "Status": "PLANNED", "LengthMile": 0.098 }, "geometry": { "type": "LineString", "coordinates": [ [ -122.591237259994742, 45.484892871836152 ], [ -122.589224353733627, 45.484881542877091 ] ] } },
{ "type": "Feature", "properties": { "Facility": "NG", "SegmentNam": "SE MITCHELL CT", "Status": "PLANNED", "LengthMile": 0.049 }, "geometry": { "type": "LineString", "coordinates": [ [ -122.592244943368044, 45.484894095550032 ], [ -122.591237259994742, 45.484892871836152 ] ] } },
{ "type": "Feature", "properties": { "Facility": "NG", "SegmentNam": "SE TOLMAN ST", "Status": "PLANNED", "LengthMile": 0.031 }, "geometry": { "type": "LineString", "coordinates": [ [ -122.602225785825041, 45.477383998167383 ], [ -122.601584227913747, 45.477383017428089 ] ] } },
{ "type": "Feature", "properties": { "Facility": "NG", "SegmentNam": "SE TOLMAN ST", "Status": "PLANNED", "LengthMile": 0.031 }, "geometry": { "type": "LineString", "coordinates": [ [ -122.602870123123836, 45.477384925995906 ], [ -122.602225785825041, 45.477383998167383 ] ] } },
{ "type": "Feature", "properties": { "Facility": "NG", "SegmentNam": "SE TOLMAN ST", "Status": "PLANNED", "LengthMile": 0.031 }, "geometry": { "type": "LineString", "coordinates": [ [ -122.60351307072888, 45.477385875240643 ], [ -122.602870123123836, 45.477384925995906 ] ] } },
{ "type": "Feature", "properties": { "Facility": "NG", "SegmentNam": "SE TOLMAN ST", "Status": "PLANNED", "LengthMile": 0.061 }, "geometry": { "type": "LineString", "coordinates": [ [ -122.604746434257763, 45.47743473896287 ], [ -122.604688995978506, 45.477386842752203 ], [ -122.60351307072888, 45.477385875240643 ] ] } },
{ "type": "Feature", "properties": { "Facility": "NG", "SegmentNam": "SE TOLMAN ST", "Status": "PLANNED", "LengthMile": 0.196 }, "geometry": { "type": "LineString", "coordinates": [ [ -122.608735487718533, 45.477492729107347 ], [ -122.604804416017799, 45.47749731092086 ], [ -122.604746434257763, 45.47743473896287 ] ] } },
{ "type": "Feature", "properties": { "Facility": "NG", "SegmentNam": "SE STEELE ST", "Status": "PLANNED", "LengthMile": 0.125 }, "geometry": { "type": "LineString", "coordinates": [ [ -122.604706127749282, 45.484649726984543 ], [ -122.604070340615365, 45.484656483576565 ], [ -122.602134007647422, 45.484645934903575 ] ] } },
{ "type": "Feature", "properties": { "Facility": "NG", "SegmentNam": "SE STEELE ST", "Status": "PLANNED", "LengthMile": 0.125 }, "geometry": { "type": "LineString", "coordinates": [ [ -122.607278246952859, 45.484653461752579 ], [ -122.604706127749282, 45.484649726984543 ] ] } },
{ "type": "Feature", "properties": { "Facility": "NG", "SegmentNam": "SE STEELE ST", "Status": "PLANNED", "LengthMile": 0.072 }, "geometry": { "type": "LineString", "coordinates": [ [ -122.608754220287167, 45.484672378065689 ], [ -122.60862411189467, 45.484654208076371 ], [ -122.607278246952859, 45.484653461752579 ] ] } },
{ "type": "Feature", "properties": { "Facility": "NG", "SegmentNam": "SE 60TH AVE", "Status": "PLANNED", "LengthMile": 0.027 }, "geometry": { "type": "LineString", "coordinates": [ [ -122.602127587388097, 45.485036672833779 ], [ -122.602134007647422, 45.484645934903575 ] ] } },
{ "type": "Feature", "properties": { "Facility": "NG", "SegmentNam": "SE 66TH AVE", "Status": "PLANNED", "LengthMile": 0.041 }, "geometry": { "type": "LineString", "coordinates": [ [ -122.59566576210598, 45.485456315257061 ], [ -122.595677167116818, 45.484859898941082 ] ] } },
{ "type": "Feature", "properties": { "Facility": "NG", "SegmentNam": "SE 47TH AVE", "Status": "PLANNED", "LengthMile": 0.069 }, "geometry": { "type": "LineString", "coordinates": [ [ -122.61443555691109, 45.485685922909312 ], [ -122.614436651059094, 45.484780325945934 ], [ -122.614466644009809, 45.484688726642439 ] ] } },
{ "type": "Feature", "properties": { "Facility": "NG", "SegmentNam": "SE 47TH AVE", "Status": "PLANNED", "LengthMile": 0.069 }, "geometry": { "type": "LineString", "coordinates": [ [ -122.614429468130083, 45.486681679466408 ], [ -122.614434427728781, 45.486590541110033 ], [ -122.61443555691109, 45.485685922909312 ] ] } },
{ "type": "Feature", "properties": { "Facility": "NG", "SegmentNam": "SE RAYMOND ST", "Status": "PLANNED", "LengthMile": 0.022 }, "geometry": { "type": "LineString", "coordinates": [ [ -122.614877618760715, 45.486681258769082 ], [ -122.614429468130083, 45.486681679466408 ] ] } },
{ "type": "Feature", "properties": { "Facility": "NG", "SegmentNam": "SE 46TH AVE", "Status": "PLANNED", "LengthMile": 0.125 }, "geometry": { "type": "LineString", "coordinates": [ [ -122.61488082844123, 45.488487456656443 ], [ -122.614877618760715, 45.486681258769082 ] ] } },
{ "type": "Feature", "properties": { "Facility": "NG", "SegmentNam": "SE 46TH AVE", "Status": "PLANNED", "LengthMile": 0.125 }, "geometry": { "type": "LineString", "coordinates": [ [ -122.614880010974332, 45.490297644635 ], [ -122.61488082844123, 45.488487456656443 ] ] } },
{ "type": "Feature", "properties": { "Facility": "NG", "SegmentNam": "SE 46TH AVE", "Status": "PLANNED", "LengthMile": 0.116 }, "geometry": { "type": "LineString", "coordinates": [ [ -122.614889360639793, 45.491969604250862 ], [ -122.614859272467669, 45.490413547376868 ], [ -122.614880010974332, 45.490297644635 ] ] } },
{ "type": "Feature", "properties": { "Facility": "NG", "SegmentNam": "SE 46TH AVE", "Status": "PLANNED", "LengthMile": 0.026 }, "geometry": { "type": "LineString", "coordinates": [ [ -122.614892327775181, 45.492348422991221 ], [ -122.614889360639793, 45.491969604250862 ] ] } },
{ "type": "Feature", "properties": { "Facility": "NG", "SegmentNam": "SE 46TH AVE", "Status": "PLANNED", "LengthMile": 0.027 }, "geometry": { "type": "LineString", "coordinates": [ [ -122.614894303170487, 45.492738029414674 ], [ -122.614892327775181, 45.492348422991221 ] ] } },
{ "type": "Feature", "properties": { "Facility": "NG", "SegmentNam": "SE 46TH AVE", "Status": "PLANNED", "LengthMile": 0.027 }, "geometry": { "type": "LineString", "coordinates": [ [ -122.614897670954505, 45.493127608584039 ], [ -122.614894303170487, 45.492738029414674 ] ] } },
{ "type": "Feature", "properties": { "Facility": "NG", "SegmentNam": "SE 46TH AVE", "Status": "PLANNED", "LengthMile": 0.026 }, "geometry": { "type": "LineString", "coordinates": [ [ -122.614899210666877, 45.493505474340466 ], [ -122.614897670954505, 45.493127608584039 ] ] } },
{ "type": "Feature", "properties": { "Facility": "NG", "SegmentNam": "SE 60TH AVE", "Status": "PLANNED", "LengthMile": 0.026 }, "geometry": { "type": "LineString", "coordinates": [ [ -122.602123478493979, 45.485414641997288 ], [ -122.602127587388097, 45.485036672833779 ] ] } },
{ "type": "Feature", "properties": { "Facility": "NG", "SegmentNam": "SE MITCHELL ST", "Status": "PLANNED", "LengthMile": 0.089 }, "geometry": { "type": "LineString", "coordinates": [ [ -122.601367132059039, 45.48539813555125 ], [ -122.601296829006614, 45.485378863014461 ], [ -122.599666924856763, 45.485375391551337 ], [ -122.599568412009461, 45.485421247975282 ] ] } },
{ "type": "Feature", "properties": { "Facility": "NG", "SegmentNam": "SE MITCHELL ST", "Status": "PLANNED", "LengthMile": 0.037 }, "geometry": { "type": "LineString", "coordinates": [ [ -122.602123478493979, 45.485414641997288 ], [ -122.601444277579006, 45.485414346620828 ], [ -122.601367132059039, 45.48539813555125 ] ] } },
{ "type": "Feature", "properties": { "Facility": "NG", "SegmentNam": "SE MITCHELL ST", "Status": "PLANNED", "LengthMile": 0.049 }, "geometry": { "type": "LineString", "coordinates": [ [ -122.599568412009461, 45.485421247975282 ], [ -122.599469899162116, 45.485467104361888 ], [ -122.598577718473081, 45.485465791228883 ] ] } },
{ "type": "Feature", "properties": { "Facility": "NG", "SegmentNam": "SE MITCHELL ST", "Status": "PLANNED", "LengthMile": 0.045 }, "geometry": { "type": "LineString", "coordinates": [ [ -122.596584585928028, 45.485463038372934 ], [ -122.59566576210598, 45.485456315257061 ] ] } },
{ "type": "Feature", "properties": { "Facility": "NG", "SegmentNam": "SE MITCHELL ST", "Status": "PLANNED", "LengthMile": 0.05 }, "geometry": { "type": "LineString", "coordinates": [ [ -122.597607577492099, 45.485463937097599 ], [ -122.596584585928028, 45.485463038372934 ] ] } },
{ "type": "Feature", "properties": { "Facility": "NG", "SegmentNam": "SE MITCHELL ST", "Status": "PLANNED", "LengthMile": 0.047 }, "geometry": { "type": "LineString", "coordinates": [ [ -122.598577718473081, 45.485465791228883 ], [ -122.597607577492099, 45.485463937097599 ] ] } },
{ "type": "Feature", "properties": { "Facility": "NG", "SegmentNam": "SE 56TH AVE", "Status": "PLANNED", "LengthMile": 0.006 }, "geometry": { "type": "LineString", "coordinates": [ [ -122.60539796526534, 45.4939678711076 ], [ -122.605421276546977, 45.493883250032489 ] ] } },
{ "type": "Feature", "properties": { "Facility": "NG", "SegmentNam": "SE 56TH AVE", "Status": "PLANNED", "LengthMile": 0.01 }, "geometry": { "type": "LineString", "coordinates": [ [ -122.605380819121535, 45.494106224043513 ], [ -122.60539796526534, 45.4939678711076 ] ] } },
{ "type": "Feature", "properties": { "Facility": "BL", "SegmentNam": "NE 60TH AVE", "Status": "PLANNED", "LengthMile": 0.018 }, "geometry": { "type": "LineString", "coordinates": [ [ -122.602255192175875, 45.52831948949116 ], [ -122.602243951556716, 45.528580105708926 ] ] } },
{ "type": "Feature", "properties": { "Facility": "NG", "SegmentNam": "SE TIBBETTS ST", "Status": "PLANNED", "LengthMile": 0.051 }, "geometry": { "type": "LineString", "coordinates": [ [ -122.58087970902335, 45.500053693545937 ], [ -122.57982705958014, 45.500048284964684 ] ] } },
{ "type": "Feature", "properties": { "Facility": "BBL", "SegmentNam": "NE GLISAN ST", "Status": "PLANNED", "LengthMile": 0.053 }, "geometry": { "type": "LineString", "coordinates": [ [ -122.580152842601066, 45.526430880724305 ], [ -122.579052489023056, 45.526429255763588 ] ] } },
{ "type": "Feature", "properties": { "Facility": "BBL", "SegmentNam": "NE GLISAN ST", "Status": "PLANNED", "LengthMile": 0.064 }, "geometry": { "type": "LineString", "coordinates": [ [ -122.581470612732403, 45.526436388724079 ], [ -122.580152842601066, 45.526430880724305 ] ] } },
{ "type": "Feature", "properties": { "Facility": "PBL", "SegmentNam": "NE HALSEY ST-HALSEY ST RAMP", "Status": "PLANNED", "LengthMile": 0.031 }, "geometry": { "type": "LineString", "coordinates": [ [ -122.580994204696196, 45.533616037665496 ], [ -122.580747864187401, 45.53369783656396 ], [ -122.580453919256783, 45.533849025649644 ] ] } },
{ "type": "Feature", "properties": { "Facility": "PBL", "SegmentNam": "NE HALSEY ST-HALSEY ST RAMP", "Status": "PLANNED", "LengthMile": 0.01 }, "geometry": { "type": "LineString", "coordinates": [ [ -122.580453919256783, 45.533849025649644 ], [ -122.580278533977335, 45.533928560768302 ] ] } },
{ "type": "Feature", "properties": { "Facility": "PBL", "SegmentNam": "NE HALSEY ST-HALSEY ST RAMP", "Status": "PLANNED", "LengthMile": 0.018 }, "geometry": { "type": "LineString", "coordinates": [ [ -122.580278533977335, 45.533928560768302 ], [ -122.579977520203713, 45.534076938975026 ] ] } },
{ "type": "Feature", "properties": { "Facility": "PBL", "SegmentNam": "NE HALSEY ST-HALSEY ST RAMP", "Status": "PLANNED", "LengthMile": 0.017 }, "geometry": { "type": "LineString", "coordinates": [ [ -122.579977520203713, 45.534076938975026 ], [ -122.579698739733388, 45.534223936205549 ] ] } },
{ "type": "Feature", "properties": { "Facility": "TRL", "SegmentNam": "NE HALSEY ST", "Status": "PLANNED", "LengthMile": 0.031 }, "geometry": { "type": "LineString", "coordinates": [ [ -122.579602874221209, 45.534268745413122 ], [ -122.579032282319062, 45.53405488416594 ] ] } },
{ "type": "Feature", "properties": { "Facility": "PBL", "SegmentNam": "NE HALSEY ST-HALSEY ST RAMP", "Status": "PLANNED", "LengthMile": 0.006 }, "geometry": { "type": "LineString", "coordinates": [ [ -122.579698739733388, 45.534223936205549 ], [ -122.579602874221209, 45.534268745413122 ] ] } },
{ "type": "Feature", "properties": { "Facility": "TRL", "SegmentNam": "NE HALSEY ST", "Status": "PLANNED", "LengthMile": 0.024 }, "geometry": { "type": "LineString", "coordinates": [ [ -122.580033650535938, 45.534430313741225 ], [ -122.579602874221209, 45.534268745413122 ] ] } },
{ "type": "Feature", "properties": { "Facility": "BBL", "SegmentNam": "NE GLISAN ST", "Status": "PLANNED", "LengthMile": 0.014 }, "geometry": { "type": "LineString", "coordinates": [ [ -122.575267418708805, 45.526404671776099 ], [ -122.574971952032072, 45.526399238035587 ] ] } },
{ "type": "Feature", "properties": { "Facility": "BBL", "SegmentNam": "NE GLISAN ST", "Status": "PLANNED", "LengthMile": 0.035 }, "geometry": { "type": "LineString", "coordinates": [ [ -122.575993147863898, 45.526407226275893 ], [ -122.575267418708805, 45.526404671776099 ] ] } },
{ "type": "Feature", "properties": { "Facility": "BBL", "SegmentNam": "NE GLISAN ST", "Status": "PLANNED", "LengthMile": 0.03 }, "geometry": { "type": "LineString", "coordinates": [ [ -122.576603210841327, 45.52640795127801 ], [ -122.575993147863898, 45.526407226275893 ] ] } },
{ "type": "Feature", "properties": { "Facility": "BBL", "SegmentNam": "NE GLISAN ST", "Status": "PLANNED", "LengthMile": 0.02 }, "geometry": { "type": "LineString", "coordinates": [ [ -122.57700592109164, 45.526413400121868 ], [ -122.576603210841327, 45.52640795127801 ] ] } },
{ "type": "Feature", "properties": { "Facility": "BBL", "SegmentNam": "NE GLISAN ST", "Status": "PLANNED", "LengthMile": 0.05 }, "geometry": { "type": "LineString", "coordinates": [ [ -122.578027045058249, 45.526419414743614 ], [ -122.57700592109164, 45.526413400121868 ] ] } },
{ "type": "Feature", "properties": { "Facility": "BBL", "SegmentNam": "NE GLISAN ST", "Status": "PLANNED", "LengthMile": 0.05 }, "geometry": { "type": "LineString", "coordinates": [ [ -122.579052489023056, 45.526429255763588 ], [ -122.578027045058249, 45.526419414743614 ] ] } },
{ "type": "Feature", "properties": { "Facility": "PBL", "SegmentNam": "NE HALSEY ST", "Status": "PLANNED", "LengthMile": 0.06 }, "geometry": { "type": "LineString", "coordinates": [ [ -122.569795041898047, 45.533467798568388 ], [ -122.568566308286137, 45.533463488115729 ] ] } },
{ "type": "Feature", "properties": { "Facility": "PBL", "SegmentNam": "NE HALSEY ST", "Status": "PLANNED", "LengthMile": 0.097 }, "geometry": { "type": "LineString", "coordinates": [ [ -122.57179949680895, 45.533506084183081 ], [ -122.569795041898047, 45.533467798568388 ] ] } },
{ "type": "Feature", "properties": { "Facility": "PBL", "SegmentNam": "NE HALSEY ST", "Status": "PLANNED", "LengthMile": 0.038 }, "geometry": { "type": "LineString", "coordinates": [ [ -122.572578926353444, 45.533527274600765 ], [ -122.57179949680895, 45.533506084183081 ] ] } },
{ "type": "Feature", "properties": { "Facility": "PBL", "SegmentNam": "NE HALSEY ST", "Status": "PLANNED", "LengthMile": 0.095 }, "geometry": { "type": "LineString", "coordinates": [ [ -122.574533020811202, 45.53355956834146 ], [ -122.572578926353444, 45.533527274600765 ] ] } },
{ "type": "Feature", "properties": { "Facility": "PBL", "SegmentNam": "NE HALSEY ST", "Status": "PLANNED", "LengthMile": 0.039 }, "geometry": { "type": "LineString", "coordinates": [ [ -122.575333222998282, 45.533539246947235 ], [ -122.574533020811202, 45.53355956834146 ] ] } },
{ "type": "Feature", "properties": { "Facility": "PBL", "SegmentNam": "NE HALSEY ST", "Status": "PLANNED", "LengthMile": 0.029 }, "geometry": { "type": "LineString", "coordinates": [ [ -122.575919521943206, 45.533573691498475 ], [ -122.575333222998282, 45.533539246947235 ] ] } },
{ "type": "Feature", "properties": { "Facility": "PBL", "SegmentNam": "NE HALSEY ST", "Status": "PLANNED", "LengthMile": 0.081 }, "geometry": { "type": "LineString", "coordinates": [ [ -122.577589892501621, 45.533579729895798 ], [ -122.575919521943206, 45.533573691498475 ] ] } },
{ "type": "Feature", "properties": { "Facility": "PBL", "SegmentNam": "NE 92ND AVE", "Status": "PLANNED", "LengthMile": 0.021 }, "geometry": { "type": "LineString", "coordinates": [ [ -122.568566308286137, 45.533463488115729 ], [ -122.5685745045148, 45.533764864729811 ] ] } },
{ "type": "Feature", "properties": { "Facility": "PBL", "SegmentNam": "NE HALSEY ST-HALSEY ST RAMP", "Status": "PLANNED", "LengthMile": 0.031 }, "geometry": { "type": "LineString", "coordinates": [ [ -122.576435135153375, 45.533846321724205 ], [ -122.576329942433588, 45.533788504128211 ], [ -122.575919521943206, 45.533573691498475 ] ] } },
{ "type": "Feature", "properties": { "Facility": "PBL", "SegmentNam": "NE HALSEY ST", "Status": "PLANNED", "LengthMile": 0.078 }, "geometry": { "type": "LineString", "coordinates": [ [ -122.579032282319062, 45.53405488416594 ], [ -122.578853946972217, 45.533977832905094 ], [ -122.578656487391285, 45.533949098486481 ], [ -122.578125028797857, 45.533776619931139 ], [ -122.577781963987491, 45.533651638751564 ], [ -122.577589892501621, 45.533579729895798 ] ] } },
{ "type": "Feature", "properties": { "Facility": "PBL", "SegmentNam": "NE 92ND AVE", "Status": "PLANNED", "LengthMile": 0.019 }, "geometry": { "type": "LineString", "coordinates": [ [ -122.5685745045148, 45.533764864729811 ], [ -122.56857053036795, 45.534038070427961 ] ] } },
{ "type": "Feature", "properties": { "Facility": "PBL", "SegmentNam": "NE HALSEY ST-HALSEY ST RAMP", "Status": "PLANNED", "LengthMile": 0.056 }, "geometry": { "type": "LineString", "coordinates": [ [ -122.577354650678188, 45.534345626377011 ], [ -122.576435135153375, 45.533846321724205 ] ] } },
{ "type": "Feature", "properties": { "Facility": "PBL", "SegmentNam": "NE 92ND AVE", "Status": "PLANNED", "LengthMile": 0.036 }, "geometry": { "type": "LineString", "coordinates": [ [ -122.56857053036795, 45.534038070427961 ], [ -122.568557513779481, 45.534560096891958 ] ] } },
{ "type": "Feature", "properties": { "Facility": "PBL", "SegmentNam": "NE HALSEY ST-HALSEY ST RAMP", "Status": "PLANNED", "LengthMile": 0.033 }, "geometry": { "type": "LineString", "coordinates": [ [ -122.579602874221209, 45.534268745413122 ], [ -122.579401934566889, 45.534373216611073 ], [ -122.579303284277316, 45.534418075410642 ], [ -122.579167047577997, 45.534463615654346 ], [ -122.579018211108448, 45.534507424790299 ] ] } },
{ "type": "Feature", "properties": { "Facility": "NG", "SegmentNam": "SE LINN ST", "Status": "PLANNED", "LengthMile": 0.048 }, "geometry": { "type": "LineString", "coordinates": [ [ -122.648043732562456, 45.45933655149787 ], [ -122.647060061156651, 45.459333418679954 ] ] } },
{ "type": "Feature", "properties": { "Facility": "NG", "SegmentNam": "SE LINN ST", "Status": "PLANNED", "LengthMile": 0.049 }, "geometry": { "type": "LineString", "coordinates": [ [ -122.650041436633984, 45.459336347978109 ], [ -122.649042511834693, 45.459334498657839 ] ] } },
{ "type": "Feature", "properties": { "Facility": "NG", "SegmentNam": "SE LINN ST", "Status": "PLANNED", "LengthMile": 0.105 }, "geometry": { "type": "LineString", "coordinates": [ [ -122.647060061156651, 45.459333418679954 ], [ -122.644906292770784, 45.459337542002565 ] ] } },
{ "type": "Feature", "properties": { "Facility": "NG", "SegmentNam": "SE LINN ST", "Status": "PLANNED", "LengthMile": 0.049 }, "geometry": { "type": "LineString", "coordinates": [ [ -122.649042511834693, 45.459334498657839 ], [ -122.648043732562456, 45.45933655149787 ] ] } },
{ "type": "Feature", "properties": { "Facility": "NG", "SegmentNam": "SE LINN ST", "Status": "PLANNED", "LengthMile": 0.097 }, "geometry": { "type": "LineString", "coordinates": [ [ -122.655006580617837, 45.459338196038154 ], [ -122.653018531639006, 45.459336346087845 ] ] } },
{ "type": "Feature", "properties": { "Facility": "NG", "SegmentNam": "SE LINN ST", "Status": "PLANNED", "LengthMile": 0.049 }, "geometry": { "type": "LineString", "coordinates": [ [ -122.653018531639006, 45.459336346087845 ], [ -122.65200171868743, 45.459339750475223 ] ] } },
{ "type": "Feature", "properties": { "Facility": "NG", "SegmentNam": "SE LINN ST", "Status": "PLANNED", "LengthMile": 0.048 }, "geometry": { "type": "LineString", "coordinates": [ [ -122.656993200377102, 45.459339060524442 ], [ -122.655999870285385, 45.459338143740482 ] ] } },
{ "type": "Feature", "properties": { "Facility": "NG", "SegmentNam": "SE LINN ST", "Status": "PLANNED", "LengthMile": 0.046 }, "geometry": { "type": "LineString", "coordinates": [ [ -122.65099178144105, 45.459341060436572 ], [ -122.650041436633984, 45.459336347978109 ] ] } },
{ "type": "Feature", "properties": { "Facility": "NG", "SegmentNam": "SE LINN ST", "Status": "PLANNED", "LengthMile": 0.049 }, "geometry": { "type": "LineString", "coordinates": [ [ -122.65200171868743, 45.459339750475223 ], [ -122.65099178144105, 45.459341060436572 ] ] } },
{ "type": "Feature", "properties": { "Facility": "NG", "SegmentNam": "SE LINN ST", "Status": "PLANNED", "LengthMile": 0.048 }, "geometry": { "type": "LineString", "coordinates": [ [ -122.655999870285385, 45.459338143740482 ], [ -122.655062409116113, 45.459343021912971 ], [ -122.655006580617837, 45.459338196038154 ] ] } },
{ "type": "Feature", "properties": { "Facility": "BBL", "SegmentNam": "SW BARBUR CT", "Status": "PLANNED", "LengthMile": 0.103 }, "geometry": { "type": "LineString", "coordinates": [ [ -122.70445503533837, 45.46110612976026 ], [ -122.704927329090566, 45.460908103359316 ], [ -122.705297533802295, 45.460804065989848 ], [ -122.706440612153571, 45.460611745143105 ] ] } },
{ "type": "Feature", "properties": { "Facility": "BBL", "SegmentNam": "SW BARBUR CT", "Status": "PLANNED", "LengthMile": 0.097 }, "geometry": { "type": "LineString", "coordinates": [ [ -122.703606234294369, 45.462286503671507 ], [ -122.703645360416573, 45.462111483690485 ], [ -122.703676171732511, 45.462009072211885 ], [ -122.703668889090494, 45.461821237123132 ], [ -122.703718718639323, 45.461635243092672 ], [ -122.703837705888603, 45.461510578019571 ], [ -122.703982197207111, 45.461361927822495 ], [ -122.704226756356661, 45.461246599793988 ], [ -122.70445503533837, 45.46110612976026 ] ] } },
{ "type": "Feature", "properties": { "Facility": "BL", "SegmentNam": "SW 19TH AVE", "Status": "PLANNED", "LengthMile": 0.012 }, "geometry": { "type": "LineString", "coordinates": [ [ -122.697364186338106, 45.464531655067617 ], [ -122.697360499652177, 45.464364311483884 ] ] } },
{ "type": "Feature", "properties": { "Facility": "BL", "SegmentNam": "SW 19TH AVE", "Status": "PLANNED", "LengthMile": 0.035 }, "geometry": { "type": "LineString", "coordinates": [ [ -122.697351838994535, 45.465040010843374 ], [ -122.69735410095241, 45.464774648583955 ], [ -122.697364186338106, 45.464531655067617 ] ] } },
{ "type": "Feature", "properties": { "Facility": "BL", "SegmentNam": "SW 19TH AVE", "Status": "PLANNED", "LengthMile": 0.005 }, "geometry": { "type": "LineString", "coordinates": [ [ -122.697347572895239, 45.465109603730447 ], [ -122.697351838994535, 45.465040010843374 ] ] } },
{ "type": "Feature", "properties": { "Facility": "BL", "SegmentNam": "SW 19TH AVE", "Status": "PLANNED", "LengthMile": 0.029 }, "geometry": { "type": "LineString", "coordinates": [ [ -122.697356961188262, 45.465532365757504 ], [ -122.697347572895239, 45.465109603730447 ] ] } },
{ "type": "Feature", "properties": { "Facility": "BL", "SegmentNam": "SW 19TH AVE", "Status": "PLANNED", "LengthMile": 0.023 }, "geometry": { "type": "LineString", "coordinates": [ [ -122.6974070198075, 45.46585546763157 ], [ -122.697367391527038, 45.465766154775835 ], [ -122.697352192930751, 45.465696935041699 ], [ -122.697349280592576, 45.465621604641129 ], [ -122.697356961188262, 45.465532365757504 ] ] } },
{ "type": "Feature", "properties": { "Facility": "BL", "SegmentNam": "SW BERTHA BLVD", "Status": "PLANNED", "LengthMile": 0.03 }, "geometry": { "type": "LineString", "coordinates": [ [ -122.696576686329124, 45.476051335332201 ], [ -122.69658368600183, 45.476088405244639 ], [ -122.696596208516866, 45.476124388547589 ], [ -122.69661147718179, 45.476159341934363 ], [ -122.696628133743744, 45.476194268843528 ], [ -122.696646181796154, 45.476229168645219 ], [ -122.696666973303394, 45.476263036014494 ], [ -122.696691975214364, 45.47629780286416 ], [ -122.696715547007429, 45.476331618540179 ], [ -122.696744682067049, 45.476365327112575 ], [ -122.69677517088779, 45.47639803034226 ], [ -122.696823102296392, 45.476449980175325 ] ] } },
{ "type": "Feature", "properties": { "Facility": "BL", "SegmentNam": "SW BERTHA BLVD", "Status": "PLANNED", "LengthMile": 0.086 }, "geometry": { "type": "LineString", "coordinates": [ [ -122.696823102296392, 45.476449980175325 ], [ -122.696999901524094, 45.476631634456176 ], [ -122.697117153228234, 45.476748832670488 ], [ -122.697234367203137, 45.476865051782354 ], [ -122.6978365384808, 45.477466399734759 ] ] } },
{ "type": "Feature", "properties": { "Facility": "TRL", "SegmentNam": "WILSON HS PATH", "Status": "PLANNED", "LengthMile": 0.221 }, "geometry": { "type": "LineString", "coordinates": [ [ -122.693501400971996, 45.478733278351477 ], [ -122.693011362797961, 45.47842631913457 ], [ -122.692845797901228, 45.478270999648139 ], [ -122.693486110747543, 45.478080476237139 ], [ -122.693746305972951, 45.477283095309659 ], [ -122.693801840722116, 45.476047194964742 ], [ -122.693801514633691, 45.476044147482824 ] ] } },
{ "type": "Feature", "properties": { "Facility": "NG", "SegmentNam": "SE 23RD AVE", "Status": "PLANNED", "LengthMile": 0.05 }, "geometry": { "type": "LineString", "coordinates": [ [ -122.641490217137601, 45.463626687732486 ], [ -122.641490857636384, 45.462905140194756 ] ] } },
{ "type": "Feature", "properties": { "Facility": "NG", "SegmentNam": "SE 23RD AVE", "Status": "PLANNED", "LengthMile": 0.018 }, "geometry": { "type": "LineString", "coordinates": [ [ -122.641497169199582, 45.463885018465355 ], [ -122.641490217137601, 45.463626687732486 ] ] } },
{ "type": "Feature", "properties": { "Facility": "NG", "SegmentNam": "SE 23RD AVE", "Status": "PLANNED", "LengthMile": 0.03 }, "geometry": { "type": "LineString", "coordinates": [ [ -122.641571207447001, 45.464317295666163 ], [ -122.641558809797758, 45.464053530304774 ], [ -122.641497169199582, 45.463885018465355 ] ] } },
{ "type": "Feature", "properties": { "Facility": "NG", "SegmentNam": "SE 46TH AVE", "Status": "PLANNED", "LengthMile": 0.051 }, "geometry": { "type": "LineString", "coordinates": [ [ -122.615455263336159, 45.47991648034629 ], [ -122.615458541288632, 45.479182167260959 ] ] } },
{ "type": "Feature", "properties": { "Facility": "NG", "SegmentNam": "SE 46TH AVE", "Status": "PLANNED", "LengthMile": 0.049 }, "geometry": { "type": "LineString", "coordinates": [ [ -122.615452392320549, 45.480624352038888 ], [ -122.615455263336159, 45.47991648034629 ] ] } },
{ "type": "Feature", "properties": { "Facility": "NG", "SegmentNam": "SE 46TH AVE", "Status": "PLANNED", "LengthMile": 0.049 }, "geometry": { "type": "LineString", "coordinates": [ [ -122.615449593170112, 45.481334181217903 ], [ -122.615452392320549, 45.480624352038888 ] ] } },
{ "type": "Feature", "properties": { "Facility": "NG", "SegmentNam": "SE 46TH AVE", "Status": "PLANNED", "LengthMile": 0.049 }, "geometry": { "type": "LineString", "coordinates": [ [ -122.615446686221858, 45.482041075855271 ], [ -122.615449593170112, 45.481334181217903 ] ] } },
{ "type": "Feature", "properties": { "Facility": "NG", "SegmentNam": "SE ELLIS ST", "Status": "PLANNED", "LengthMile": 0.049 }, "geometry": { "type": "LineString", "coordinates": [ [ -122.615446686221858, 45.482041075855271 ], [ -122.614431955565109, 45.482036269558932 ] ] } },
{ "type": "Feature", "properties": { "Facility": "NG", "SegmentNam": "SE 47TH AVE", "Status": "PLANNED", "LengthMile": 0.05 }, "geometry": { "type": "LineString", "coordinates": [ [ -122.614495754814911, 45.482740956019306 ], [ -122.614430185884004, 45.482661884526095 ], [ -122.614431955565109, 45.482036269558932 ] ] } },
{ "type": "Feature", "properties": { "Facility": "NG", "SegmentNam": "SE 47TH AVE", "Status": "PLANNED", "LengthMile": 0.135 }, "geometry": { "type": "LineString", "coordinates": [ [ -122.614466644009809, 45.484688726642439 ], [ -122.614496637858821, 45.48459712719 ], [ -122.614495754814911, 45.482740956019306 ] ] } },
{ "type": "Feature", "properties": { "Facility": "NG", "SegmentNam": "SW NEBRASKA ST", "Status": "PLANNED", "LengthMile": 0.077 }, "geometry": { "type": "LineString", "coordinates": [ [ -122.698003828142916, 45.477473965966254 ], [ -122.699580854760143, 45.47748194603399 ] ] } },
{ "type": "Feature", "properties": { "Facility": "NG", "SegmentNam": "SW 21ST AVE", "Status": "PLANNED", "LengthMile": 0.012 }, "geometry": { "type": "LineString", "coordinates": [ [ -122.69958782299183, 45.477661954872104 ], [ -122.699580854760143, 45.47748194603399 ] ] } },
{ "type": "Feature", "properties": { "Facility": "BL", "SegmentNam": "SW BERTHA BLVD", "Status": "PLANNED", "LengthMile": 0.034 }, "geometry": { "type": "LineString", "coordinates": [ [ -122.6978365384808, 45.477466399734759 ], [ -122.698240412947712, 45.477869860745763 ] ] } },
{ "type": "Feature", "properties": { "Facility": "BL", "SegmentNam": "SW BERTHA BLVD", "Status": "PLANNED", "LengthMile": 0.073 }, "geometry": { "type": "LineString", "coordinates": [ [ -122.698240412947712, 45.477869860745763 ], [ -122.699430329457869, 45.478518686992892 ] ] } },
{ "type": "Feature", "properties": { "Facility": "NG", "SegmentNam": "SW BERTHA BLVD", "Status": "PLANNED", "LengthMile": 0.006 }, "geometry": { "type": "LineString", "coordinates": [ [ -122.700966321032951, 45.478928911605493 ], [ -122.700970041854873, 45.478927787282032 ], [ -122.701091773457321, 45.478908810461853 ] ] } },
{ "type": "Feature", "properties": { "Facility": "NG", "SegmentNam": "SW BERTHA BLVD", "Status": "PLANNED", "LengthMile": 0.02 }, "geometry": { "type": "LineString", "coordinates": [ [ -122.700656901723235, 45.479107077227404 ], [ -122.700853049763836, 45.478961358878763 ], [ -122.700966292286878, 45.478928863105246 ] ] } },
{ "type": "Feature", "properties": { "Facility": "PBL", "SegmentNam": "SW 6TH AVE", "Status": "PLANNED", "LengthMile": 0.245 }, "geometry": { "type": "LineString", "coordinates": [ [ -122.684356714873047, 45.505219500792272 ], [ -122.684268309869282, 45.505129154225322 ], [ -122.684284089675586, 45.504525778380064 ], [ -122.684331652774929, 45.504386832158993 ], [ -122.684425391974841, 45.504253861033327 ], [ -122.684574026323418, 45.504136488978048 ], [ -122.685915466164133, 45.503394326332483 ], [ -122.687434286442567, 45.502884714191111 ] ] } },
{ "type": "Feature", "properties": { "Facility": "PBL", "SegmentNam": "SW BARBUR BLVD", "Status": "PLANNED", "LengthMile": 0.146 }, "geometry": { "type": "LineString", "coordinates": [ [ -122.682030935279926, 45.505130558189009 ], [ -122.682043040976723, 45.50301760607254 ] ] } },
{ "type": "Feature", "properties": { "Facility": "BBL", "SegmentNam": "SW 6TH AVE", "Status": "PLANNED", "LengthMile": 0.036 }, "geometry": { "type": "LineString", "coordinates": [ [ -122.684265534075053, 45.507156754224958 ], [ -122.684313805945166, 45.506637936043028 ] ] } },
{ "type": "Feature", "properties": { "Facility": "PBL", "SegmentNam": "SW HAWTHORNE BRG-MAIN ST RAMP", "Status": "PLANNED", "LengthMile": 0.016 }, "geometry": { "type": "LineString", "coordinates": [ [ -122.674076496271198, 45.514035729906347 ], [ -122.674314115935204, 45.514204518562046 ] ] } },
{ "type": "Feature", "properties": { "Facility": "BBL", "SegmentNam": "SE 11TH AVE", "Status": "PLANNED", "LengthMile": 0.049 }, "geometry": { "type": "LineString", "coordinates": [ [ -122.654706051934497, 45.512221384814623 ], [ -122.654702128093319, 45.511567482001013 ], [ -122.654710996261841, 45.511507596230693 ] ] } },
{ "type": "Feature", "properties": { "Facility": "BBL", "SegmentNam": "SE 11TH AVE", "Status": "PLANNED", "LengthMile": 0.049 }, "geometry": { "type": "LineString", "coordinates": [ [ -122.65470107167458, 45.512934195556369 ], [ -122.654706051934497, 45.512221384814623 ] ] } },
{ "type": "Feature", "properties": { "Facility": "BBL", "SegmentNam": "SE 11TH AVE", "Status": "PLANNED", "LengthMile": 0.049 }, "geometry": { "type": "LineString", "coordinates": [ [ -122.654696090516325, 45.513647006082813 ], [ -122.65470107167458, 45.512934195556369 ] ] } },
{ "type": "Feature", "properties": { "Facility": "BBL", "SegmentNam": "SE 11TH AVE", "Status": "PLANNED", "LengthMile": 0.049 }, "geometry": { "type": "LineString", "coordinates": [ [ -122.65469111025638, 45.514359817023049 ], [ -122.654696090516325, 45.513647006082813 ] ] } },
{ "type": "Feature", "properties": { "Facility": "NG", "SegmentNam": "SE SALMON ST", "Status": "PLANNED", "LengthMile": 0.051 }, "geometry": { "type": "LineString", "coordinates": [ [ -122.659763313659212, 45.514377162885907 ], [ -122.65871042885739, 45.514373455268007 ] ] } },
{ "type": "Feature", "properties": { "Facility": "NG", "SegmentNam": "SE SALMON ST", "Status": "PLANNED", "LengthMile": 0.049 }, "geometry": { "type": "LineString", "coordinates": [ [ -122.660777196306299, 45.514380615565564 ], [ -122.659763313659212, 45.514377162885907 ] ] } },
{ "type": "Feature", "properties": { "Facility": "NG", "SegmentNam": "SE SALMON ST", "Status": "PLANNED", "LengthMile": 0.051 }, "geometry": { "type": "LineString", "coordinates": [ [ -122.661821694436583, 45.514383482831711 ], [ -122.660777196306299, 45.514380615565564 ] ] } },
{ "type": "Feature", "properties": { "Facility": "NG", "SegmentNam": "SE SALMON ST", "Status": "PLANNED", "LengthMile": 0.048 }, "geometry": { "type": "LineString", "coordinates": [ [ -122.662806358480779, 45.514387468048184 ], [ -122.661821694436583, 45.514383482831711 ] ] } },
{ "type": "Feature", "properties": { "Facility": "NG", "SegmentNam": "SE SALMON ST", "Status": "PLANNED", "LengthMile": 0.049 }, "geometry": { "type": "LineString", "coordinates": [ [ -122.66382024202619, 45.514390894289164 ], [ -122.663299440146957, 45.514390911914525 ], [ -122.662806358480779, 45.514387468048184 ] ] } },
{ "type": "Feature", "properties": { "Facility": "NG", "SegmentNam": "SE SALMON ST", "Status": "PLANNED", "LengthMile": 0.049 }, "geometry": { "type": "LineString", "coordinates": [ [ -122.664834201928414, 45.514396268130291 ], [ -122.66382024202619, 45.514390894289164 ] ] } },
{ "type": "Feature", "properties": { "Facility": "TRL", "SegmentNam": "BARBUR TC", "Status": "PLANNED", "LengthMile": 0.076 }, "geometry": { "type": "LineString", "coordinates": [ [ -122.717354964090873, 45.454696529527254 ], [ -122.718244215373787, 45.454384652162247 ], [ -122.718476784709253, 45.454355681757768 ], [ -122.718616612873134, 45.454409762270664 ], [ -122.718741363713249, 45.454505255315887 ] ] } },
{ "type": "Feature", "properties": { "Facility": "BBL", "SegmentNam": "SW 45TH AVE", "Status": "PLANNED", "LengthMile": 0.095 }, "geometry": { "type": "LineString", "coordinates": [ [ -122.723154734601877, 45.477612375164455 ], [ -122.723153991695114, 45.476241733954332 ] ] } },
{ "type": "Feature", "properties": { "Facility": "BBL", "SegmentNam": "SW 45TH AVE", "Status": "PLANNED", "LengthMile": 0.072 }, "geometry": { "type": "LineString", "coordinates": [ [ -122.723169037577833, 45.478653794963478 ], [ -122.723154734601877, 45.477612375164455 ] ] } },
{ "type": "Feature", "properties": { "Facility": "BBL", "SegmentNam": "SW 45TH AVE", "Status": "PLANNED", "LengthMile": 0.111 }, "geometry": { "type": "LineString", "coordinates": [ [ -122.723179311609726, 45.480268030456955 ], [ -122.723160720974903, 45.479117041157508 ], [ -122.723169037577833, 45.478653794963478 ] ] } },
{ "type": "Feature", "properties": { "Facility": "BL", "SegmentNam": "SW SHATTUCK RD", "Status": "PLANNED", "LengthMile": 0.145 }, "geometry": { "type": "LineString", "coordinates": [ [ -122.73746219764044, 45.481321102459916 ], [ -122.737528499596607, 45.481202324649836 ], [ -122.73756180643241, 45.48112922637015 ], [ -122.737598437933087, 45.481034524159995 ], [ -122.738105972593885, 45.480033840531213 ], [ -122.738197037509167, 45.47987248068543 ], [ -122.738294973638062, 45.47974427579733 ], [ -122.73842419988496, 45.479597837270582 ], [ -122.738554735875496, 45.479484659123656 ], [ -122.738592523507961, 45.479384060474622 ] ] } },
{ "type": "Feature", "properties": { "Facility": "BBL", "SegmentNam": "SW 45TH AVE", "Status": "PLANNED", "LengthMile": 0.064 }, "geometry": { "type": "LineString", "coordinates": [ [ -122.723165343705361, 45.481191534098322 ], [ -122.723179311609726, 45.480268030456955 ] ] } },
{ "type": "Feature", "properties": { "Facility": "BBL", "SegmentNam": "SW 45TH AVE", "Status": "PLANNED", "LengthMile": 0.065 }, "geometry": { "type": "LineString", "coordinates": [ [ -122.72318822199901, 45.482131947592805 ], [ -122.723165343705361, 45.481191534098322 ] ] } },
{ "type": "Feature", "properties": { "Facility": "BBL", "SegmentNam": "SW 45TH AVE", "Status": "PLANNED", "LengthMile": 0.048 }, "geometry": { "type": "LineString", "coordinates": [ [ -122.72321795084504, 45.482820614402762 ], [ -122.723191705665698, 45.482754547129574 ], [ -122.72318822199901, 45.482131947592805 ] ] } },
{ "type": "Feature", "properties": { "Facility": "PBL", "SegmentNam": "N WILLAMETTE BLVD", "Status": "PLANNED", "LengthMile": 0.027 }, "geometry": { "type": "LineString", "coordinates": [ [ -122.721420504606513, 45.573398541272148 ], [ -122.721955928363627, 45.573508616696266 ] ] } },
{ "type": "Feature", "properties": { "Facility": "PBL", "SegmentNam": "N WILLAMETTE BLVD", "Status": "PLANNED", "LengthMile": 0.027 }, "geometry": { "type": "LineString", "coordinates": [ [ -122.721420504606513, 45.573398541272148 ], [ -122.721955928363627, 45.573508616696266 ] ] } },
{ "type": "Feature", "properties": { "Facility": "NG", "SegmentNam": "SE SALMON ST", "Status": "PLANNED", "LengthMile": 0.049 }, "geometry": { "type": "LineString", "coordinates": [ [ -122.66584936647142, 45.514396715058574 ], [ -122.664834201928414, 45.514396268130291 ] ] } },
{ "type": "Feature", "properties": { "Facility": "NG", "SegmentNam": "SE SALMON ST", "Status": "PLANNED", "LengthMile": 0.07 }, "geometry": { "type": "LineString", "coordinates": [ [ -122.667298984133623, 45.514396789966277 ], [ -122.66584936647142, 45.514396715058574 ] ] } },
{ "type": "Feature", "properties": { "Facility": "BBL", "SegmentNam": "SE 12TH AVE", "Status": "PLANNED", "LengthMile": 0.049 }, "geometry": { "type": "LineString", "coordinates": [ [ -122.65367226890892, 45.515070098541102 ], [ -122.653677225812658, 45.514356310207127 ] ] } },
{ "type": "Feature", "properties": { "Facility": "BBL", "SegmentNam": "SE 11TH AVE", "Status": "PLANNED", "LengthMile": 0.049 }, "geometry": { "type": "LineString", "coordinates": [ [ -122.65468755741945, 45.515073578874862 ], [ -122.65469111025638, 45.514359817023049 ] ] } },
{ "type": "Feature", "properties": { "Facility": "BBL", "SegmentNam": "SE 12TH AVE", "Status": "PLANNED", "LengthMile": 0.049 }, "geometry": { "type": "LineString", "coordinates": [ [ -122.653671301423344, 45.515778917039363 ], [ -122.65367226890892, 45.515070098541102 ] ] } },
{ "type": "Feature", "properties": { "Facility": "BBL", "SegmentNam": "SE 11TH AVE", "Status": "PLANNED", "LengthMile": 0.098 }, "geometry": { "type": "LineString", "coordinates": [ [ -122.654677595102925, 45.516499199649985 ], [ -122.65468755741945, 45.515073578874862 ] ] } },
{ "type": "Feature", "properties": { "Facility": "BBL", "SegmentNam": "SE 12TH AVE", "Status": "PLANNED", "LengthMile": 0.05 }, "geometry": { "type": "LineString", "coordinates": [ [ -122.653666566403473, 45.51649857586208 ], [ -122.653671301423344, 45.515778917039363 ] ] } },
{ "type": "Feature", "properties": { "Facility": "BBL", "SegmentNam": "SE 12TH AVE", "Status": "PLANNED", "LengthMile": 0.049 }, "geometry": { "type": "LineString", "coordinates": [ [ -122.653658715127918, 45.517209480602183 ], [ -122.653666566403473, 45.51649857586208 ] ] } },
{ "type": "Feature", "properties": { "Facility": "BBL", "SegmentNam": "SE 11TH AVE", "Status": "PLANNED", "LengthMile": 0.049 }, "geometry": { "type": "LineString", "coordinates": [ [ -122.654672648978988, 45.517212987240306 ], [ -122.654677595102925, 45.516499199649985 ] ] } },
{ "type": "Feature", "properties": { "Facility": "BBL", "SegmentNam": "SE 12TH AVE", "Status": "PLANNED", "LengthMile": 0.049 }, "geometry": { "type": "LineString", "coordinates": [ [ -122.653653720494916, 45.517922290479113 ], [ -122.653658715127918, 45.517209480602183 ] ] } },
{ "type": "Feature", "properties": { "Facility": "NG", "SegmentNam": "SE SALMON ST", "Status": "PLANNED", "LengthMile": 0.018 }, "geometry": { "type": "LineString", "coordinates": [ [ -122.667675067420603, 45.514399484755089 ], [ -122.667298984133623, 45.514396789966277 ] ] } },
{ "type": "Feature", "properties": { "Facility": "NG", "SegmentNam": "SE SALMON ST", "Status": "PLANNED", "LengthMile": 0.009 }, "geometry": { "type": "LineString", "coordinates": [ [ -122.667863109064072, 45.514400831834664 ], [ -122.667675067420603, 45.514399484755089 ] ] } },
{ "type": "Feature", "properties": { "Facility": "PBL", "SegmentNam": "SW HAWTHORNE BRG-MAIN ST RAMP", "Status": "PLANNED", "LengthMile": 0.04 }, "geometry": { "type": "LineString", "coordinates": [ [ -122.674314115935204, 45.514204518562046 ], [ -122.674375599328201, 45.514246431752206 ], [ -122.674441294921564, 45.514289243175838 ], [ -122.674511235054624, 45.514370157439195 ], [ -122.674694300031462, 45.514714240988816 ] ] } },
{ "type": "Feature", "properties": { "Facility": "PBL", "SegmentNam": "SW HAWTHORNE BRG-MAIN ST RAMP", "Status": "PLANNED", "LengthMile": 0.032 }, "geometry": { "type": "LineString", "coordinates": [ [ -122.674694300031462, 45.514714240988816 ], [ -122.675086053530222, 45.51508961962903 ] ] } },
{ "type": "Feature", "properties": { "Facility": "PBL", "SegmentNam": "SW 1ST AVE", "Status": "PLANNED", "LengthMile": 0.049 }, "geometry": { "type": "LineString", "coordinates": [ [ -122.674682076655387, 45.515740478988462 ], [ -122.675086053530222, 45.51508961962903 ] ] } },
{ "type": "Feature", "properties": { "Facility": "BBL", "SegmentNam": "SW 16TH AVE", "Status": "PLANNED", "LengthMile": 0.049 }, "geometry": { "type": "LineString", "coordinates": [ [ -122.688885148271424, 45.520301229005554 ], [ -122.689239948672665, 45.519642443897936 ] ] } },
{ "type": "Feature", "properties": { "Facility": "BBL", "SegmentNam": "SW 17TH AVE", "Status": "PLANNED", "LengthMile": 0.049 }, "geometry": { "type": "LineString", "coordinates": [ [ -122.689868817880594, 45.520565420271282 ], [ -122.690230266713243, 45.519898674270223 ] ] } },
{ "type": "Feature", "properties": { "Facility": "BBL", "SegmentNam": "SW 16TH AVE", "Status": "PLANNED", "LengthMile": 0.049 }, "geometry": { "type": "LineString", "coordinates": [ [ -122.688523684167407, 45.520967970236235 ], [ -122.688885148271424, 45.520301229005554 ] ] } },
{ "type": "Feature", "properties": { "Facility": "BBL", "SegmentNam": "SW 17TH AVE", "Status": "PLANNED", "LengthMile": 0.049 }, "geometry": { "type": "LineString", "coordinates": [ [ -122.68950871831747, 45.521231160772182 ], [ -122.689868817880594, 45.520565420271282 ] ] } },
{ "type": "Feature", "properties": { "Facility": "BBL", "SegmentNam": "SW 16TH AVE", "Status": "PLANNED", "LengthMile": 0.049 }, "geometry": { "type": "LineString", "coordinates": [ [ -122.688163601672287, 45.521634684683995 ], [ -122.688523684167407, 45.520967970236235 ] ] } },
{ "type": "Feature", "properties": { "Facility": "BBL", "SegmentNam": "SE 11TH AVE", "Status": "PLANNED", "LengthMile": 0.049 }, "geometry": { "type": "LineString", "coordinates": [ [ -122.654667667820718, 45.51792579707287 ], [ -122.654662595034324, 45.517388417691159 ], [ -122.654672648978988, 45.517212987240306 ] ] } },
{ "type": "Feature", "properties": { "Facility": "BBL", "SegmentNam": "SE 12TH AVE", "Status": "PLANNED", "LengthMile": 0.049 }, "geometry": { "type": "LineString", "coordinates": [ [ -122.653648726760252, 45.518635099509012 ], [ -122.653653720494916, 45.517922290479113 ] ] } },
{ "type": "Feature", "properties": { "Facility": "BBL", "SegmentNam": "SE 11TH AVE", "Status": "PLANNED", "LengthMile": 0.049 }, "geometry": { "type": "LineString", "coordinates": [ [ -122.654662685764166, 45.518638606058296 ], [ -122.654667667820718, 45.51792579707287 ] ] } },
{ "type": "Feature", "properties": { "Facility": "BBL", "SegmentNam": "SE 12TH AVE", "Status": "PLANNED", "LengthMile": 0.049 }, "geometry": { "type": "LineString", "coordinates": [ [ -122.653643731228939, 45.519347908950344 ], [ -122.653648726760252, 45.518635099509012 ] ] } },
{ "type": "Feature", "properties": { "Facility": "BBL", "SegmentNam": "SE 11TH AVE", "Status": "PLANNED", "LengthMile": 0.049 }, "geometry": { "type": "LineString", "coordinates": [ [ -122.654659096096296, 45.519351389648975 ], [ -122.654662685764166, 45.518638606058296 ] ] } },
{ "type": "Feature", "properties": { "Facility": "BBL", "SegmentNam": "SE 12TH AVE", "Status": "PLANNED", "LengthMile": 0.049 }, "geometry": { "type": "LineString", "coordinates": [ [ -122.653640164917277, 45.520061669846044 ], [ -122.653643731228939, 45.519347908950344 ] ] } },
{ "type": "Feature", "properties": { "Facility": "BBL", "SegmentNam": "SE 11TH AVE", "Status": "PLANNED", "LengthMile": 0.049 }, "geometry": { "type": "LineString", "coordinates": [ [ -122.654652758481944, 45.520065204000595 ], [ -122.654659096096296, 45.519351389648975 ] ] } },
{ "type": "Feature", "properties": { "Facility": "BBL", "SegmentNam": "SE 12TH AVE", "Status": "PLANNED", "LengthMile": 0.049 }, "geometry": { "type": "LineString", "coordinates": [ [ -122.653635170284304, 45.52077448009716 ], [ -122.653640164917277, 45.520061669846044 ] ] } },
{ "type": "Feature", "properties": { "Facility": "BBL", "SegmentNam": "SE 11TH AVE", "Status": "PLANNED", "LengthMile": 0.049 }, "geometry": { "type": "LineString", "coordinates": [ [ -122.654647701865215, 45.520776056127623 ], [ -122.654652758481944, 45.520065204000595 ] ] } },
{ "type": "Feature", "properties": { "Facility": "BBL", "SegmentNam": "SE 12TH AVE", "Status": "PLANNED", "LengthMile": 0.049 }, "geometry": { "type": "LineString", "coordinates": [ [ -122.653630174753019, 45.521487288241097 ], [ -122.653635170284304, 45.52077448009716 ] ] } },
{ "type": "Feature", "properties": { "Facility": "BBL", "SegmentNam": "SE 11TH AVE", "Status": "PLANNED", "LengthMile": 0.049 }, "geometry": { "type": "LineString", "coordinates": [ [ -122.654644185859198, 45.521490794612639 ], [ -122.654647701865215, 45.520776056127623 ] ] } },
{ "type": "Feature", "properties": { "Facility": "BBL", "SegmentNam": "SE 12TH AVE", "Status": "PLANNED", "LengthMile": 0.049 }, "geometry": { "type": "LineString", "coordinates": [ [ -122.653625216950971, 45.522201074865976 ], [ -122.653626276064685, 45.522118819303373 ], [ -122.653630174753019, 45.521487288241097 ] ] } },
{ "type": "Feature", "properties": { "Facility": "BL", "SegmentNam": "SE 11TH AVE", "Status": "PLANNED", "LengthMile": 0.05 }, "geometry": { "type": "LineString", "coordinates": [ [ -122.654632467336299, 45.522209604347623 ], [ -122.65464029795065, 45.522048900312683 ], [ -122.654644185859198, 45.521490794612639 ] ] } },
{ "type": "Feature", "properties": { "Facility": "BL", "SegmentNam": "SE 11TH AVE", "Status": "PLANNED", "LengthMile": 0.049 }, "geometry": { "type": "LineString", "coordinates": [ [ -122.654634183118503, 45.522915433353866 ], [ -122.654639093309839, 45.52234752032242 ], [ -122.654632467336299, 45.522209604347623 ] ] } },
{ "type": "Feature", "properties": { "Facility": "PBL", "SegmentNam": "NE LLOYD BLVD", "Status": "PLANNED", "LengthMile": 0.05 }, "geometry": { "type": "LineString", "coordinates": [ [ -122.661701669633175, 45.526557739538994 ], [ -122.661513363885007, 45.526550512192841 ], [ -122.660678584644302, 45.526537819651608 ] ] } },
{ "type": "Feature", "properties": { "Facility": "NG", "SegmentNam": "NE 47TH AVE", "Status": "PLANNED", "LengthMile": 0.062 }, "geometry": { "type": "LineString", "coordinates": [ [ -122.614947656810159, 45.55283440168018 ], [ -122.614935322941307, 45.553737250892588 ] ] } },
{ "type": "Feature", "properties": { "Facility": "NG", "SegmentNam": "NE SKIDMORE ST", "Status": "PLANNED", "LengthMile": 0.052 }, "geometry": { "type": "LineString", "coordinates": [ [ -122.625533151691627, 45.553676909924221 ], [ -122.624464956004132, 45.55369273775031 ] ] } },
{ "type": "Feature", "properties": { "Facility": "NG", "SegmentNam": "NE SKIDMORE ST", "Status": "PLANNED", "LengthMile": 0.049 }, "geometry": { "type": "LineString", "coordinates": [ [ -122.624464956004132, 45.55369273775031 ], [ -122.623606662462564, 45.553694888427074 ], [ -122.62345062779265, 45.553695812482118 ] ] } },
{ "type": "Feature", "properties": { "Facility": "NG", "SegmentNam": "NE SKIDMORE ST", "Status": "PLANNED", "LengthMile": 0.049 }, "geometry": { "type": "LineString", "coordinates": [ [ -122.62345062779265, 45.553695812482118 ], [ -122.622434944023396, 45.553699882349825 ] ] } },
{ "type": "Feature", "properties": { "Facility": "NG", "SegmentNam": "NE SKIDMORE ST", "Status": "PLANNED", "LengthMile": 0.049 }, "geometry": { "type": "LineString", "coordinates": [ [ -122.622434944023396, 45.553699882349825 ], [ -122.621420688575455, 45.553704896401264 ] ] } },
{ "type": "Feature", "properties": { "Facility": "PBL", "SegmentNam": "SE 148TH AVE", "Status": "PLANNED", "LengthMile": 0.032 }, "geometry": { "type": "LineString", "coordinates": [ [ -122.510771951213968, 45.507698942873603 ], [ -122.510793100250694, 45.507234543551071 ] ] } },
{ "type": "Feature", "properties": { "Facility": "PBL", "SegmentNam": "SE 148TH AVE", "Status": "PLANNED", "LengthMile": 0.029 }, "geometry": { "type": "LineString", "coordinates": [ [ -122.510762912365564, 45.508112224225641 ], [ -122.510771951213968, 45.507698942873603 ] ] } },
{ "type": "Feature", "properties": { "Facility": "PBL", "SegmentNam": "SE 148TH AVE", "Status": "PLANNED", "LengthMile": 0.146 }, "geometry": { "type": "LineString", "coordinates": [ [ -122.510742903290904, 45.510221260863815 ], [ -122.510737632875149, 45.510111708613067 ], [ -122.510762912365564, 45.508112224225641 ] ] } },
{ "type": "Feature", "properties": { "Facility": "PBL", "SegmentNam": "SE 148TH AVE", "Status": "PLANNED", "LengthMile": 0.125 }, "geometry": { "type": "LineString", "coordinates": [ [ -122.510741794769871, 45.512038234399917 ], [ -122.510742903290904, 45.510221260863815 ] ] } },
{ "type": "Feature", "properties": { "Facility": "PBL", "SegmentNam": "SE 148TH AVE", "Status": "PLANNED", "LengthMile": 0.123 }, "geometry": { "type": "LineString", "coordinates": [ [ -122.510727119891371, 45.513826075990103 ], [ -122.510741794769871, 45.512038234399917 ] ] } },
{ "type": "Feature", "properties": { "Facility": "PBL", "SegmentNam": "SE 148TH AVE", "Status": "PLANNED", "LengthMile": 0.077 }, "geometry": { "type": "LineString", "coordinates": [ [ -122.510727852916645, 45.514947954363507 ], [ -122.510727119891371, 45.513826075990103 ] ] } },
{ "type": "Feature", "properties": { "Facility": "TRL", "SegmentNam": "SE 174TH AVE", "Status": "PLANNED", "LengthMile": 0.277 }, "geometry": { "type": "LineString", "coordinates": [ [ -122.484598567027263, 45.517663648534381 ], [ -122.484559579245598, 45.516109744418046 ], [ -122.484552087296123, 45.516014914073722 ], [ -122.48455158783284, 45.515920944040637 ], [ -122.484559404972444, 45.515825850263624 ], [ -122.484572821311204, 45.515731638831042 ], [ -122.484594623423149, 45.515638261908173 ], [ -122.484620632345582, 45.515545791257956 ], [ -122.484656419429882, 45.515454130576892 ], [ -122.484691829221731, 45.515351707141086 ], [ -122.484715866342086, 45.515242628164451 ], [ -122.48473708454911, 45.515132618622225 ], [ -122.484751346202557, 45.515022730352591 ], [ -122.484760006860228, 45.514911958091481 ], [ -122.484763101556382, 45.514801283180496 ], [ -122.484759237004027, 45.514690728281202 ], [ -122.484750103832539, 45.514548937375508 ], [ -122.484735926620729, 45.513665187491512 ] ] } },
{ "type": "Feature", "properties": { "Facility": "PBL", "SegmentNam": "SE 148TH AVE", "Status": "PLANNED", "LengthMile": 0.291 }, "geometry": { "type": "LineString", "coordinates": [ [ -122.510707173698805, 45.519161763644426 ], [ -122.510766149893826, 45.516383420468905 ], [ -122.510727852916645, 45.514947954363507 ] ] } },
{ "type": "Feature", "properties": { "Facility": "TRL", "SegmentNam": "SE 174TH AVE", "Status": "PLANNED", "LengthMile": 0.072 }, "geometry": { "type": "LineString", "coordinates": [ [ -122.48458742701942, 45.518699573151643 ], [ -122.484598567027263, 45.517663648534381 ] ] } },
{ "type": "Feature", "properties": { "Facility": "PBL", "SegmentNam": "SE STARK ST", "Status": "PLANNED", "LengthMile": 0.125 }, "geometry": { "type": "LineString", "coordinates": [ [ -122.51586256379187, 45.5191252740821 ], [ -122.513289513933657, 45.519137103467941 ] ] } },
{ "type": "Feature", "properties": { "Facility": "PBL", "SegmentNam": "SE STARK ST", "Status": "PLANNED", "LengthMile": 0.08 }, "geometry": { "type": "LineString", "coordinates": [ [ -122.555627108782673, 45.51903358209546 ], [ -122.55397376399381, 45.519023990292858 ] ] } },
{ "type": "Feature", "properties": { "Facility": "PBL", "SegmentNam": "SE STARK ST", "Status": "PLANNED", "LengthMile": 0.149 }, "geometry": { "type": "LineString", "coordinates": [ [ -122.537792165540907, 45.519029193117433 ], [ -122.534720795041778, 45.519047402370234 ] ] } },
{ "type": "Feature", "properties": { "Facility": "PBL", "SegmentNam": "SE STARK ST", "Status": "PLANNED", "LengthMile": 0.039 }, "geometry": { "type": "LineString", "coordinates": [ [ -122.534720795041778, 45.519047402370234 ], [ -122.533909121368495, 45.51905296207628 ] ] } },
{ "type": "Feature", "properties": { "Facility": "PBL", "SegmentNam": "SE STARK ST", "Status": "PLANNED", "LengthMile": 0.067 }, "geometry": { "type": "LineString", "coordinates": [ [ -122.563690624826478, 45.519045673970624 ], [ -122.562313933297361, 45.519061580784012 ] ] } },
{ "type": "Feature", "properties": { "Facility": "PBL", "SegmentNam": "SE STARK ST", "Status": "PLANNED", "LengthMile": 0.097 }, "geometry": { "type": "LineString", "coordinates": [ [ -122.562313933297361, 45.519061580784012 ], [ -122.560313772333515, 45.519050473961549 ] ] } },
{ "type": "Feature", "properties": { "Facility": "PBL", "SegmentNam": "SE STARK ST", "Status": "PLANNED", "LengthMile": 0.063 }, "geometry": { "type": "LineString", "coordinates": [ [ -122.533909121368495, 45.51905296207628 ], [ -122.532617034969462, 45.519059183306751 ] ] } },
{ "type": "Feature", "properties": { "Facility": "PBL", "SegmentNam": "SE STARK ST", "Status": "PLANNED", "LengthMile": 0.046 }, "geometry": { "type": "LineString", "coordinates": [ [ -122.564631574153964, 45.519071844175848 ], [ -122.564181669113594, 45.519069159681592 ], [ -122.563690624826478, 45.519045673970624 ] ] } },
{ "type": "Feature", "properties": { "Facility": "PBL", "SegmentNam": "SE STARK ST", "Status": "PLANNED", "LengthMile": 0.042 }, "geometry": { "type": "LineString", "coordinates": [ [ -122.532617034969462, 45.519059183306751 ], [ -122.531745449056601, 45.519063830346447 ] ] } },
{ "type": "Feature", "properties": { "Facility": "PBL", "SegmentNam": "SE STARK ST", "Status": "PLANNED", "LengthMile": 0.041 }, "geometry": { "type": "LineString", "coordinates": [ [ -122.531745449056601, 45.519063830346447 ], [ -122.530904515457891, 45.519068907911915 ] ] } },
{ "type": "Feature", "properties": { "Facility": "PBL", "SegmentNam": "SE STARK ST", "Status": "PLANNED", "LengthMile": 0.042 }, "geometry": { "type": "LineString", "coordinates": [ [ -122.530904515457891, 45.519068907911915 ], [ -122.530039852860966, 45.519072439611136 ] ] } },
{ "type": "Feature", "properties": { "Facility": "PBL", "SegmentNam": "SE STARK ST", "Status": "PLANNED", "LengthMile": 0.033 }, "geometry": { "type": "LineString", "coordinates": [ [ -122.530039852860966, 45.519072439611136 ], [ -122.529356670612657, 45.519088425094971 ] ] } },
{ "type": "Feature", "properties": { "Facility": "PBL", "SegmentNam": "SE STARK ST", "Status": "PLANNED", "LengthMile": 0.155 }, "geometry": { "type": "LineString", "coordinates": [ [ -122.529356670612657, 45.519088425094971 ], [ -122.526172076455126, 45.519094697934314 ] ] } },
{ "type": "Feature", "properties": { "Facility": "PBL", "SegmentNam": "SE STARK ST", "Status": "PLANNED", "LengthMile": 0.062 }, "geometry": { "type": "LineString", "coordinates": [ [ -122.526172076455126, 45.519094697934314 ], [ -122.524893765720975, 45.519096675584287 ] ] } },
{ "type": "Feature", "properties": { "Facility": "PBL", "SegmentNam": "SE STARK ST", "Status": "PLANNED", "LengthMile": 0.063 }, "geometry": { "type": "LineString", "coordinates": [ [ -122.524893765720975, 45.519096675584287 ], [ -122.523589080450094, 45.519101059521716 ] ] } },
{ "type": "Feature", "properties": { "Facility": "PBL", "SegmentNam": "SE STARK ST", "Status": "PLANNED", "LengthMile": 0.037 }, "geometry": { "type": "LineString", "coordinates": [ [ -122.523589080450094, 45.519101059521716 ], [ -122.522819051775073, 45.519102871003575 ] ] } },
{ "type": "Feature", "properties": { "Facility": "PBL", "SegmentNam": "SE STARK ST", "Status": "PLANNED", "LengthMile": 0.087 }, "geometry": { "type": "LineString", "coordinates": [ [ -122.522819051775073, 45.519102871003575 ], [ -122.521035379404807, 45.519108805211296 ] ] } },
{ "type": "Feature", "properties": { "Facility": "PBL", "SegmentNam": "SE STARK ST", "Status": "PLANNED", "LengthMile": 0.125 }, "geometry": { "type": "LineString", "coordinates": [ [ -122.521035379404807, 45.519108805211296 ], [ -122.518470542843275, 45.519116690002406 ] ] } },
{ "type": "Feature", "properties": { "Facility": "PBL", "SegmentNam": "SE STARK ST", "Status": "PLANNED", "LengthMile": 0.065 }, "geometry": { "type": "LineString", "coordinates": [ [ -122.518470542843275, 45.519116690002406 ], [ -122.5171365967486, 45.519120537039917 ] ] } },
{ "type": "Feature", "properties": { "Facility": "PBL", "SegmentNam": "SE STARK ST", "Status": "PLANNED", "LengthMile": 0.062 }, "geometry": { "type": "LineString", "coordinates": [ [ -122.5171365967486, 45.519120537039917 ], [ -122.51586256379187, 45.5191252740821 ] ] } },
{ "type": "Feature", "properties": { "Facility": "BBL", "SegmentNam": "SE 102ND AVE", "Status": "PLANNED", "LengthMile": 0.079 }, "geometry": { "type": "LineString", "coordinates": [ [ -122.558391753121285, 45.520196058828247 ], [ -122.558397495152576, 45.520047151801066 ], [ -122.558434044906534, 45.519057732483653 ] ] } },
{ "type": "Feature", "properties": { "Facility": "PBL", "SegmentNam": "SE STARK ST", "Status": "PLANNED", "LengthMile": 0.125 }, "geometry": { "type": "LineString", "coordinates": [ [ -122.513289513933657, 45.519137103467941 ], [ -122.510707173698805, 45.519161763644426 ] ] } },
{ "type": "Feature", "properties": { "Facility": "PBL", "SegmentNam": "SE STARK ST", "Status": "PLANNED", "LengthMile": 0.125 }, "geometry": { "type": "LineString", "coordinates": [ [ -122.501642806867707, 45.519157520073136 ], [ -122.499666935450847, 45.519162555458834 ], [ -122.499072124070324, 45.519157242497485 ] ] } },
{ "type": "Feature", "properties": { "Facility": "PBL", "SegmentNam": "SE STARK ST", "Status": "PLANNED", "LengthMile": 0.091 }, "geometry": { "type": "LineString", "coordinates": [ [ -122.499072124070324, 45.519157242497485 ], [ -122.497202514102113, 45.519163328386938 ] ] } },
{ "type": "Feature", "properties": { "Facility": "PBL", "SegmentNam": "SE STARK ST", "Status": "PLANNED", "LengthMile": 0.062 }, "geometry": { "type": "LineString", "coordinates": [ [ -122.506190995117535, 45.519159451773028 ], [ -122.504915465567521, 45.519161156880465 ] ] } },
{ "type": "Feature", "properties": { "Facility": "PBL", "SegmentNam": "SE STARK ST", "Status": "PLANNED", "LengthMile": 0.125 }, "geometry": { "type": "LineString", "coordinates": [ [ -122.510707173698805, 45.519161763644426 ], [ -122.508141988590936, 45.519159634305758 ] ] } },
{ "type": "Feature", "properties": { "Facility": "PBL", "SegmentNam": "SE STARK ST", "Status": "PLANNED", "LengthMile": 0.1 }, "geometry": { "type": "LineString", "coordinates": [ [ -122.503702699509773, 45.519165670474031 ], [ -122.501642806867707, 45.519157520073136 ] ] } },
{ "type": "Feature", "properties": { "Facility": "PBL", "SegmentNam": "SE STARK ST", "Status": "PLANNED", "LengthMile": 0.026 }, "geometry": { "type": "LineString", "coordinates": [ [ -122.506720361534661, 45.519164891877594 ], [ -122.506190995117535, 45.519159451773028 ] ] } },
{ "type": "Feature", "properties": { "Facility": "PBL", "SegmentNam": "SE STARK ST", "Status": "PLANNED", "LengthMile": 0.069 }, "geometry": { "type": "LineString", "coordinates": [ [ -122.508141988590936, 45.519159634305758 ], [ -122.506720361534661, 45.519164891877594 ] ] } },
{ "type": "Feature", "properties": { "Facility": "PBL", "SegmentNam": "SE 148TH AVE", "Status": "PLANNED", "LengthMile": 0.224 }, "geometry": { "type": "LineString", "coordinates": [ [ -122.510661321890083, 45.522310901284044 ], [ -122.51070235244066, 45.519064931209527 ] ] } },
{ "type": "Feature", "properties": { "Facility": "PBL", "SegmentNam": "SE STARK ST", "Status": "PLANNED", "LengthMile": 0.024 }, "geometry": { "type": "LineString", "coordinates": [ [ -122.565118627226298, 45.519062113906415 ], [ -122.564631574153964, 45.519071844175848 ] ] } },
{ "type": "Feature", "properties": { "Facility": "PBL", "SegmentNam": "SE STARK ST", "Status": "PLANNED", "LengthMile": 0.109 }, "geometry": { "type": "LineString", "coordinates": [ [ -122.569114453085987, 45.519075397275344 ], [ -122.567026972283259, 45.519075768006161 ], [ -122.566876527829351, 45.519074558252946 ] ] } },
{ "type": "Feature", "properties": { "Facility": "BBL", "SegmentNam": "NE GLISAN ST", "Status": "PLANNED", "LengthMile": 0.015 }, "geometry": { "type": "LineString", "coordinates": [ [ -122.56866380693549, 45.526353394841415 ], [ -122.568360096419397, 45.526351029771376 ] ] } },
{ "type": "Feature", "properties": { "Facility": "BBL", "SegmentNam": "NE GLISAN ST", "Status": "PLANNED", "LengthMile": 0.033 }, "geometry": { "type": "LineString", "coordinates": [ [ -122.569338071607959, 45.52635789715918 ], [ -122.56866380693549, 45.526353394841415 ] ] } },
{ "type": "Feature", "properties": { "Facility": "BBL", "SegmentNam": "NE GLISAN ST", "Status": "PLANNED", "LengthMile": 0.028 }, "geometry": { "type": "LineString", "coordinates": [ [ -122.569920332625685, 45.526360137619086 ], [ -122.569338071607959, 45.52635789715918 ] ] } },
{ "type": "Feature", "properties": { "Facility": "BBL", "SegmentNam": "NE GLISAN ST", "Status": "PLANNED", "LengthMile": 0.019 }, "geometry": { "type": "LineString", "coordinates": [ [ -122.570313263815791, 45.52636480671211 ], [ -122.569920332625685, 45.526360137619086 ] ] } },
{ "type": "Feature", "properties": { "Facility": "BBL", "SegmentNam": "NE GLISAN ST", "Status": "PLANNED", "LengthMile": 0.046 }, "geometry": { "type": "LineString", "coordinates": [ [ -122.571250875902024, 45.526372385884585 ], [ -122.570313263815791, 45.52636480671211 ] ] } },
{ "type": "Feature", "properties": { "Facility": "BBL", "SegmentNam": "NE GLISAN ST", "Status": "PLANNED", "LengthMile": 0.049 }, "geometry": { "type": "LineString", "coordinates": [ [ -122.572269286058145, 45.526380457831209 ], [ -122.571250875902024, 45.526372385884585 ] ] } },
{ "type": "Feature", "properties": { "Facility": "BBL", "SegmentNam": "NE GLISAN ST", "Status": "PLANNED", "LengthMile": 0.072 }, "geometry": { "type": "LineString", "coordinates": [ [ -122.573748759228835, 45.526389991109589 ], [ -122.572269286058145, 45.526380457831209 ] ] } },
{ "type": "Feature", "properties": { "Facility": "BBL", "SegmentNam": "NE GLISAN ST", "Status": "PLANNED", "LengthMile": 0.059 }, "geometry": { "type": "LineString", "coordinates": [ [ -122.574971952032072, 45.526399238035587 ], [ -122.573748759228835, 45.526389991109589 ] ] } },
{ "type": "Feature", "properties": { "Facility": "PBL", "SegmentNam": "NE 148TH AVE", "Status": "PLANNED", "LengthMile": 0.091 }, "geometry": { "type": "LineString", "coordinates": [ [ -122.510666819579626, 45.522308846332322 ], [ -122.510668880314867, 45.523625511215172 ] ] } },
{ "type": "Feature", "properties": { "Facility": "PBL", "SegmentNam": "NE 148TH AVE", "Status": "PLANNED", "LengthMile": 0.196 }, "geometry": { "type": "LineString", "coordinates": [ [ -122.510668880314867, 45.523625511215172 ], [ -122.510601043137882, 45.52646861605006 ] ] } },
{ "type": "Feature", "properties": { "Facility": "PBL", "SegmentNam": "NE 148TH AVE", "Status": "PLANNED", "LengthMile": 0.163 }, "geometry": { "type": "LineString", "coordinates": [ [ -122.510601043137882, 45.52646861605006 ], [ -122.510592324988053, 45.526812382695127 ], [ -122.510589772874326, 45.526897596200286 ], [ -122.510577474938117, 45.526982981385039 ], [ -122.51056232485081, 45.527066457667893 ], [ -122.510538824024678, 45.527150079832303 ], [ -122.510509722202741, 45.527232821435703 ], [ -122.510474980757451, 45.527313704500045 ], [ -122.510434637418015, 45.527393705125881 ], [ -122.510387266558155, 45.527471871769691 ], [ -122.510335648463595, 45.527548154722162 ], [ -122.510276966915981, 45.527621623213953 ], [ -122.510212685270872, 45.527694211809631 ], [ -122.510154807715466, 45.5277510256008 ], [ -122.509368367718494, 45.528591019337554 ] ] } },
{ "type": "Feature", "properties": { "Facility": "PBL", "SegmentNam": "NE 148TH AVE", "Status": "PLANNED", "LengthMile": 0.109 }, "geometry": { "type": "LineString", "coordinates": [ [ -122.509368367718494, 45.528591019337554 ], [ -122.508512361287629, 45.529512497155054 ], [ -122.508432192936723, 45.529648015191896 ], [ -122.508334936832497, 45.529969833743785 ] ] } },
{ "type": "Feature", "properties": { "Facility": "PBL", "SegmentNam": "NE 148TH AVE", "Status": "PLANNED", "LengthMile": 0.1 }, "geometry": { "type": "LineString", "coordinates": [ [ -122.508334936832497, 45.529969833743785 ], [ -122.508299821688041, 45.531418324186916 ] ] } },
{ "type": "Feature", "properties": { "Facility": "PBL", "SegmentNam": "NE 148TH AVE", "Status": "PLANNED", "LengthMile": 0.086 }, "geometry": { "type": "LineString", "coordinates": [ [ -122.508299821688041, 45.531418324186916 ], [ -122.508315651799961, 45.531787113560405 ], [ -122.508365884692338, 45.532065237870754 ], [ -122.508424748597989, 45.532351043632431 ], [ -122.508527284101135, 45.53265077059261 ] ] } },
{ "type": "Feature", "properties": { "Facility": "PBL", "SegmentNam": "NE 148TH AVE", "Status": "PLANNED", "LengthMile": 0.076 }, "geometry": { "type": "LineString", "coordinates": [ [ -122.508527284101135, 45.53265077059261 ], [ -122.508666843668692, 45.532973345334632 ], [ -122.508800331523318, 45.533203024153998 ], [ -122.508980471585545, 45.533530761973275 ], [ -122.509022274687297, 45.533688622300801 ] ] } },
{ "type": "Feature", "properties": { "Facility": "NG", "SegmentNam": "NE THOMPSON ST", "Status": "PLANNED", "LengthMile": 0.043 }, "geometry": { "type": "LineString", "coordinates": [ [ -122.507962818709203, 45.539217673382765 ], [ -122.507545202713388, 45.539344400798733 ], [ -122.507358078249837, 45.539410321140231 ], [ -122.507169802146052, 45.539483115369237 ] ] } },
{ "type": "Feature", "properties": { "Facility": "NG", "SegmentNam": "NE THOMPSON ST", "Status": "PLANNED", "LengthMile": 0.077 }, "geometry": { "type": "LineString", "coordinates": [ [ -122.507169802146052, 45.539483115369237 ], [ -122.506370638411397, 45.539811311133825 ], [ -122.506209340512257, 45.53985915991835 ], [ -122.50604512039348, 45.539903140395211 ], [ -122.505880759239218, 45.539943209159439 ], [ -122.505752216610261, 45.539971883888036 ] ] } },
{ "type": "Feature", "properties": { "Facility": "NG", "SegmentNam": "NE THOMPSON ST", "Status": "PLANNED", "LengthMile": 0.039 }, "geometry": { "type": "LineString", "coordinates": [ [ -122.501331060023105, 45.539787567933679 ], [ -122.501216623639053, 45.539781728398559 ], [ -122.501110641300158, 45.53977867933169 ], [ -122.501006122316824, 45.539777561885792 ], [ -122.500898816759516, 45.539776491629262 ], [ -122.500792975456108, 45.539777356769022 ], [ -122.500685774103374, 45.539779222324839 ], [ -122.500522815219256, 45.539780100048382 ] ] } },
{ "type": "Feature", "properties": { "Facility": "NG", "SegmentNam": "NE THOMPSON ST", "Status": "PLANNED", "LengthMile": 0.04 }, "geometry": { "type": "LineString", "coordinates": [ [ -122.502143341855827, 45.539909496483617 ], [ -122.501921335809783, 45.539855604985576 ], [ -122.50182050890227, 45.539840718938201 ], [ -122.501723893296855, 45.539826737664896 ], [ -122.501624562982627, 45.539814762881846 ], [ -122.501523875313993, 45.539803789770325 ], [ -122.501423256815656, 45.53979477218644 ], [ -122.501331060023105, 45.539787567933679 ] ] } },
{ "type": "Feature", "properties": { "Facility": "NG", "SegmentNam": "NE SACRAMENTO ST", "Status": "PLANNED", "LengthMile": 0.138 }, "geometry": { "type": "LineString", "coordinates": [ [ -122.512955824839906, 45.540089716646982 ], [ -122.511531857672352, 45.539650619632546 ], [ -122.510249570096462, 45.53963193823185 ] ] } },
{ "type": "Feature", "properties": { "Facility": "NG", "SegmentNam": "NE 150TH AVE", "Status": "PLANNED", "LengthMile": 0.094 }, "geometry": { "type": "LineString", "coordinates": [ [ -122.507962818709203, 45.539217673382765 ], [ -122.50799019666411, 45.539282784724129 ], [ -122.508016219061275, 45.539348899559819 ], [ -122.508038095733369, 45.539416065705282 ], [ -122.508057191221354, 45.539483278960155 ], [ -122.508073536067968, 45.539551520239471 ], [ -122.508085703748506, 45.539619833793274 ], [ -122.508097839089658, 45.539687170755727 ], [ -122.508107186958512, 45.539754554826949 ], [ -122.508110967967539, 45.539822036971451 ], [ -122.508111963300877, 45.539889567482646 ], [ -122.508110175653457, 45.539957146360393 ], [ -122.508104209941649, 45.540024798142944 ], [ -122.508095460350802, 45.540092499550013 ], [ -122.50808249855956, 45.540159293586136 ], [ -122.50806675378756, 45.540226137248666 ], [ -122.508048190102215, 45.540292052152083 ], [ -122.508026840741209, 45.540358015425589 ], [ -122.508001280078091, 45.540423071965655 ], [ -122.507972901399938, 45.540487199753983 ], [ -122.507934879307228, 45.540554433749897 ] ] } },
{ "type": "Feature", "properties": { "Facility": "NG", "SegmentNam": "NE THOMPSON ST", "Status": "PLANNED", "LengthMile": 0.043 }, "geometry": { "type": "LineString", "coordinates": [ [ -122.503002214810778, 45.540088365148904 ], [ -122.502798859586633, 45.540049813464037 ], [ -122.502592613583914, 45.540008375029295 ], [ -122.502386265173286, 45.539964002019879 ], [ -122.502143341855827, 45.539909496483617 ] ] } },
{ "type": "Feature", "properties": { "Facility": "NG", "SegmentNam": "NE THOMPSON ST", "Status": "PLANNED", "LengthMile": 0.042 }, "geometry": { "type": "LineString", "coordinates": [ [ -122.505752216610261, 45.539971883888036 ], [ -122.505500145748286, 45.540013483422285 ], [ -122.50518006523275, 45.540062140543078 ], [ -122.504906661179405, 45.540091383997911 ] ] } },
{ "type": "Feature", "properties": { "Facility": "NG", "SegmentNam": "NE 158TH AVE", "Status": "PLANNED", "LengthMile": 0.043 }, "geometry": { "type": "LineString", "coordinates": [ [ -122.500522815219256, 45.539780100048382 ], [ -122.500508410733687, 45.54039904840711 ] ] } },
{ "type": "Feature", "properties": { "Facility": "NG", "SegmentNam": "NE THOMPSON ST", "Status": "PLANNED", "LengthMile": 0.043 }, "geometry": { "type": "LineString", "coordinates": [ [ -122.503879466398104, 45.540156285436979 ], [ -122.503432745885405, 45.540129809187341 ], [ -122.503002214810778, 45.540088365148904 ] ] } },
{ "type": "Feature", "properties": { "Facility": "NG", "SegmentNam": "NE THOMPSON ST", "Status": "PLANNED", "LengthMile": 0.05 }, "geometry": { "type": "LineString", "coordinates": [ [ -122.504906661179405, 45.540091383997911 ], [ -122.50475542620805, 45.540108705568933 ], [ -122.504651320449796, 45.540119332567208 ], [ -122.504548572944216, 45.540128956007656 ], [ -122.50444436298136, 45.540136647208527 ], [ -122.504340119780863, 45.540143360020373 ], [ -122.504235806511758, 45.540148114797191 ], [ -122.504131458208349, 45.540151892444129 ], [ -122.504027076667285, 45.540154691702988 ], [ -122.503879466398104, 45.540156285436979 ] ] } },
{ "type": "Feature", "properties": { "Facility": "NG", "SegmentNam": "NE SACRAMENTO ST", "Status": "PLANNED", "LengthMile": 0.05 }, "geometry": { "type": "LineString", "coordinates": [ [ -122.513964160390145, 45.540200297140835 ], [ -122.51383799380514, 45.540178034584486 ], [ -122.513335124993915, 45.540179011084348 ], [ -122.513210661614664, 45.540165528212221 ], [ -122.513067233003142, 45.540127903375115 ], [ -122.512955824839906, 45.540089716646982 ] ] } },
{ "type": "Feature", "properties": { "Facility": "NG", "SegmentNam": "NE SACRAMENTO ST", "Status": "PLANNED", "LengthMile": 0.049 }, "geometry": { "type": "LineString", "coordinates": [ [ -122.51493703045297, 45.540371206309281 ], [ -122.513964160390145, 45.540200297140835 ] ] } },
{ "type": "Feature", "properties": { "Facility": "NG", "SegmentNam": "NE SACRAMENTO ST", "Status": "PLANNED", "LengthMile": 0.055 }, "geometry": { "type": "LineString", "coordinates": [ [ -122.516058387540667, 45.540486640408886 ], [ -122.51493703045297, 45.540371206309281 ] ] } },
{ "type": "Feature", "properties": { "Facility": "NG", "SegmentNam": "NE SACRAMENTO ST", "Status": "PLANNED", "LengthMile": 0.051 }, "geometry": { "type": "LineString", "coordinates": [ [ -122.52034042024313, 45.540477045342982 ], [ -122.520195593853018, 45.540478613900447 ], [ -122.520031416853399, 45.540484435116852 ], [ -122.519867376397656, 45.54049417111883 ], [ -122.519703477875751, 45.540507819387621 ], [ -122.519502301066197, 45.540530933099468 ], [ -122.519404010102761, 45.540548323116155 ], [ -122.519303388011167, 45.540578481151002 ] ] } },
{ "type": "Feature", "properties": { "Facility": "NG", "SegmentNam": "NE BRAZEE ST", "Status": "PLANNED", "LengthMile": 0.056 }, "geometry": { "type": "LineString", "coordinates": [ [ -122.528227663471995, 45.540541768906991 ], [ -122.528056874871879, 45.54055750794204 ], [ -122.527895446716983, 45.540562314906097 ], [ -122.527603184330871, 45.540570406837709 ], [ -122.527320457561515, 45.540572457347231 ], [ -122.527076574843349, 45.540569906007519 ] ] } },
{ "type": "Feature", "properties": { "Facility": "NG", "SegmentNam": "NE BRAZEE ST", "Status": "PLANNED", "LengthMile": 0.038 }, "geometry": { "type": "LineString", "coordinates": [ [ -122.528986613224632, 45.540611585634721 ], [ -122.528816545073369, 45.540569554923046 ], [ -122.528714005078626, 45.540545912083353 ], [ -122.5285867524304, 45.540532494734371 ], [ -122.528413836619691, 45.540527715451887 ], [ -122.528227663471995, 45.540541768906991 ] ] } },
{ "type": "Feature", "properties": { "Facility": "NG", "SegmentNam": "NE SACRAMENTO ST", "Status": "PLANNED", "LengthMile": 0.162 }, "geometry": { "type": "LineString", "coordinates": [ [ -122.519303388011167, 45.540578481151002 ], [ -122.519129080710059, 45.540652027628624 ], [ -122.519042482218339, 45.540684875362594 ], [ -122.518952927371032, 45.540712880892436 ], [ -122.518863233284875, 45.540736972268547 ], [ -122.518769151826859, 45.54075526635544 ], [ -122.51867354053789, 45.540769671466087 ], [ -122.518576363485423, 45.540779210484899 ], [ -122.51848040275182, 45.540783831821557 ], [ -122.518382877152987, 45.540783587070031 ], [ -122.518286569669712, 45.540778425266623 ], [ -122.518190123845841, 45.540769349954374 ], [ -122.516058387540667, 45.540486640408886 ] ] } },
{ "type": "Feature", "properties": { "Facility": "NG", "SegmentNam": "NE SACRAMENTO ST", "Status": "PLANNED", "LengthMile": 0.082 }, "geometry": { "type": "LineString", "coordinates": [ [ -122.521938918392308, 45.540807237989085 ], [ -122.521096958917539, 45.540557726898008 ], [ -122.520934449191074, 45.540532193984397 ], [ -122.520770723145702, 45.540511577505633 ], [ -122.52060713633918, 45.540494874547107 ], [ -122.520442296382868, 45.540482108392069 ], [ -122.52034042024313, 45.540477045342982 ] ] } },
{ "type": "Feature", "properties": { "Facility": "NG", "SegmentNam": "NE BRAZEE ST", "Status": "PLANNED", "LengthMile": 0.033 }, "geometry": { "type": "LineString", "coordinates": [ [ -122.529524899912545, 45.540899686624606 ], [ -122.529411773272173, 45.540852736566166 ], [ -122.529322761905618, 45.540778927353344 ], [ -122.52918599430194, 45.54069421431587 ], [ -122.529094066105657, 45.540655699539009 ], [ -122.528986613224632, 45.540611585634721 ] ] } },
{ "type": "Feature", "properties": { "Facility": "NG", "SegmentNam": "NE BRAZEE ST", "Status": "PLANNED", "LengthMile": 0.134 }, "geometry": { "type": "LineString", "coordinates": [ [ -122.532291620257766, 45.540899750800968 ], [ -122.529681284925402, 45.540909652205308 ], [ -122.529524899912545, 45.540899686624606 ] ] } },
{ "type": "Feature", "properties": { "Facility": "NG", "SegmentNam": "NE SACRAMENTO ST", "Status": "PLANNED", "LengthMile": 0.101 }, "geometry": { "type": "LineString", "coordinates": [ [ -122.523859444604525, 45.541377456182936 ], [ -122.523759129736746, 45.541338106329647 ], [ -122.523657598550088, 45.541303670938468 ], [ -122.523550705319479, 45.541275205775413 ], [ -122.523441170143627, 45.541250702519633 ], [ -122.521938918392308, 45.540807237989085 ] ] } },
{ "type": "Feature", "properties": { "Facility": "NG", "SegmentNam": "NE 127TH AVE", "Status": "PLANNED", "LengthMile": 0.027 }, "geometry": { "type": "LineString", "coordinates": [ [ -122.532291620257766, 45.540899750800968 ], [ -122.532298459132036, 45.541285340537812 ] ] } },
{ "type": "Feature", "properties": { "Facility": "NG", "SegmentNam": "NE SACRAMENTO ST", "Status": "PLANNED", "LengthMile": 0.119 }, "geometry": { "type": "LineString", "coordinates": [ [ -122.500508410733687, 45.54039904840711 ], [ -122.499009955262736, 45.54041337055655 ], [ -122.498055931854594, 45.540420168275404 ] ] } },
{ "type": "Feature", "properties": { "Facility": "NG", "SegmentNam": "NE SACRAMENTO ST", "Status": "PLANNED", "LengthMile": 0.047 }, "geometry": { "type": "LineString", "coordinates": [ [ -122.498055931854594, 45.540420168275404 ], [ -122.497562977749197, 45.540425799483884 ], [ -122.497560144462767, 45.540464028139162 ], [ -122.497149401477202, 45.540470185970925 ] ] } },
{ "type": "Feature", "properties": { "Facility": "NG", "SegmentNam": "NE SACRAMENTO ST", "Status": "PLANNED", "LengthMile": 0.036 }, "geometry": { "type": "LineString", "coordinates": [ [ -122.508640814983352, 45.540701668866951 ], [ -122.508450952454794, 45.540690303318712 ], [ -122.508309402220547, 45.540666344050976 ], [ -122.50821254137503, 45.540645519991074 ], [ -122.508125323045789, 45.540621590905033 ], [ -122.508030902024572, 45.540590934579996 ], [ -122.507934879307228, 45.540554433749897 ] ] } },
{ "type": "Feature", "properties": { "Facility": "NG", "SegmentNam": "NE SACRAMENTO ST", "Status": "PLANNED", "LengthMile": 0.077 }, "geometry": { "type": "LineString", "coordinates": [ [ -122.5102259399129, 45.540695494701751 ], [ -122.508640814983352, 45.540701668866951 ] ] } },
{ "type": "Feature", "properties": { "Facility": "NG", "SegmentNam": "NE 161ST AVE", "Status": "PLANNED", "LengthMile": 0.086 }, "geometry": { "type": "LineString", "coordinates": [ [ -122.497149401477202, 45.540470185970925 ], [ -122.497153704407424, 45.540592480483674 ], [ -122.49714150169261, 45.540641639820535 ], [ -122.49710943093865, 45.540680375450059 ], [ -122.497056234504157, 45.540712626073699 ], [ -122.496988771924634, 45.540735335766669 ], [ -122.4969411450449, 45.540767490094041 ], [ -122.49691172072778, 45.540802263683851 ], [ -122.496902097076131, 45.540845504765016 ], [ -122.496895213286095, 45.541441804351997 ], [ -122.496821345718601, 45.541638877632892 ] ] } },
{ "type": "Feature", "properties": { "Facility": "NG", "SegmentNam": "NE RUSSELL ST", "Status": "PLANNED", "LengthMile": 0.04 }, "geometry": { "type": "LineString", "coordinates": [ [ -122.496821345718601, 45.541638877632892 ], [ -122.49668624269313, 45.541600108688392 ], [ -122.496013084745087, 45.541592228936032 ] ] } },
{ "type": "Feature", "properties": { "Facility": "NG", "SegmentNam": "NE RUSSELL ST", "Status": "PLANNED", "LengthMile": 0.073 }, "geometry": { "type": "LineString", "coordinates": [ [ -122.536330251739074, 45.541249228360115 ], [ -122.534827361285608, 45.541257242804235 ] ] } },
{ "type": "Feature", "properties": { "Facility": "NG", "SegmentNam": "NE RUSSELL ST", "Status": "PLANNED", "LengthMile": 0.059 }, "geometry": { "type": "LineString", "coordinates": [ [ -122.537543393292623, 45.541280594665636 ], [ -122.537285887623156, 45.541247958053646 ], [ -122.536330251739074, 45.541249228360115 ] ] } },
{ "type": "Feature", "properties": { "Facility": "NG", "SegmentNam": "NE RUSSELL ST", "Status": "PLANNED", "LengthMile": 0.123 }, "geometry": { "type": "LineString", "coordinates": [ [ -122.534827361285608, 45.541257242804235 ], [ -122.533465190124758, 45.54126568571597 ], [ -122.532298459132036, 45.541285340537812 ] ] } },
{ "type": "Feature", "properties": { "Facility": "NG", "SegmentNam": "NE SACRAMENTO ST", "Status": "PLANNED", "LengthMile": 0.051 }, "geometry": { "type": "LineString", "coordinates": [ [ -122.5247163089265, 45.54180975034074 ], [ -122.523859444604525, 45.541377456182936 ] ] } },
{ "type": "Feature", "properties": { "Facility": "NG", "SegmentNam": "NE SACRAMENTO ST", "Status": "PLANNED", "LengthMile": 0.067 }, "geometry": { "type": "LineString", "coordinates": [ [ -122.525863900413754, 45.54230739942097 ], [ -122.525698984100643, 45.542292683897095 ], [ -122.525602010067402, 45.542268941115672 ], [ -122.525521743800127, 45.542244901987559 ], [ -122.525441092155603, 45.542210102235913 ], [ -122.52534470741719, 45.542163832141696 ], [ -122.5247163089265, 45.54180975034074 ] ] } },
{ "type": "Feature", "properties": { "Facility": "NG", "SegmentNam": "NE SACRAMENTO ST", "Status": "PLANNED", "LengthMile": 0.057 }, "geometry": { "type": "LineString", "coordinates": [ [ -122.527039128570721, 45.542408071897803 ], [ -122.525863900413754, 45.54230739942097 ] ] } },
{ "type": "Feature", "properties": { "Facility": "PBL", "SegmentNam": "NE HALSEY ST-HALSEY ST RAMP", "Status": "PLANNED", "LengthMile": 0.084 }, "geometry": { "type": "LineString", "coordinates": [ [ -122.579018211108448, 45.534507424790299 ], [ -122.578822755668938, 45.534533477054985 ], [ -122.578674450103705, 45.534553781100165 ], [ -122.578499373844735, 45.534565758891418 ], [ -122.578276501822742, 45.534565872785826 ], [ -122.577995624684547, 45.534541581810025 ], [ -122.577816117934589, 45.534508605895383 ], [ -122.577682295906698, 45.534467949312642 ], [ -122.577354650678188, 45.534345626377011 ] ] } },
{ "type": "Feature", "properties": { "Facility": "PBL", "SegmentNam": "NE 92ND AVE", "Status": "PLANNED", "LengthMile": 0.029 }, "geometry": { "type": "LineString", "coordinates": [ [ -122.568557513779481, 45.534560096891958 ], [ -122.568553069813774, 45.534973304942227 ] ] } },
{ "type": "Feature", "properties": { "Facility": "PBL", "SegmentNam": "NE 92ND AVE", "Status": "PLANNED", "LengthMile": 0.029 }, "geometry": { "type": "LineString", "coordinates": [ [ -122.568553069813774, 45.534973304942227 ], [ -122.568546304601369, 45.535399279156017 ] ] } },
{ "type": "Feature", "properties": { "Facility": "PBL", "SegmentNam": "NE 92ND AVE", "Status": "PLANNED", "LengthMile": 0.021 }, "geometry": { "type": "LineString", "coordinates": [ [ -122.568546304601369, 45.535399279156017 ], [ -122.568542007061055, 45.535701859825814 ] ] } },
{ "type": "Feature", "properties": { "Facility": "PBL", "SegmentNam": "NE 92ND AVE", "Status": "PLANNED", "LengthMile": 0.054 }, "geometry": { "type": "LineString", "coordinates": [ [ -122.568542007061055, 45.535701859825814 ], [ -122.568534277058035, 45.536139600217602 ], [ -122.568499210422601, 45.536476998473304 ] ] } },
{ "type": "Feature", "properties": { "Facility": "PBL", "SegmentNam": "NE 92ND AVE", "Status": "PLANNED", "LengthMile": 0.045 }, "geometry": { "type": "LineString", "coordinates": [ [ -122.568499210422601, 45.536476998473304 ], [ -122.568499221202416, 45.536974315961437 ], [ -122.568493467492999, 45.537122245047243 ] ] } },
{ "type": "Feature", "properties": { "Facility": "BL", "SegmentNam": "NE 60TH AVE", "Status": "PLANNED", "LengthMile": 0.012 }, "geometry": { "type": "LineString", "coordinates": [ [ -122.602243951556716, 45.528580105708926 ], [ -122.602240474178245, 45.528749534803225 ] ] } },
{ "type": "Feature", "properties": { "Facility": "BL", "SegmentNam": "NE 60TH AVE", "Status": "PLANNED", "LengthMile": 0.01 }, "geometry": { "type": "LineString", "coordinates": [ [ -122.602240474178245, 45.528749534803225 ], [ -122.602224957578343, 45.528894707731176 ] ] } },
{ "type": "Feature", "properties": { "Facility": "BL", "SegmentNam": "NE 60TH AVE", "Status": "PLANNED", "LengthMile": 0.019 }, "geometry": { "type": "LineString", "coordinates": [ [ -122.602224957578343, 45.528894707731176 ], [ -122.602239311758282, 45.529169540572795 ] ] } },
{ "type": "Feature", "properties": { "Facility": "BL", "SegmentNam": "NE 60TH AVE", "Status": "PLANNED", "LengthMile": 0.08 }, "geometry": { "type": "LineString", "coordinates": [ [ -122.602239311758282, 45.529169540572795 ], [ -122.602222099139126, 45.530322121717219 ] ] } },
{ "type": "Feature", "properties": { "Facility": "BBL", "SegmentNam": "NE 60TH AVE", "Status": "PLANNED", "LengthMile": 0.047 }, "geometry": { "type": "LineString", "coordinates": [ [ -122.602222099139126, 45.530322121717219 ], [ -122.602212659642134, 45.531007584524573 ] ] } },
{ "type": "Feature", "properties": { "Facility": "PBL", "SegmentNam": "NE 57TH AVE", "Status": "PLANNED", "LengthMile": 0.092 }, "geometry": { "type": "LineString", "coordinates": [ [ -122.604574178708774, 45.546915924005404 ], [ -122.604563383654011, 45.54816530204068 ], [ -122.604556683120308, 45.548247659173519 ] ] } },
{ "type": "Feature", "properties": { "Facility": "PBL", "SegmentNam": "NE 57TH AVE", "Status": "PLANNED", "LengthMile": 0.049 }, "geometry": { "type": "LineString", "coordinates": [ [ -122.604556683120308, 45.548247659173519 ], [ -122.604548628825484, 45.548331020853347 ], [ -122.604537254357368, 45.54896364962503 ] ] } },
{ "type": "Feature", "properties": { "Facility": "PBL", "SegmentNam": "NE 57TH AVE", "Status": "PLANNED", "LengthMile": 0.031 }, "geometry": { "type": "LineString", "coordinates": [ [ -122.604537254357368, 45.54896364962503 ], [ -122.604528735633522, 45.549410221663017 ] ] } },
{ "type": "Feature", "properties": { "Facility": "PBL", "SegmentNam": "NE 57TH AVE", "Status": "PLANNED", "LengthMile": 0.018 }, "geometry": { "type": "LineString", "coordinates": [ [ -122.604528735633522, 45.549410221663017 ], [ -122.604524680638335, 45.549676578022613 ] ] } },
{ "type": "Feature", "properties": { "Facility": "PBL", "SegmentNam": "NE 57TH AVE", "Status": "PLANNED", "LengthMile": 0.027 }, "geometry": { "type": "LineString", "coordinates": [ [ -122.604524680638335, 45.549676578022613 ], [ -122.604516985669576, 45.55007026858339 ] ] } },
{ "type": "Feature", "properties": { "Facility": "NG", "SegmentNam": "NE 81ST AVE", "Status": "PLANNED", "LengthMile": 0.086 }, "geometry": { "type": "LineString", "coordinates": [ [ -122.580033650535938, 45.534430313741225 ], [ -122.580016534934813, 45.535673924162509 ] ] } },
{ "type": "Feature", "properties": { "Facility": "NG", "SegmentNam": "NE SCHUYLER ST", "Status": "PLANNED", "LengthMile": 0.049 }, "geometry": { "type": "LineString", "coordinates": [ [ -122.581029185093357, 45.535672235286491 ], [ -122.580016534934813, 45.535673924162509 ] ] } },
{ "type": "Feature", "properties": { "Facility": "NG", "SegmentNam": "NE 80TH AVE", "Status": "PLANNED", "LengthMile": 0.11 }, "geometry": { "type": "LineString", "coordinates": [ [ -122.581029185093357, 45.535672235286491 ], [ -122.581002070344809, 45.537174478019949 ], [ -122.58096189229542, 45.537256460508672 ] ] } },
{ "type": "Feature", "properties": { "Facility": "BBL", "SegmentNam": "NE TILLAMOOK ST", "Status": "PLANNED", "LengthMile": 0.074 }, "geometry": { "type": "LineString", "coordinates": [ [ -122.589333149596001, 45.537230879533567 ], [ -122.589204078757646, 45.537243995015153 ], [ -122.588756250622239, 45.537263881537648 ], [ -122.587810318339834, 45.537262467049551 ] ] } },
{ "type": "Feature", "properties": { "Facility": "BBL", "SegmentNam": "NE TILLAMOOK ST", "Status": "PLANNED", "LengthMile": 0.031 }, "geometry": { "type": "LineString", "coordinates": [ [ -122.587810318339834, 45.537262467049551 ], [ -122.587162553968255, 45.537262484667743 ] ] } },
{ "type": "Feature", "properties": { "Facility": "NG", "SegmentNam": "NE 67TH AVE", "Status": "PLANNED", "LengthMile": 0.093 }, "geometry": { "type": "LineString", "coordinates": [ [ -122.594324924136473, 45.546872067916659 ], [ -122.594319933995081, 45.547416470849214 ], [ -122.594311980311531, 45.548220355695861 ] ] } },
{ "type": "Feature", "properties": { "Facility": "NG", "SegmentNam": "NE 67TH AVE", "Status": "PLANNED", "LengthMile": 0.099 }, "geometry": { "type": "LineString", "coordinates": [ [ -122.594311980311531, 45.548220355695861 ], [ -122.594299139792867, 45.54964696084609 ] ] } },
{ "type": "Feature", "properties": { "Facility": "BBL", "SegmentNam": "NE 72ND AVE", "Status": "PLANNED", "LengthMile": 0.098 }, "geometry": { "type": "LineString", "coordinates": [ [ -122.589230641042292, 45.548222749413853 ], [ -122.589236716348566, 45.548349906336313 ], [ -122.589225990464087, 45.549648222784704 ] ] } },
{ "type": "Feature", "properties": { "Facility": "BBL", "SegmentNam": "NE 72ND AVE", "Status": "PLANNED", "LengthMile": 0.09 }, "geometry": { "type": "LineString", "coordinates": [ [ -122.588910609934132, 45.548348000173632 ], [ -122.588905579368543, 45.5484763376244 ], [ -122.588881774911826, 45.549646646305064 ] ] } },
{ "type": "Feature", "properties": { "Facility": "NG", "SegmentNam": "NE 67TH AVE", "Status": "PLANNED", "LengthMile": 0.099 }, "geometry": { "type": "LineString", "coordinates": [ [ -122.594299139792867, 45.54964696084609 ], [ -122.594287689866263, 45.551073539224113 ] ] } },
{ "type": "Feature", "properties": { "Facility": "NG", "SegmentNam": "NE 72ND AVE", "Status": "PLANNED", "LengthMile": 0.098 }, "geometry": { "type": "LineString", "coordinates": [ [ -122.589225990464087, 45.549648222784704 ], [ -122.589212985553715, 45.551073848095555 ] ] } },
{ "type": "Feature", "properties": { "Facility": "NG", "SegmentNam": "NE 72ND AVE", "Status": "PLANNED", "LengthMile": 0.099 }, "geometry": { "type": "LineString", "coordinates": [ [ -122.588881774911826, 45.549646646305064 ], [ -122.588852159253548, 45.551075510088197 ] ] } },
{ "type": "Feature", "properties": { "Facility": "NG", "SegmentNam": "NE 67TH AVE", "Status": "PLANNED", "LengthMile": 0.096 }, "geometry": { "type": "LineString", "coordinates": [ [ -122.594287689866263, 45.551073539224113 ], [ -122.594277723956509, 45.552464847025689 ] ] } },
{ "type": "Feature", "properties": { "Facility": "NG", "SegmentNam": "NE 72ND AVE", "Status": "PLANNED", "LengthMile": 0.096 }, "geometry": { "type": "LineString", "coordinates": [ [ -122.589212985553715, 45.551073848095555 ], [ -122.589200291460429, 45.552470097081212 ] ] } },
{ "type": "Feature", "properties": { "Facility": "NG", "SegmentNam": "NE 72ND AVE", "Status": "PLANNED", "LengthMile": 0.096 }, "geometry": { "type": "LineString", "coordinates": [ [ -122.588852159253548, 45.551075510088197 ], [ -122.588824104867228, 45.552471058899414 ] ] } },
{ "type": "Feature", "properties": { "Facility": "NG", "SegmentNam": "NE MASON ST", "Status": "PLANNED", "LengthMile": 0.049 }, "geometry": { "type": "LineString", "coordinates": [ [ -122.584764111448465, 45.552444897942351 ], [ -122.583749517335633, 45.552439795082329 ] ] } },
{ "type": "Feature", "properties": { "Facility": "NG", "SegmentNam": "NE MASON ST", "Status": "PLANNED", "LengthMile": 0.049 }, "geometry": { "type": "LineString", "coordinates": [ [ -122.585778745087154, 45.552450968281875 ], [ -122.584764111448465, 45.552444897942351 ] ] } },
{ "type": "Feature", "properties": { "Facility": "NG", "SegmentNam": "NE MASON ST", "Status": "PLANNED", "LengthMile": 0.049 }, "geometry": { "type": "LineString", "coordinates": [ [ -122.586793411065159, 45.55245800861686 ], [ -122.585778745087154, 45.552450968281875 ] ] } },
{ "type": "Feature", "properties": { "Facility": "NG", "SegmentNam": "NE MASON ST", "Status": "PLANNED", "LengthMile": 0.049 }, "geometry": { "type": "LineString", "coordinates": [ [ -122.587809436194235, 45.552464036808551 ], [ -122.586793411065159, 45.55245800861686 ] ] } },
{ "type": "Feature", "properties": { "Facility": "NG", "SegmentNam": "NE MASON ST", "Status": "PLANNED", "LengthMile": 0.049 }, "geometry": { "type": "LineString", "coordinates": [ [ -122.595290893341286, 45.552468903143421 ], [ -122.594277723956509, 45.552464847025689 ] ] } },
{ "type": "Feature", "properties": { "Facility": "PBL", "SegmentNam": "NE 57TH AVE", "Status": "PLANNED", "LengthMile": 0.022 }, "geometry": { "type": "LineString", "coordinates": [ [ -122.604516985669576, 45.55007026858339 ], [ -122.604514888103395, 45.550389455229521 ] ] } },
{ "type": "Feature", "properties": { "Facility": "PBL", "SegmentNam": "NE 57TH AVE", "Status": "PLANNED", "LengthMile": 0.025 }, "geometry": { "type": "LineString", "coordinates": [ [ -122.604514888103395, 45.550389455229521 ], [ -122.604509070613631, 45.550758637910988 ] ] } },
{ "type": "Feature", "properties": { "Facility": "PBL", "SegmentNam": "NE 57TH AVE", "Status": "PLANNED", "LengthMile": 0.024 }, "geometry": { "type": "LineString", "coordinates": [ [ -122.604509070613631, 45.550758637910988 ], [ -122.604493994188203, 45.551103515474502 ] ] } },
{ "type": "Feature", "properties": { "Facility": "PBL", "SegmentNam": "NE CULLY BLVD", "Status": "PLANNED", "LengthMile": 0.054 }, "geometry": { "type": "LineString", "coordinates": [ [ -122.604493994188203, 45.551103515474502 ], [ -122.604436134599084, 45.551196597631439 ], [ -122.603963686336655, 45.551795571008832 ] ] } },
{ "type": "Feature", "properties": { "Facility": "PBL", "SegmentNam": "NE CULLY BLVD", "Status": "PLANNED", "LengthMile": 0.056 }, "geometry": { "type": "LineString", "coordinates": [ [ -122.603963686336655, 45.551795571008832 ], [ -122.603366709117935, 45.552493737422409 ] ] } },
{ "type": "Feature", "properties": { "Facility": "NG", "SegmentNam": "NE MASON ST", "Status": "PLANNED", "LengthMile": 0.049 }, "geometry": { "type": "LineString", "coordinates": [ [ -122.598335496739878, 45.552468196719708 ], [ -122.597321081391826, 45.552468107394525 ] ] } },
{ "type": "Feature", "properties": { "Facility": "NG", "SegmentNam": "NE MASON ST", "Status": "PLANNED", "LengthMile": 0.049 }, "geometry": { "type": "LineString", "coordinates": [ [ -122.597321081391826, 45.552468107394525 ], [ -122.596305309587663, 45.55246901196913 ] ] } },
{ "type": "Feature", "properties": { "Facility": "NG", "SegmentNam": "NE MASON ST", "Status": "PLANNED", "LengthMile": 0.048 }, "geometry": { "type": "LineString", "coordinates": [ [ -122.599331846069262, 45.55246958755032 ], [ -122.599221696445753, 45.552467682785412 ], [ -122.598335496739878, 45.552468196719708 ] ] } },
{ "type": "Feature", "properties": { "Facility": "NG", "SegmentNam": "NE MASON ST", "Status": "PLANNED", "LengthMile": 0.049 }, "geometry": { "type": "LineString", "coordinates": [ [ -122.596305309587663, 45.55246901196913 ], [ -122.595290893341286, 45.552468903143421 ] ] } },
{ "type": "Feature", "properties": { "Facility": "NG", "SegmentNam": "NE MASON ST", "Status": "PLANNED", "LengthMile": 0.196 }, "geometry": { "type": "LineString", "coordinates": [ [ -122.603366709117935, 45.552493737422409 ], [ -122.599331846069262, 45.55246958755032 ] ] } },
{ "type": "Feature", "properties": { "Facility": "NG", "SegmentNam": "NE MASON ST", "Status": "PLANNED", "LengthMile": 0.049 }, "geometry": { "type": "LineString", "coordinates": [ [ -122.594277723956509, 45.552464847025689 ], [ -122.593260705290746, 45.552469662407333 ] ] } },
{ "type": "Feature", "properties": { "Facility": "NG", "SegmentNam": "NE MASON ST", "Status": "PLANNED", "LengthMile": 0.049 }, "geometry": { "type": "LineString", "coordinates": [ [ -122.588824104867228, 45.552471058899414 ], [ -122.587809436194235, 45.552464036808551 ] ] } },
{ "type": "Feature", "properties": { "Facility": "NG", "SegmentNam": "NE MASON ST", "Status": "PLANNED", "LengthMile": 0.049 }, "geometry": { "type": "LineString", "coordinates": [ [ -122.592244895757347, 45.552469552952566 ], [ -122.59123048040928, 45.552469409529067 ] ] } },
{ "type": "Feature", "properties": { "Facility": "NG", "SegmentNam": "NE MASON ST", "Status": "PLANNED", "LengthMile": 0.049 }, "geometry": { "type": "LineString", "coordinates": [ [ -122.593260705290746, 45.552469662407333 ], [ -122.592244895757347, 45.552469552952566 ] ] } },
{ "type": "Feature", "properties": { "Facility": "NG", "SegmentNam": "NE MASON ST", "Status": "PLANNED", "LengthMile": 0.049 }, "geometry": { "type": "LineString", "coordinates": [ [ -122.59123048040928, 45.552469409529067 ], [ -122.590214708605131, 45.552470260005329 ] ] } },
{ "type": "Feature", "properties": { "Facility": "NG", "SegmentNam": "NE MASON ST", "Status": "PLANNED", "LengthMile": 0.049 }, "geometry": { "type": "LineString", "coordinates": [ [ -122.590214708605131, 45.552470260005329 ], [ -122.589200291460429, 45.552470097081212 ] ] } },
{ "type": "Feature", "properties": { "Facility": "NG", "SegmentNam": "NE MASON ST", "Status": "PLANNED", "LengthMile": 0.018 }, "geometry": { "type": "LineString", "coordinates": [ [ -122.589200291460429, 45.552470097081212 ], [ -122.588824104867228, 45.552471058899414 ] ] } },
{ "type": "Feature", "properties": { "Facility": "NG", "SegmentNam": "NE 72ND AVE", "Status": "PLANNED", "LengthMile": 0.096 }, "geometry": { "type": "LineString", "coordinates": [ [ -122.589200291460429, 45.552470097081212 ], [ -122.589189026586766, 45.553867300222549 ] ] } },
{ "type": "Feature", "properties": { "Facility": "NG", "SegmentNam": "NE 72ND AVE", "Status": "PLANNED", "LengthMile": 0.097 }, "geometry": { "type": "LineString", "coordinates": [ [ -122.588824104867228, 45.552471058899414 ], [ -122.588796189719758, 45.553870521509907 ] ] } },
{ "type": "Feature", "properties": { "Facility": "NG", "SegmentNam": "NE 72ND AVE", "Status": "PLANNED", "LengthMile": 0.109 }, "geometry": { "type": "LineString", "coordinates": [ [ -122.589189026586766, 45.553867300222549 ], [ -122.589174433454971, 45.555363438422084 ], [ -122.589174674203477, 45.555445667381562 ] ] } },
{ "type": "Feature", "properties": { "Facility": "NG", "SegmentNam": "NE MASON ST", "Status": "PLANNED", "LengthMile": 0.054 }, "geometry": { "type": "LineString", "coordinates": [ [ -122.604481529165341, 45.552495852289191 ], [ -122.604119193695482, 45.552494653319513 ], [ -122.603366709117935, 45.552493737422409 ] ] } },
{ "type": "Feature", "properties": { "Facility": "NG", "SegmentNam": "NE MASON ST", "Status": "PLANNED", "LengthMile": 0.043 }, "geometry": { "type": "LineString", "coordinates": [ [ -122.605377657950044, 45.552500003391273 ], [ -122.604481529165341, 45.552495852289191 ] ] } },
{ "type": "Feature", "properties": { "Facility": "NG", "SegmentNam": "NE MASON ST", "Status": "PLANNED", "LengthMile": 0.104 }, "geometry": { "type": "LineString", "coordinates": [ [ -122.607525286350921, 45.55250960395378 ], [ -122.605377657950044, 45.552500003391273 ] ] } },
{ "type": "Feature", "properties": { "Facility": "NG", "SegmentNam": "NE MASON ST", "Status": "PLANNED", "LengthMile": 0.102 }, "geometry": { "type": "LineString", "coordinates": [ [ -122.609627620796886, 45.552537616174114 ], [ -122.609571194020617, 45.552519073043214 ], [ -122.607525286350921, 45.55250960395378 ] ] } },
{ "type": "Feature", "properties": { "Facility": "NG", "SegmentNam": "NE 52ND AVE", "Status": "PLANNED", "LengthMile": 0.019 }, "geometry": { "type": "LineString", "coordinates": [ [ -122.609627620796886, 45.552537616174114 ], [ -122.60962580709834, 45.552601284147933 ], [ -122.609625510654283, 45.552743241459467 ], [ -122.609658727658527, 45.552812139723507 ] ] } },
{ "type": "Feature", "properties": { "Facility": "NG", "SegmentNam": "NE MASON CT-MASON ST ALY", "Status": "PLANNED", "LengthMile": 0.126 }, "geometry": { "type": "LineString", "coordinates": [ [ -122.612255150782119, 45.552824183449431 ], [ -122.609658727658527, 45.552812139723507 ] ] } },
{ "type": "Feature", "properties": { "Facility": "NG", "SegmentNam": "NE MASON ST", "Status": "PLANNED", "LengthMile": 0.131 }, "geometry": { "type": "LineString", "coordinates": [ [ -122.614947656810159, 45.55283440168018 ], [ -122.614441929559703, 45.552836851815862 ], [ -122.612255150782119, 45.552824183449431 ] ] } },
{ "type": "Feature", "properties": { "Facility": "NG", "SegmentNam": "NE 66TH AVE", "Status": "PLANNED", "LengthMile": 0.097 }, "geometry": { "type": "LineString", "coordinates": [ [ -122.595290893341286, 45.552468903143421 ], [ -122.595278420233555, 45.553867109625003 ] ] } },
{ "type": "Feature", "properties": { "Facility": "PBL", "SegmentNam": "NE CULLY BLVD", "Status": "PLANNED", "LengthMile": 0.111 }, "geometry": { "type": "LineString", "coordinates": [ [ -122.603366709117935, 45.552493737422409 ], [ -122.602198951350871, 45.553883708594057 ] ] } },
{ "type": "Feature", "properties": { "Facility": "NG", "SegmentNam": "NE 66TH AVE", "Status": "PLANNED", "LengthMile": 0.11 }, "geometry": { "type": "LineString", "coordinates": [ [ -122.595278420233555, 45.553867109625003 ], [ -122.595264599652907, 45.55545526052169 ] ] } },
{ "type": "Feature", "properties": { "Facility": "NG", "SegmentNam": "NE 72ND AVE", "Status": "PLANNED", "LengthMile": 0.109 }, "geometry": { "type": "LineString", "coordinates": [ [ -122.588796189719758, 45.553870521509907 ], [ -122.588764804380375, 45.55536500593513 ], [ -122.588767793075291, 45.55544620707829 ] ] } },
{ "type": "Feature", "properties": { "Facility": "TRL", "SegmentNam": "NE 72ND AVE", "Status": "PLANNED", "LengthMile": 0.094 }, "geometry": { "type": "LineString", "coordinates": [ [ -122.589007422270612, 45.555444790531581 ], [ -122.588987819234475, 45.556804941962206 ] ] } },
{ "type": "Feature", "properties": { "Facility": "TRL", "SegmentNam": "NE 72ND AVE", "Status": "PLANNED", "LengthMile": 0.075 }, "geometry": { "type": "LineString", "coordinates": [ [ -122.588987819234475, 45.556804941962206 ], [ -122.588973448884886, 45.557890885113004 ] ] } },
{ "type": "Feature", "properties": { "Facility": "TRL", "SegmentNam": "NE 72ND AVE", "Status": "PLANNED", "LengthMile": 0.019 }, "geometry": { "type": "LineString", "coordinates": [ [ -122.588973448884886, 45.557890885113004 ], [ -122.58896960858705, 45.558165066131927 ] ] } },
{ "type": "Feature", "properties": { "Facility": "TRL", "SegmentNam": "NE 72ND AVE", "Status": "PLANNED", "LengthMile": 0.069 }, "geometry": { "type": "LineString", "coordinates": [ [ -122.58896960858705, 45.558165066131927 ], [ -122.588954745062352, 45.55916193081886 ] ] } },
{ "type": "Feature", "properties": { "Facility": "TRL", "SegmentNam": "NE 72ND AVE", "Status": "PLANNED", "LengthMile": 0.056 }, "geometry": { "type": "LineString", "coordinates": [ [ -122.588954745062352, 45.55916193081886 ], [ -122.58894411978919, 45.559895375709978 ], [ -122.588921608906475, 45.559965291678971 ] ] } },
{ "type": "Feature", "properties": { "Facility": "TRL", "SegmentNam": "NE 72ND AVE", "Status": "PLANNED", "LengthMile": 0.035 }, "geometry": { "type": "LineString", "coordinates": [ [ -122.588921608906475, 45.559965291678971 ], [ -122.588903276088146, 45.560035132085069 ], [ -122.588897093882366, 45.560472844663849 ] ] } },
{ "type": "Feature", "properties": { "Facility": "TRL", "SegmentNam": "NE 72ND AVE", "Status": "PLANNED", "LengthMile": 0.034 }, "geometry": { "type": "LineString", "coordinates": [ [ -122.588897093882366, 45.560472844663849 ], [ -122.588891425512927, 45.560962434502493 ] ] } },
{ "type": "Feature", "properties": { "Facility": "TRL", "SegmentNam": "NE 72ND AVE", "Status": "PLANNED", "LengthMile": 0.024 }, "geometry": { "type": "LineString", "coordinates": [ [ -122.588891425512927, 45.560962434502493 ], [ -122.588886358116412, 45.561316913917793 ] ] } },
{ "type": "Feature", "properties": { "Facility": "TRL", "SegmentNam": "NE 72ND AVE", "Status": "PLANNED", "LengthMile": 0.093 }, "geometry": { "type": "LineString", "coordinates": [ [ -122.588886358116412, 45.561316913917793 ], [ -122.588869379059233, 45.562521358135442 ], [ -122.58887903235528, 45.562669986673143 ] ] } },
{ "type": "Feature", "properties": { "Facility": "PBL", "SegmentNam": "NE CULLY BLVD", "Status": "PLANNED", "LengthMile": 0.127 }, "geometry": { "type": "LineString", "coordinates": [ [ -122.602198951350871, 45.553883708594057 ], [ -122.600866588986108, 45.555458763517599 ] ] } },
{ "type": "Feature", "properties": { "Facility": "NG", "SegmentNam": "NE 66TH AVE", "Status": "PLANNED", "LengthMile": 0.094 }, "geometry": { "type": "LineString", "coordinates": [ [ -122.595264599652907, 45.55545526052169 ], [ -122.595257212806317, 45.556387380604185 ], [ -122.595259071420642, 45.556815158840102 ] ] } },
{ "type": "Feature", "properties": { "Facility": "NG", "SegmentNam": "NE 66TH AVE", "Status": "PLANNED", "LengthMile": 0.095 }, "geometry": { "type": "LineString", "coordinates": [ [ -122.595259071420642, 45.556815158840102 ], [ -122.595252475989838, 45.558183887298888 ] ] } },
{ "type": "Feature", "properties": { "Facility": "NG", "SegmentNam": "NE 66TH AVE", "Status": "PLANNED", "LengthMile": 0.063 }, "geometry": { "type": "LineString", "coordinates": [ [ -122.595252475989838, 45.558183887298888 ], [ -122.595247042080658, 45.559093454206071 ] ] } },
{ "type": "Feature", "properties": { "Facility": "PBL", "SegmentNam": "NE KILLINGSWORTH ST", "Status": "PLANNED", "LengthMile": 0.161 }, "geometry": { "type": "LineString", "coordinates": [ [ -122.599284464429601, 45.562752646453212 ], [ -122.595962750528784, 45.562736880927801 ] ] } },
{ "type": "Feature", "properties": { "Facility": "PBL", "SegmentNam": "NE KILLINGSWORTH ST", "Status": "PLANNED", "LengthMile": 0.064 }, "geometry": { "type": "LineString", "coordinates": [ [ -122.605717569673772, 45.562749561525067 ], [ -122.604393746694086, 45.562754216904843 ] ] } },
{ "type": "Feature", "properties": { "Facility": "PBL", "SegmentNam": "NE KILLINGSWORTH ST", "Status": "PLANNED", "LengthMile": 0.018 }, "geometry": { "type": "LineString", "coordinates": [ [ -122.60609404462619, 45.562754414390518 ], [ -122.605717569673772, 45.562749561525067 ] ] } },
{ "type": "Feature", "properties": { "Facility": "PBL", "SegmentNam": "NE KILLINGSWORTH ST", "Status": "PLANNED", "LengthMile": 0.075 }, "geometry": { "type": "LineString", "coordinates": [ [ -122.600839844343469, 45.562753609353265 ], [ -122.599284464429601, 45.562752646453212 ] ] } },
{ "type": "Feature", "properties": { "Facility": "PBL", "SegmentNam": "NE KILLINGSWORTH ST", "Status": "PLANNED", "LengthMile": 0.057 }, "geometry": { "type": "LineString", "coordinates": [ [ -122.602005004182729, 45.562754832632535 ], [ -122.600839844343469, 45.562753609353265 ] ] } },
{ "type": "Feature", "properties": { "Facility": "PBL", "SegmentNam": "NE KILLINGSWORTH ST", "Status": "PLANNED", "LengthMile": 0.067 }, "geometry": { "type": "LineString", "coordinates": [ [ -122.607482186980235, 45.562755413139854 ], [ -122.60609404462619, 45.562754414390518 ] ] } },
{ "type": "Feature", "properties": { "Facility": "NG", "SegmentNam": "NE SKIDMORE ST", "Status": "PLANNED", "LengthMile": 0.048 }, "geometry": { "type": "LineString", "coordinates": [ [ -122.621420688575455, 45.553704896401264 ], [ -122.620562430068176, 45.553708001955158 ], [ -122.620435233115501, 45.553734823441424 ] ] } },
{ "type": "Feature", "properties": { "Facility": "NG", "SegmentNam": "NE SKIDMORE ST", "Status": "PLANNED", "LengthMile": 0.267 }, "geometry": { "type": "LineString", "coordinates": [ [ -122.620435233115501, 45.553734823441424 ], [ -122.614935322941307, 45.553737250892588 ] ] } },
{ "type": "Feature", "properties": { "Facility": "PBL", "SegmentNam": "NE 42ND AVE", "Status": "PLANNED", "LengthMile": 0.044 }, "geometry": { "type": "LineString", "coordinates": [ [ -122.62038780835671, 45.568613294584686 ], [ -122.620301598835525, 45.568991791786182 ], [ -122.620268381831266, 45.569072680185769 ], [ -122.620232342320392, 45.569152642152616 ], [ -122.620190694627183, 45.569231727999721 ] ] } },
{ "type": "Feature", "properties": { "Facility": "PBL", "SegmentNam": "NE 42ND AVE", "Status": "PLANNED", "LengthMile": 0.088 }, "geometry": { "type": "LineString", "coordinates": [ [ -122.620190694627183, 45.569231727999721 ], [ -122.620144796106061, 45.569308934695862 ], [ -122.620094681791301, 45.569385240127914 ], [ -122.620033423875427, 45.569461750464704 ], [ -122.619961022358495, 45.569538467592061 ], [ -122.619737035527237, 45.569773635993855 ], [ -122.619084706815684, 45.570221302886289 ] ] } },
{ "type": "Feature", "properties": { "Facility": "PBL", "SegmentNam": "NE 42ND AVE", "Status": "PLANNED", "LengthMile": 0.023 }, "geometry": { "type": "LineString", "coordinates": [ [ -122.619084706815684, 45.570221302886289 ], [ -122.618697819490777, 45.570424226695991 ] ] } },
{ "type": "Feature", "properties": { "Facility": "PBL", "SegmentNam": "NE 42ND AVE", "Status": "PLANNED", "LengthMile": 0.143 }, "geometry": { "type": "LineString", "coordinates": [ [ -122.618697819490777, 45.570424226695991 ], [ -122.618317466511286, 45.570540879413628 ], [ -122.617937115328431, 45.570620328666301 ], [ -122.617522275126845, 45.57067202114812 ], [ -122.617202378765953, 45.570690638780981 ], [ -122.616589673843279, 45.570706810824369 ], [ -122.616232130885464, 45.57072513917651 ], [ -122.615816564845133, 45.570720058099596 ] ] } },
{ "type": "Feature", "properties": { "Facility": "BBL", "SegmentNam": "SW 16TH AVE", "Status": "PLANNED", "LengthMile": 0.049 }, "geometry": { "type": "LineString", "coordinates": [ [ -122.687802120500265, 45.522301425218131 ], [ -122.688163601672287, 45.521634684683995 ] ] } },
{ "type": "Feature", "properties": { "Facility": "NG", "SegmentNam": "NW FLANDERS ST", "Status": "PLANNED", "LengthMile": 0.046 }, "geometry": { "type": "LineString", "coordinates": [ [ -122.671547297673598, 45.52600595378334 ], [ -122.672485596971015, 45.525994093115656 ] ] } },
{ "type": "Feature", "properties": { "Facility": "NG", "SegmentNam": "NW 1ST AVE", "Status": "PLANNED", "LengthMile": 0.047 }, "geometry": { "type": "LineString", "coordinates": [ [ -122.671547297673598, 45.52600595378334 ], [ -122.671570535293384, 45.526613480194946 ], [ -122.671621418566005, 45.526669301351092 ] ] } },
{ "type": "Feature", "properties": { "Facility": "NG", "SegmentNam": "N OVERLOOK BLVD", "Status": "PLANNED", "LengthMile": 0.056 }, "geometry": { "type": "LineString", "coordinates": [ [ -122.679854788962047, 45.549605279110203 ], [ -122.681006057253768, 45.549613792483655 ] ] } },
{ "type": "Feature", "properties": { "Facility": "BBL", "SegmentNam": "N VANCOUVER AVE", "Status": "PLANNED", "LengthMile": 0.05 }, "geometry": { "type": "LineString", "coordinates": [ [ -122.668289966029192, 45.559095116590541 ], [ -122.668359410292211, 45.559818264886914 ] ] } },
{ "type": "Feature", "properties": { "Facility": "BBL", "SegmentNam": "N VANCOUVER AVE", "Status": "PLANNED", "LengthMile": 0.049 }, "geometry": { "type": "LineString", "coordinates": [ [ -122.668359410292211, 45.559818264886914 ], [ -122.668431005122045, 45.560524730769515 ] ] } },
{ "type": "Feature", "properties": { "Facility": "BBL", "SegmentNam": "N VANCOUVER AVE", "Status": "PLANNED", "LengthMile": 0.039 }, "geometry": { "type": "LineString", "coordinates": [ [ -122.668431005122045, 45.560524730769515 ], [ -122.668498499142601, 45.561087360634247 ] ] } },
{ "type": "Feature", "properties": { "Facility": "BBL", "SegmentNam": "N VANCOUVER AVE", "Status": "PLANNED", "LengthMile": 0.039 }, "geometry": { "type": "LineString", "coordinates": [ [ -122.668498499142601, 45.561087360634247 ], [ -122.668579920643339, 45.561649728254174 ] ] } },
{ "type": "Feature", "properties": { "Facility": "BBL", "SegmentNam": "N VANCOUVER AVE", "Status": "PLANNED", "LengthMile": 0.073 }, "geometry": { "type": "LineString", "coordinates": [ [ -122.668579920643339, 45.561649728254174 ], [ -122.668738215474491, 45.562618887461866 ], [ -122.668742972952259, 45.562706907109011 ] ] } },
{ "type": "Feature", "properties": { "Facility": "NG", "SegmentNam": "N AINSWORTH ST", "Status": "PLANNED", "LengthMile": 0.091 }, "geometry": { "type": "LineString", "coordinates": [ [ -122.682199121460727, 45.566327214011167 ], [ -122.682393471972404, 45.566306883078184 ], [ -122.684074828028457, 45.566318037169268 ] ] } },
{ "type": "Feature", "properties": { "Facility": "NG", "SegmentNam": "N AINSWORTH ST", "Status": "PLANNED", "LengthMile": 0.035 }, "geometry": { "type": "LineString", "coordinates": [ [ -122.684074828028457, 45.566318037169268 ], [ -122.684786051188354, 45.566328022770605 ] ] } },
{ "type": "Feature", "properties": { "Facility": "NG", "SegmentNam": "N AINSWORTH ST", "Status": "PLANNED", "LengthMile": 0.08 }, "geometry": { "type": "LineString", "coordinates": [ [ -122.684786051188354, 45.566328022770605 ], [ -122.686432740359251, 45.566343716851968 ] ] } },
{ "type": "Feature", "properties": { "Facility": "NG", "SegmentNam": "N AINSWORTH ST", "Status": "PLANNED", "LengthMile": 0.052 }, "geometry": { "type": "LineString", "coordinates": [ [ -122.686432740359251, 45.566343716851968 ], [ -122.686711598982995, 45.566346246268317 ], [ -122.687506390617159, 45.566354627553345 ] ] } },
{ "type": "Feature", "properties": { "Facility": "NG", "SegmentNam": "N AINSWORTH ST", "Status": "PLANNED", "LengthMile": 0.011 }, "geometry": { "type": "LineString", "coordinates": [ [ -122.690192058669268, 45.566349519038589 ], [ -122.690426311447609, 45.566351910097751 ] ] } },
{ "type": "Feature", "properties": { "Facility": "NG", "SegmentNam": "N AINSWORTH ST", "Status": "PLANNED", "LengthMile": 0.044 }, "geometry": { "type": "LineString", "coordinates": [ [ -122.689276584664896, 45.566356183439694 ], [ -122.690192058669268, 45.566349519038589 ] ] } },
{ "type": "Feature", "properties": { "Facility": "NG", "SegmentNam": "N AINSWORTH ST", "Status": "PLANNED", "LengthMile": 0.049 }, "geometry": { "type": "LineString", "coordinates": [ [ -122.690426311447609, 45.566351910097751 ], [ -122.691441352023105, 45.566360962412922 ] ] } },
{ "type": "Feature", "properties": { "Facility": "NG", "SegmentNam": "N AINSWORTH ST", "Status": "PLANNED", "LengthMile": 0.055 }, "geometry": { "type": "LineString", "coordinates": [ [ -122.687506390617159, 45.566354627553345 ], [ -122.688635753490686, 45.566364465986759 ] ] } },
{ "type": "Feature", "properties": { "Facility": "BBL", "SegmentNam": "N AINSWORTH ST", "Status": "PLANNED", "LengthMile": 0.05 }, "geometry": { "type": "LineString", "coordinates": [ [ -122.68118415454704, 45.566392482620707 ], [ -122.681308001682012, 45.566350973672954 ], [ -122.682004771847303, 45.566347544936782 ], [ -122.682199121460727, 45.566327214011167 ] ] } },
{ "type": "Feature", "properties": { "Facility": "NG", "SegmentNam": "N AINSWORTH ST", "Status": "PLANNED", "LengthMile": 0.031 }, "geometry": { "type": "LineString", "coordinates": [ [ -122.688635753490686, 45.566364465986759 ], [ -122.689276584664896, 45.566356183439694 ] ] } },
{ "type": "Feature", "properties": { "Facility": "NG", "SegmentNam": "N AINSWORTH ST", "Status": "PLANNED", "LengthMile": 0.053 }, "geometry": { "type": "LineString", "coordinates": [ [ -122.691441352023105, 45.566360962412922 ], [ -122.692532922772585, 45.566366589136052 ] ] } },
{ "type": "Feature", "properties": { "Facility": "NG", "SegmentNam": "N AINSWORTH ST", "Status": "PLANNED", "LengthMile": 0.05 }, "geometry": { "type": "LineString", "coordinates": [ [ -122.692532922772585, 45.566366589136052 ], [ -122.693565843415527, 45.566369406585231 ] ] } },
{ "type": "Feature", "properties": { "Facility": "NG", "SegmentNam": "N AINSWORTH ST", "Status": "PLANNED", "LengthMile": 0.049 }, "geometry": { "type": "LineString", "coordinates": [ [ -122.693565843415527, 45.566369406585231 ], [ -122.694580733074091, 45.566374518242654 ] ] } },
{ "type": "Feature", "properties": { "Facility": "NG", "SegmentNam": "N AINSWORTH ST", "Status": "PLANNED", "LengthMile": 0.049 }, "geometry": { "type": "LineString", "coordinates": [ [ -122.694580733074091, 45.566374518242654 ], [ -122.695595624529233, 45.566379619837313 ] ] } },
{ "type": "Feature", "properties": { "Facility": "NG", "SegmentNam": "N AINSWORTH ST", "Status": "PLANNED", "LengthMile": 0.049 }, "geometry": { "type": "LineString", "coordinates": [ [ -122.695595624529233, 45.566379619837313 ], [ -122.696611909271411, 45.566384686842333 ] ] } },
{ "type": "Feature", "properties": { "Facility": "NG", "SegmentNam": "N AINSWORTH ST", "Status": "PLANNED", "LengthMile": 0.049 }, "geometry": { "type": "LineString", "coordinates": [ [ -122.696611909271411, 45.566384686842333 ], [ -122.697626801624892, 45.566389770198093 ] ] } },
{ "type": "Feature", "properties": { "Facility": "NG", "SegmentNam": "N AINSWORTH ST", "Status": "PLANNED", "LengthMile": 0.034 }, "geometry": { "type": "LineString", "coordinates": [ [ -122.698634538897153, 45.566390087161032 ], [ -122.69934546291806, 45.566392157482206 ] ] } },
{ "type": "Feature", "properties": { "Facility": "BBL", "SegmentNam": "N AINSWORTH ST", "Status": "PLANNED", "LengthMile": 0.011 }, "geometry": { "type": "LineString", "coordinates": [ [ -122.67851380636381, 45.566397089902615 ], [ -122.678736389128261, 45.566386020099102 ] ] } },
{ "type": "Feature", "properties": { "Facility": "NG", "SegmentNam": "N AINSWORTH ST", "Status": "PLANNED", "LengthMile": 0.039 }, "geometry": { "type": "LineString", "coordinates": [ [ -122.697626801624892, 45.566389770198093 ], [ -122.698427014591786, 45.566394054857263 ] ] } },
{ "type": "Feature", "properties": { "Facility": "NG", "SegmentNam": "N AINSWORTH ST", "Status": "PLANNED", "LengthMile": 0.01 }, "geometry": { "type": "LineString", "coordinates": [ [ -122.698427014591786, 45.566394054857263 ], [ -122.698634538897153, 45.566390087161032 ] ] } },
{ "type": "Feature", "properties": { "Facility": "BBL", "SegmentNam": "N AINSWORTH ST", "Status": "PLANNED", "LengthMile": 0.02 }, "geometry": { "type": "LineString", "coordinates": [ [ -122.678736389128261, 45.566386020099102 ], [ -122.679155089390633, 45.566400603536501 ] ] } },
{ "type": "Feature", "properties": { "Facility": "BBL", "SegmentNam": "N AINSWORTH ST", "Status": "PLANNED", "LengthMile": 0.049 }, "geometry": { "type": "LineString", "coordinates": [ [ -122.680169603553367, 45.566396058515473 ], [ -122.68118415454704, 45.566392482620707 ] ] } },
{ "type": "Feature", "properties": { "Facility": "BBL", "SegmentNam": "N AINSWORTH ST", "Status": "PLANNED", "LengthMile": 0.049 }, "geometry": { "type": "LineString", "coordinates": [ [ -122.679155089390633, 45.566400603536501 ], [ -122.680169603553367, 45.566396058515473 ] ] } },
{ "type": "Feature", "properties": { "Facility": "BBL", "SegmentNam": "N AINSWORTH ST", "Status": "PLANNED", "LengthMile": 0.019 }, "geometry": { "type": "LineString", "coordinates": [ [ -122.678126043181493, 45.566425972507687 ], [ -122.67851380636381, 45.566397089902615 ] ] } },
{ "type": "Feature", "properties": { "Facility": "BBL", "SegmentNam": "N AINSWORTH ST", "Status": "PLANNED", "LengthMile": 0.057 }, "geometry": { "type": "LineString", "coordinates": [ [ -122.676949063309749, 45.566410079718672 ], [ -122.678126043181493, 45.566425972507687 ] ] } },
{ "type": "Feature", "properties": { "Facility": "PBL", "SegmentNam": "N WILLAMETTE BLVD", "Status": "PLANNED", "LengthMile": 0.088 }, "geometry": { "type": "LineString", "coordinates": [ [ -122.700034978289082, 45.569939613691147 ], [ -122.700108009525067, 45.57006157116642 ], [ -122.700563382610596, 45.570840958049786 ], [ -122.700715070332834, 45.571121966719645 ] ] } },
{ "type": "Feature", "properties": { "Facility": "PBL", "SegmentNam": "N WILLAMETTE BLVD", "Status": "PLANNED", "LengthMile": 0.101 }, "geometry": { "type": "LineString", "coordinates": [ [ -122.700715070332834, 45.571121966719645 ], [ -122.700845982717496, 45.571298619389367 ], [ -122.701812825983069, 45.572361914379108 ] ] } },
{ "type": "Feature", "properties": { "Facility": "PBL", "SegmentNam": "N WILLAMETTE BLVD", "Status": "PLANNED", "LengthMile": 0.074 }, "geometry": { "type": "LineString", "coordinates": [ [ -122.701812825983069, 45.572361914379108 ], [ -122.70199102837924, 45.572535702620073 ], [ -122.702323771547, 45.572812263950929 ], [ -122.70280863991654, 45.57316521036492 ] ] } },
{ "type": "Feature", "properties": { "Facility": "PBL", "SegmentNam": "N WILLAMETTE BLVD", "Status": "PLANNED", "LengthMile": 0.045 }, "geometry": { "type": "LineString", "coordinates": [ [ -122.70280863991654, 45.57316521036492 ], [ -122.703506966862207, 45.573594343603055 ] ] } },
{ "type": "Feature", "properties": { "Facility": "PBL", "SegmentNam": "N WILLAMETTE BLVD", "Status": "PLANNED", "LengthMile": 0.019 }, "geometry": { "type": "LineString", "coordinates": [ [ -122.703506966862207, 45.573594343603055 ], [ -122.703820220181569, 45.573763582347816 ] ] } },
{ "type": "Feature", "properties": { "Facility": "PBL", "SegmentNam": "N WILLAMETTE BLVD", "Status": "PLANNED", "LengthMile": 0.056 }, "geometry": { "type": "LineString", "coordinates": [ [ -122.703820220181569, 45.573763582347816 ], [ -122.704029544710778, 45.573877052635083 ], [ -122.704843435426199, 45.574122846706416 ] ] } },
{ "type": "Feature", "properties": { "Facility": "PBL", "SegmentNam": "N WILLAMETTE BLVD", "Status": "PLANNED", "LengthMile": 0.057 }, "geometry": { "type": "LineString", "coordinates": [ [ -122.720457948101497, 45.573879222661176 ], [ -122.721420504606513, 45.573398541272148 ] ] } },
{ "type": "Feature", "properties": { "Facility": "PBL", "SegmentNam": "N WILLAMETTE BLVD", "Status": "PLANNED", "LengthMile": 0.057 }, "geometry": { "type": "LineString", "coordinates": [ [ -122.720457948101497, 45.573879222661176 ], [ -122.721420504606513, 45.573398541272148 ] ] } },
{ "type": "Feature", "properties": { "Facility": "PBL", "SegmentNam": "N WILLAMETTE BLVD", "Status": "PLANNED", "LengthMile": 0.063 }, "geometry": { "type": "LineString", "coordinates": [ [ -122.721955928363627, 45.573508616696266 ], [ -122.723108582755827, 45.57393081342039 ] ] } },
{ "type": "Feature", "properties": { "Facility": "PBL", "SegmentNam": "N WILLAMETTE BLVD", "Status": "PLANNED", "LengthMile": 0.063 }, "geometry": { "type": "LineString", "coordinates": [ [ -122.721955928363627, 45.573508616696266 ], [ -122.723108582755827, 45.57393081342039 ] ] } },
{ "type": "Feature", "properties": { "Facility": "PBL", "SegmentNam": "N WILLAMETTE BLVD", "Status": "PLANNED", "LengthMile": 0.057 }, "geometry": { "type": "LineString", "coordinates": [ [ -122.723108582755827, 45.57393081342039 ], [ -122.724144525331354, 45.574326863746776 ] ] } },
{ "type": "Feature", "properties": { "Facility": "PBL", "SegmentNam": "N WILLAMETTE BLVD", "Status": "PLANNED", "LengthMile": 0.057 }, "geometry": { "type": "LineString", "coordinates": [ [ -122.723108582755827, 45.57393081342039 ], [ -122.724144525331354, 45.574326863746776 ] ] } },
{ "type": "Feature", "properties": { "Facility": "PBL", "SegmentNam": "N WILLAMETTE BLVD", "Status": "PLANNED", "LengthMile": 0.102 }, "geometry": { "type": "LineString", "coordinates": [ [ -122.718601165443516, 45.574557287272079 ], [ -122.718725422210227, 45.574526499171689 ], [ -122.720263556267255, 45.573970107758029 ], [ -122.720457948101497, 45.573879222661176 ] ] } },
{ "type": "Feature", "properties": { "Facility": "PBL", "SegmentNam": "N WILLAMETTE BLVD", "Status": "PLANNED", "LengthMile": 0.102 }, "geometry": { "type": "LineString", "coordinates": [ [ -122.718601165443516, 45.574557287272079 ], [ -122.718725422210227, 45.574526499171689 ], [ -122.720263556267255, 45.573970107758029 ], [ -122.720457948101497, 45.573879222661176 ] ] } },
{ "type": "Feature", "properties": { "Facility": "PBL", "SegmentNam": "N WILLAMETTE BLVD", "Status": "PLANNED", "LengthMile": 0.041 }, "geometry": { "type": "LineString", "coordinates": [ [ -122.724144525331354, 45.574326863746776 ], [ -122.724897718679642, 45.574586419088774 ] ] } },
{ "type": "Feature", "properties": { "Facility": "PBL", "SegmentNam": "N WILLAMETTE BLVD", "Status": "PLANNED", "LengthMile": 0.041 }, "geometry": { "type": "LineString", "coordinates": [ [ -122.724144525331354, 45.574326863746776 ], [ -122.724897718679642, 45.574586419088774 ] ] } },
{ "type": "Feature", "properties": { "Facility": "PBL", "SegmentNam": "N WILLAMETTE BLVD", "Status": "PLANNED", "LengthMile": 0.136 }, "geometry": { "type": "LineString", "coordinates": [ [ -122.715877812166909, 45.575035659229428 ], [ -122.718548691254483, 45.574570047574298 ], [ -122.718601165443516, 45.574557287272079 ] ] } },
{ "type": "Feature", "properties": { "Facility": "PBL", "SegmentNam": "N WILLAMETTE BLVD", "Status": "PLANNED", "LengthMile": 0.136 }, "geometry": { "type": "LineString", "coordinates": [ [ -122.715877812166909, 45.575035659229428 ], [ -122.718548691254483, 45.574570047574298 ], [ -122.718601165443516, 45.574557287272079 ] ] } },
{ "type": "Feature", "properties": { "Facility": "PBL", "SegmentNam": "N WILLAMETTE BLVD", "Status": "PLANNED", "LengthMile": 0.073 }, "geometry": { "type": "LineString", "coordinates": [ [ -122.724897718679642, 45.574586419088774 ], [ -122.726224441421067, 45.575073748646915 ] ] } },
{ "type": "Feature", "properties": { "Facility": "PBL", "SegmentNam": "N WILLAMETTE BLVD", "Status": "PLANNED", "LengthMile": 0.073 }, "geometry": { "type": "LineString", "coordinates": [ [ -122.724897718679642, 45.574586419088774 ], [ -122.726224441421067, 45.575073748646915 ] ] } },
{ "type": "Feature", "properties": { "Facility": "PBL", "SegmentNam": "N WILLAMETTE BLVD", "Status": "PLANNED", "LengthMile": 0.053 }, "geometry": { "type": "LineString", "coordinates": [ [ -122.70795940278758, 45.574955922573672 ], [ -122.709034451722403, 45.57510562615262 ] ] } },
{ "type": "Feature", "properties": { "Facility": "PBL", "SegmentNam": "N WILLAMETTE BLVD", "Status": "PLANNED", "LengthMile": 0.048 }, "geometry": { "type": "LineString", "coordinates": [ [ -122.709034451722403, 45.57510562615262 ], [ -122.71001556921783, 45.575169992928579 ] ] } },
{ "type": "Feature", "properties": { "Facility": "PBL", "SegmentNam": "N WILLAMETTE BLVD", "Status": "PLANNED", "LengthMile": 0.117 }, "geometry": { "type": "LineString", "coordinates": [ [ -122.713509968960651, 45.575301531942017 ], [ -122.714275447668754, 45.57530539777283 ], [ -122.715877812166909, 45.575035659229428 ] ] } },
{ "type": "Feature", "properties": { "Facility": "PBL", "SegmentNam": "N WILLAMETTE BLVD", "Status": "PLANNED", "LengthMile": 0.117 }, "geometry": { "type": "LineString", "coordinates": [ [ -122.713509968960651, 45.575301531942017 ], [ -122.714275447668754, 45.57530539777283 ], [ -122.715877812166909, 45.575035659229428 ] ] } },
{ "type": "Feature", "properties": { "Facility": "PBL", "SegmentNam": "N WILLAMETTE BLVD", "Status": "PLANNED", "LengthMile": 0.052 }, "geometry": { "type": "LineString", "coordinates": [ [ -122.71001556921783, 45.575169992928579 ], [ -122.711086927873438, 45.575224785587586 ] ] } },
{ "type": "Feature", "properties": { "Facility": "PBL", "SegmentNam": "N WILLAMETTE BLVD", "Status": "PLANNED", "LengthMile": 0.068 }, "geometry": { "type": "LineString", "coordinates": [ [ -122.711086927873438, 45.575224785587586 ], [ -122.712183439356991, 45.575281042028166 ], [ -122.712484708252177, 45.575285036763397 ] ] } },
{ "type": "Feature", "properties": { "Facility": "PBL", "SegmentNam": "N WILLAMETTE BLVD", "Status": "PLANNED", "LengthMile": 0.05 }, "geometry": { "type": "LineString", "coordinates": [ [ -122.712484708252177, 45.575285036763397 ], [ -122.712918767909244, 45.57529822385203 ], [ -122.713509968960651, 45.575301531942017 ] ] } },
{ "type": "Feature", "properties": { "Facility": "PBL", "SegmentNam": "N WILLAMETTE BLVD", "Status": "PLANNED", "LengthMile": 0.072 }, "geometry": { "type": "LineString", "coordinates": [ [ -122.726224441421067, 45.575073748646915 ], [ -122.72752359486644, 45.575568450334337 ] ] } },
{ "type": "Feature", "properties": { "Facility": "PBL", "SegmentNam": "N WILLAMETTE BLVD", "Status": "PLANNED", "LengthMile": 0.072 }, "geometry": { "type": "LineString", "coordinates": [ [ -122.726224441421067, 45.575073748646915 ], [ -122.72752359486644, 45.575568450334337 ] ] } },
{ "type": "Feature", "properties": { "Facility": "PBL", "SegmentNam": "N WILLAMETTE BLVD", "Status": "PLANNED", "LengthMile": 0.045 }, "geometry": { "type": "LineString", "coordinates": [ [ -122.72752359486644, 45.575568450334337 ], [ -122.728355009916399, 45.575866608197302 ] ] } },
{ "type": "Feature", "properties": { "Facility": "PBL", "SegmentNam": "N WILLAMETTE BLVD", "Status": "PLANNED", "LengthMile": 0.045 }, "geometry": { "type": "LineString", "coordinates": [ [ -122.72752359486644, 45.575568450334337 ], [ -122.728355009916399, 45.575866608197302 ] ] } },
{ "type": "Feature", "properties": { "Facility": "PBL", "SegmentNam": "N WILLAMETTE BLVD", "Status": "PLANNED", "LengthMile": 0.028 }, "geometry": { "type": "LineString", "coordinates": [ [ -122.728355009916399, 45.575866608197302 ], [ -122.72888337201708, 45.57604434066068 ] ] } },
{ "type": "Feature", "properties": { "Facility": "PBL", "SegmentNam": "N WILLAMETTE BLVD", "Status": "PLANNED", "LengthMile": 0.028 }, "geometry": { "type": "LineString", "coordinates": [ [ -122.728355009916399, 45.575866608197302 ], [ -122.72888337201708, 45.57604434066068 ] ] } },
{ "type": "Feature", "properties": { "Facility": "PBL", "SegmentNam": "N WILLAMETTE BLVD", "Status": "PLANNED", "LengthMile": 0.03 }, "geometry": { "type": "LineString", "coordinates": [ [ -122.72888337201708, 45.57604434066068 ], [ -122.729422410594879, 45.576245359593464 ] ] } },
{ "type": "Feature", "properties": { "Facility": "PBL", "SegmentNam": "N WILLAMETTE BLVD", "Status": "PLANNED", "LengthMile": 0.03 }, "geometry": { "type": "LineString", "coordinates": [ [ -122.72888337201708, 45.57604434066068 ], [ -122.729422410594879, 45.576245359593464 ] ] } },
{ "type": "Feature", "properties": { "Facility": "PBL", "SegmentNam": "N WILLAMETTE BLVD", "Status": "PLANNED", "LengthMile": 0.052 }, "geometry": { "type": "LineString", "coordinates": [ [ -122.729422410594879, 45.576245359593464 ], [ -122.730375953404348, 45.576599876503295 ] ] } },
{ "type": "Feature", "properties": { "Facility": "PBL", "SegmentNam": "N WILLAMETTE BLVD", "Status": "PLANNED", "LengthMile": 0.052 }, "geometry": { "type": "LineString", "coordinates": [ [ -122.729422410594879, 45.576245359593464 ], [ -122.730375953404348, 45.576599876503295 ] ] } },
{ "type": "Feature", "properties": { "Facility": "PBL", "SegmentNam": "N WILLAMETTE BLVD", "Status": "PLANNED", "LengthMile": 0.075 }, "geometry": { "type": "LineString", "coordinates": [ [ -122.730375953404348, 45.576599876503295 ], [ -122.731743399472549, 45.577092228219193 ] ] } },
{ "type": "Feature", "properties": { "Facility": "PBL", "SegmentNam": "N WILLAMETTE BLVD", "Status": "PLANNED", "LengthMile": 0.075 }, "geometry": { "type": "LineString", "coordinates": [ [ -122.730375953404348, 45.576599876503295 ], [ -122.731743399472549, 45.577092228219193 ] ] } },
{ "type": "Feature", "properties": { "Facility": "PBL", "SegmentNam": "N WILLAMETTE BLVD", "Status": "PLANNED", "LengthMile": 0.073 }, "geometry": { "type": "LineString", "coordinates": [ [ -122.731743399472549, 45.577092228219193 ], [ -122.733077281786791, 45.577581299729871 ] ] } },
{ "type": "Feature", "properties": { "Facility": "PBL", "SegmentNam": "N WILLAMETTE BLVD", "Status": "PLANNED", "LengthMile": 0.073 }, "geometry": { "type": "LineString", "coordinates": [ [ -122.731743399472549, 45.577092228219193 ], [ -122.733077281786791, 45.577581299729871 ] ] } },
{ "type": "Feature", "properties": { "Facility": "PBL", "SegmentNam": "N WILLAMETTE BLVD", "Status": "PLANNED", "LengthMile": 0.084 }, "geometry": { "type": "LineString", "coordinates": [ [ -122.733077281786791, 45.577581299729871 ], [ -122.733450005374607, 45.577735599517951 ], [ -122.734268067866168, 45.578436350379874 ] ] } },
{ "type": "Feature", "properties": { "Facility": "PBL", "SegmentNam": "N WILLAMETTE BLVD", "Status": "PLANNED", "LengthMile": 0.084 }, "geometry": { "type": "LineString", "coordinates": [ [ -122.733077281786791, 45.577581299729871 ], [ -122.733450005374607, 45.577735599517951 ], [ -122.734268067866168, 45.578436350379874 ] ] } },
{ "type": "Feature", "properties": { "Facility": "PBL", "SegmentNam": "N WILLAMETTE BLVD", "Status": "PLANNED", "LengthMile": 0.088 }, "geometry": { "type": "LineString", "coordinates": [ [ -122.734268067866168, 45.578436350379874 ], [ -122.735444282373336, 45.579416007419809 ] ] } },
{ "type": "Feature", "properties": { "Facility": "PBL", "SegmentNam": "N WILLAMETTE BLVD", "Status": "PLANNED", "LengthMile": 0.088 }, "geometry": { "type": "LineString", "coordinates": [ [ -122.734268067866168, 45.578436350379874 ], [ -122.735444282373336, 45.579416007419809 ] ] } },
{ "type": "Feature", "properties": { "Facility": "PBL", "SegmentNam": "N WILLAMETTE BLVD", "Status": "PLANNED", "LengthMile": 0.053 }, "geometry": { "type": "LineString", "coordinates": [ [ -122.735444282373336, 45.579416007419809 ], [ -122.736437236070927, 45.579742296925133 ] ] } },
{ "type": "Feature", "properties": { "Facility": "PBL", "SegmentNam": "N WILLAMETTE BLVD", "Status": "PLANNED", "LengthMile": 0.053 }, "geometry": { "type": "LineString", "coordinates": [ [ -122.735444282373336, 45.579416007419809 ], [ -122.736437236070927, 45.579742296925133 ] ] } },
{ "type": "Feature", "properties": { "Facility": "PBL", "SegmentNam": "N WILLAMETTE BLVD", "Status": "PLANNED", "LengthMile": 0.053 }, "geometry": { "type": "LineString", "coordinates": [ [ -122.736437236070927, 45.579742296925133 ], [ -122.737159098877044, 45.579981823798342 ], [ -122.73729186268956, 45.580025255425561 ], [ -122.737418940166251, 45.580065859568585 ] ] } },
{ "type": "Feature", "properties": { "Facility": "PBL", "SegmentNam": "N WILLAMETTE BLVD", "Status": "PLANNED", "LengthMile": 0.053 }, "geometry": { "type": "LineString", "coordinates": [ [ -122.736437236070927, 45.579742296925133 ], [ -122.737159098877044, 45.579981823798342 ], [ -122.73729186268956, 45.580025255425561 ], [ -122.737418940166251, 45.580065859568585 ] ] } },
{ "type": "Feature", "properties": { "Facility": "PBL", "SegmentNam": "N WILLAMETTE BLVD", "Status": "PLANNED", "LengthMile": 0.182 }, "geometry": { "type": "LineString", "coordinates": [ [ -122.737418940166251, 45.580065859568585 ], [ -122.737688648550531, 45.580152640923117 ], [ -122.739014480163192, 45.580752430438174 ], [ -122.740101311401276, 45.581830704289189 ] ] } },
{ "type": "Feature", "properties": { "Facility": "PBL", "SegmentNam": "N WILLAMETTE BLVD", "Status": "PLANNED", "LengthMile": 0.182 }, "geometry": { "type": "LineString", "coordinates": [ [ -122.737418940166251, 45.580065859568585 ], [ -122.737688648550531, 45.580152640923117 ], [ -122.739014480163192, 45.580752430438174 ], [ -122.740101311401276, 45.581830704289189 ] ] } },
{ "type": "Feature", "properties": { "Facility": "PBL", "SegmentNam": "N WILLAMETTE BLVD", "Status": "PLANNED", "LengthMile": 0.016 }, "geometry": { "type": "LineString", "coordinates": [ [ -122.740101311401276, 45.581830704289189 ], [ -122.740313020059219, 45.582001823861717 ] ] } },
{ "type": "Feature", "properties": { "Facility": "PBL", "SegmentNam": "N WILLAMETTE BLVD", "Status": "PLANNED", "LengthMile": 0.016 }, "geometry": { "type": "LineString", "coordinates": [ [ -122.740101311401276, 45.581830704289189 ], [ -122.740313020059219, 45.582001823861717 ] ] } },
{ "type": "Feature", "properties": { "Facility": "PBL", "SegmentNam": "N WILLAMETTE BLVD", "Status": "PLANNED", "LengthMile": 0.028 }, "geometry": { "type": "LineString", "coordinates": [ [ -122.740313020059219, 45.582001823861717 ], [ -122.740833619817494, 45.582192381610554 ] ] } },
{ "type": "Feature", "properties": { "Facility": "PBL", "SegmentNam": "N WILLAMETTE BLVD", "Status": "PLANNED", "LengthMile": 0.028 }, "geometry": { "type": "LineString", "coordinates": [ [ -122.740313020059219, 45.582001823861717 ], [ -122.740833619817494, 45.582192381610554 ] ] } },
{ "type": "Feature", "properties": { "Facility": "PBL", "SegmentNam": "N WILLAMETTE BLVD", "Status": "PLANNED", "LengthMile": 0.04 }, "geometry": { "type": "LineString", "coordinates": [ [ -122.740833619817494, 45.582192381610554 ], [ -122.741354031827896, 45.582342800866456 ], [ -122.741618380863187, 45.582364082900256 ] ] } },
{ "type": "Feature", "properties": { "Facility": "PBL", "SegmentNam": "N WILLAMETTE BLVD", "Status": "PLANNED", "LengthMile": 0.054 }, "geometry": { "type": "LineString", "coordinates": [ [ -122.704843435426199, 45.574122846706416 ], [ -122.705861864446945, 45.574430305977998 ] ] } },
{ "type": "Feature", "properties": { "Facility": "PBL", "SegmentNam": "N WILLAMETTE BLVD", "Status": "PLANNED", "LengthMile": 0.052 }, "geometry": { "type": "LineString", "coordinates": [ [ -122.705861864446945, 45.574430305977998 ], [ -122.7068632667998, 45.574694028539625 ] ] } },
{ "type": "Feature", "properties": { "Facility": "PBL", "SegmentNam": "N WILLAMETTE BLVD", "Status": "PLANNED", "LengthMile": 0.056 }, "geometry": { "type": "LineString", "coordinates": [ [ -122.7068632667998, 45.574694028539625 ], [ -122.70795940278758, 45.574955922573672 ] ] } },
{ "type": "Feature", "properties": { "Facility": "BL", "SegmentNam": "N LOMBARD ST", "Status": "PLANNED", "LengthMile": 0.024 }, "geometry": { "type": "LineString", "coordinates": [ [ -122.691936770207349, 45.577127401872296 ], [ -122.692435821178591, 45.577126700788824 ] ] } },
{ "type": "Feature", "properties": { "Facility": "BL", "SegmentNam": "N LOMBARD ST", "Status": "PLANNED", "LengthMile": 0.025 }, "geometry": { "type": "LineString", "coordinates": [ [ -122.691422395773984, 45.577128391563292 ], [ -122.691936770207349, 45.577127401872296 ] ] } },
{ "type": "Feature", "properties": { "Facility": "TRL", "SegmentNam": "N SCHMEER RD", "Status": "PLANNED", "LengthMile": 0.035 }, "geometry": { "type": "LineString", "coordinates": [ [ -122.680845804993595, 45.58953455929354 ], [ -122.681234586865415, 45.589534651702976 ] ] } },
{ "type": "Feature", "properties": { "Facility": "PBL", "SegmentNam": "NE KILLINGSWORTH ST", "Status": "PLANNED", "LengthMile": 0.086 }, "geometry": { "type": "LineString", "coordinates": [ [ -122.595962750528784, 45.562736880927801 ], [ -122.594444687530142, 45.562727340603502 ], [ -122.594189166239175, 45.56271437257756 ] ] } },
{ "type": "Feature", "properties": { "Facility": "TRL", "SegmentNam": "NE COLUMBIA BLVD", "Status": "PLANNED", "LengthMile": 0.101 }, "geometry": { "type": "LineString", "coordinates": [ [ -122.590306970974694, 45.567042559065165 ], [ -122.589754790044296, 45.566922391769808 ], [ -122.589464909091987, 45.566847382906687 ], [ -122.588319059438078, 45.566615622168783 ] ] } },
{ "type": "Feature", "properties": { "Facility": "TRL", "SegmentNam": "NE ALDERWOOD RD", "Status": "PLANNED", "LengthMile": 0.276 }, "geometry": { "type": "LineString", "coordinates": [ [ -122.588319059438078, 45.566615622168783 ], [ -122.58830403691158, 45.567835692361783 ], [ -122.588256666950002, 45.567983189954496 ] ] } },
{ "type": "Feature", "properties": { "Facility": "TRL", "SegmentNam": "NE CORNFOOT RD", "Status": "PLANNED", "LengthMile": 0.082 }, "geometry": { "type": "LineString", "coordinates": [ [ -122.594605008062274, 45.574318387443959 ], [ -122.593622994946514, 45.57441360681073 ], [ -122.592934293449105, 45.574486838001832 ] ] } },
{ "type": "Feature", "properties": { "Facility": "TRL", "SegmentNam": "NE CORNFOOT RD", "Status": "PLANNED", "LengthMile": 0.087 }, "geometry": { "type": "LineString", "coordinates": [ [ -122.591575657158884, 45.57449980582534 ], [ -122.590667952683432, 45.574455612843806 ], [ -122.589790177378276, 45.574391289265364 ] ] } },
{ "type": "Feature", "properties": { "Facility": "TRL", "SegmentNam": "NE CORNFOOT RD", "Status": "PLANNED", "LengthMile": 0.066 }, "geometry": { "type": "LineString", "coordinates": [ [ -122.592934293449105, 45.574486838001832 ], [ -122.592459066697486, 45.574527790734223 ], [ -122.592346195178678, 45.574528864730624 ], [ -122.592236038368654, 45.574527931586211 ], [ -122.592123059052014, 45.574526071585282 ], [ -122.592010042904406, 45.574523232537075 ], [ -122.591898385009557, 45.574519389289371 ], [ -122.591785261064146, 45.57451361561403 ], [ -122.591670743831713, 45.574507865832665 ], [ -122.591575657158884, 45.57449980582534 ] ] } },
{ "type": "Feature", "properties": { "Facility": "PBL", "SegmentNam": "NE KILLINGSWORTH ST", "Status": "PLANNED", "LengthMile": 0.05 }, "geometry": { "type": "LineString", "coordinates": [ [ -122.608516285314494, 45.56275505716247 ], [ -122.607482186980235, 45.562755413139854 ] ] } },
{ "type": "Feature", "properties": { "Facility": "PBL", "SegmentNam": "NE KILLINGSWORTH ST", "Status": "PLANNED", "LengthMile": 0.116 }, "geometry": { "type": "LineString", "coordinates": [ [ -122.604393746694086, 45.562754216904843 ], [ -122.60296543078222, 45.56275978864295 ], [ -122.602005004182729, 45.562754832632535 ] ] } },
{ "type": "Feature", "properties": { "Facility": "TRL", "SegmentNam": "NE CORNFOOT RD", "Status": "PLANNED", "LengthMile": 0.072 }, "geometry": { "type": "LineString", "coordinates": [ [ -122.596075842134866, 45.574248517004989 ], [ -122.595729904512183, 45.574242094373218 ], [ -122.595372005821531, 45.574251551625892 ], [ -122.595185631451216, 45.57426277959614 ], [ -122.59476184313111, 45.574299867220972 ], [ -122.594605008062274, 45.574318387443959 ] ] } },
{ "type": "Feature", "properties": { "Facility": "TRL", "SegmentNam": "NE CORNFOOT RD", "Status": "PLANNED", "LengthMile": 0.085 }, "geometry": { "type": "LineString", "coordinates": [ [ -122.597787337566984, 45.574466950813985 ], [ -122.597495057214573, 45.574403753438226 ], [ -122.597152771243543, 45.574345383332044 ], [ -122.596692009164627, 45.57428721375441 ], [ -122.596200001883517, 45.574251149189671 ], [ -122.596075842134866, 45.574248517004989 ] ] } },
{ "type": "Feature", "properties": { "Facility": "TRL", "SegmentNam": "NE CORNFOOT RD", "Status": "PLANNED", "LengthMile": 0.445 }, "geometry": { "type": "LineString", "coordinates": [ [ -122.606467759055747, 45.576386656683198 ], [ -122.60601326721752, 45.576347989046901 ], [ -122.605821582007252, 45.576328982186141 ], [ -122.605557944437663, 45.576286819100773 ], [ -122.605138452759562, 45.576177020757306 ], [ -122.604149598074585, 45.575900443928127 ], [ -122.603031388683632, 45.575706500796429 ], [ -122.601990498187519, 45.575605115177773 ], [ -122.601148673460031, 45.57549616751551 ], [ -122.600605107373198, 45.575385682240686 ], [ -122.599927698597227, 45.575199321240596 ], [ -122.599289065600487, 45.574968194837631 ], [ -122.598976209336485, 45.574838806797274 ], [ -122.598553612182442, 45.574682050495028 ], [ -122.59813767513792, 45.57455454128835 ], [ -122.597787337566984, 45.574466950813985 ] ] } },
{ "type": "Feature", "properties": { "Facility": "TRL", "SegmentNam": "NE CORNFOOT RD", "Status": "PLANNED", "LengthMile": 0.392 }, "geometry": { "type": "LineString", "coordinates": [ [ -122.61401850775222, 45.577641204440816 ], [ -122.613557736690183, 45.57758408140544 ], [ -122.613205417435751, 45.577481887434004 ], [ -122.612886651155492, 45.577344813417987 ], [ -122.612485248852252, 45.577234709044326 ], [ -122.612106646689227, 45.577137890457735 ], [ -122.611793248741108, 45.577107423189723 ], [ -122.611258350498446, 45.577081022192985 ], [ -122.610944979499777, 45.577088730973472 ], [ -122.610383301580185, 45.577129386913178 ], [ -122.609594941883486, 45.577222166903155 ], [ -122.609108414325604, 45.577259480189312 ], [ -122.608940506622574, 45.577280179391366 ], [ -122.608761428369007, 45.577262905115546 ], [ -122.608524321643031, 45.577222219720127 ], [ -122.608149627151477, 45.57708028275362 ], [ -122.608005061272834, 45.577016363340483 ], [ -122.60786423777563, 45.576940626000876 ], [ -122.60768716995166, 45.576827372544358 ], [ -122.607380025176226, 45.576627415818137 ], [ -122.607225273300557, 45.576551933867826 ], [ -122.607081072137902, 45.576497795178923 ], [ -122.606927481783856, 45.576453616974128 ], [ -122.606809447647109, 45.576428367599092 ], [ -122.606603503478325, 45.57640081309588 ], [ -122.606467759055747, 45.576386656683198 ] ] } },
{ "type": "Feature", "properties": { "Facility": "PBL", "SegmentNam": "N WILLAMETTE BLVD", "Status": "PLANNED", "LengthMile": 0.04 }, "geometry": { "type": "LineString", "coordinates": [ [ -122.740833619817494, 45.582192381610554 ], [ -122.741354031827896, 45.582342800866456 ], [ -122.741618380863187, 45.582364082900256 ] ] } },
{ "type": "Feature", "properties": { "Facility": "PBL", "SegmentNam": "N WILLAMETTE BLVD", "Status": "PLANNED", "LengthMile": 0.045 }, "geometry": { "type": "LineString", "coordinates": [ [ -122.741618380863187, 45.582364082900256 ], [ -122.741994146146553, 45.582346969882316 ], [ -122.742541575887429, 45.582404829327636 ] ] } },
{ "type": "Feature", "properties": { "Facility": "PBL", "SegmentNam": "N WILLAMETTE BLVD", "Status": "PLANNED", "LengthMile": 0.096 }, "geometry": { "type": "LineString", "coordinates": [ [ -122.742541575887429, 45.582404829327636 ], [ -122.743599829021377, 45.582899155846697 ], [ -122.744009149075524, 45.583307252413718 ] ] } },
{ "type": "Feature", "properties": { "Facility": "PBL", "SegmentNam": "N WILLAMETTE BLVD", "Status": "PLANNED", "LengthMile": 0.104 }, "geometry": { "type": "LineString", "coordinates": [ [ -122.744009149075524, 45.583307252413718 ], [ -122.744311201301599, 45.583611707128512 ], [ -122.744396574491248, 45.583655076849873 ], [ -122.744732837258312, 45.583802221062435 ], [ -122.745076529991067, 45.583925723323063 ], [ -122.745664076695903, 45.584115931273715 ], [ -122.745725495410184, 45.584152913056919 ] ] } },
{ "type": "Feature", "properties": { "Facility": "PBL", "SegmentNam": "N WILLAMETTE BLVD", "Status": "PLANNED", "LengthMile": 0.036 }, "geometry": { "type": "LineString", "coordinates": [ [ -122.745725495410184, 45.584152913056919 ], [ -122.745792446848313, 45.584188809058908 ], [ -122.74639698788171, 45.584385535666648 ] ] } },
{ "type": "Feature", "properties": { "Facility": "PBL", "SegmentNam": "N WILLAMETTE BLVD", "Status": "PLANNED", "LengthMile": 0.019 }, "geometry": { "type": "LineString", "coordinates": [ [ -122.74639698788171, 45.584385535666648 ], [ -122.746758567868397, 45.584502808822961 ] ] } },
{ "type": "Feature", "properties": { "Facility": "PBL", "SegmentNam": "N WILLAMETTE BLVD", "Status": "PLANNED", "LengthMile": 0.052 }, "geometry": { "type": "LineString", "coordinates": [ [ -122.746758567868397, 45.584502808822961 ], [ -122.747727485343958, 45.584816745847895 ] ] } },
{ "type": "Feature", "properties": { "Facility": "PBL", "SegmentNam": "N WILLAMETTE BLVD", "Status": "PLANNED", "LengthMile": 0.068 }, "geometry": { "type": "LineString", "coordinates": [ [ -122.747727485343958, 45.584816745847895 ], [ -122.749004325535964, 45.585230387925826 ] ] } },
{ "type": "Feature", "properties": { "Facility": "PBL", "SegmentNam": "N WILLAMETTE BLVD", "Status": "PLANNED", "LengthMile": 0.1 }, "geometry": { "type": "LineString", "coordinates": [ [ -122.749004325535964, 45.585230387925826 ], [ -122.750870197347979, 45.58583515072494 ] ] } },
{ "type": "Feature", "properties": { "Facility": "PBL", "SegmentNam": "N WILLAMETTE BLVD", "Status": "PLANNED", "LengthMile": 0.049 }, "geometry": { "type": "LineString", "coordinates": [ [ -122.750870197347979, 45.58583515072494 ], [ -122.751791130414347, 45.586133349002154 ] ] } },
{ "type": "Feature", "properties": { "Facility": "PBL", "SegmentNam": "N WILLAMETTE BLVD", "Status": "PLANNED", "LengthMile": 0.05 }, "geometry": { "type": "LineString", "coordinates": [ [ -122.751791130414347, 45.586133349002154 ], [ -122.752606143125547, 45.586397391916385 ], [ -122.752741060199725, 45.586424119841816 ] ] } },
{ "type": "Feature", "properties": { "Facility": "TRL", "SegmentNam": "N GREENWAY TRAIL", "Status": "PLANNED", "LengthMile": 0.686 }, "geometry": { "type": "LineString", "coordinates": [ [ -122.758884735445875, 45.608489480356646 ], [ -122.759441485207844, 45.608220840749397 ], [ -122.75980360867527, 45.608213730106755 ], [ -122.760102822225051, 45.608063938852631 ], [ -122.760202447186686, 45.607931454147376 ], [ -122.760351151603871, 45.607714333876594 ], [ -122.760359266984153, 45.607396328862137 ], [ -122.759687873327351, 45.606897456387266 ], [ -122.758731256482946, 45.606563750708133 ], [ -122.758580721299225, 45.606447622169419 ] ] } },
{ "type": "Feature", "properties": { "Facility": "TRL", "SegmentNam": "N LAND FILL RD", "Status": "PLANNED", "LengthMile": 0.138 }, "geometry": { "type": "LineString", "coordinates": [ [ -122.758884735445875, 45.608489480356646 ], [ -122.758112659510317, 45.608859401062709 ], [ -122.757230820226852, 45.609107635453697 ], [ -122.756509133490511, 45.609290339009036 ] ] } },
{ "type": "Feature", "properties": { "Facility": "TRL", "SegmentNam": "N LAND FILL RD", "Status": "PLANNED", "LengthMile": 0.158 }, "geometry": { "type": "LineString", "coordinates": [ [ -122.756509133490511, 45.609290339009036 ], [ -122.755854394599041, 45.609613735731713 ], [ -122.755757265157285, 45.609494549370829 ], [ -122.755112877552833, 45.609815041669769 ], [ -122.754929621234865, 45.610081253024603 ], [ -122.754661030354811, 45.610252793593411 ], [ -122.754415040188974, 45.610359657890584 ] ] } },
{ "type": "Feature", "properties": { "Facility": "TRL", "SegmentNam": null, "Status": "PLANNED", "LengthMile": 0.38 }, "geometry": { "type": "LineString", "coordinates": [ [ -122.747537073046459, 45.609917475902208 ], [ -122.747851297444612, 45.609821270452642 ], [ -122.748105479347515, 45.60986427618294 ], [ -122.748816405165059, 45.61023905355114 ], [ -122.750563106471489, 45.611086257697721 ], [ -122.751203580116254, 45.611251688477545 ], [ -122.751781628035275, 45.610757350876455 ], [ -122.752604518971509, 45.610499731711265 ], [ -122.753328411970145, 45.610485560646545 ], [ -122.754227807029238, 45.610785729940474 ] ] } },
{ "type": "Feature", "properties": { "Facility": "TRL", "SegmentNam": "15 SLOUGH TRAIL 0", "Status": "PLANNED", "LengthMile": 1.484 }, "geometry": { "type": "LineString", "coordinates": [ [ -122.744089885161685, 45.614657771879244 ], [ -122.743923405779967, 45.614582477418715 ], [ -122.743803875948274, 45.614311665227973 ], [ -122.743887276437547, 45.614022210769846 ], [ -122.744243651585492, 45.613404361184102 ], [ -122.74444770030901, 45.613132133239397 ], [ -122.744944807326007, 45.612510557619622 ], [ -122.745255749280119, 45.612049253922166 ], [ -122.745863151447679, 45.611571394676176 ], [ -122.746063742555677, 45.611353076328683 ], [ -122.746868565676621, 45.611034853153782 ], [ -122.747405837268261, 45.610723806994066 ], [ -122.74747574506199, 45.610481604863338 ], [ -122.747453106618508, 45.61008652660189 ], [ -122.747537073046459, 45.609917475902208 ] ] } }
]
}
